element,sp_num,obs_wl_air(nm),unc_obs_wl,ritz_wl_air(nm),unc_ritz_wl,intens,Aki(s^-1),Acc,Ei(cm-1),Ek(cm-1),conf_i,term_i,J_i,conf_k,term_k,J_k,Type,tp_ref,line_ref,
Ar,2,"=""300.0109""","=""0.0003""","=""300.010929""","=""0.000006""","=""3""","=""""",,"=""163299.5616""","=""196621.9658""","=""3s2.3p4.(1D).3d""","=""2F""","=""5/2""","=""3s2.3p4.(3P<0>).4f""","=""2[3]*""","=""7/2""",,"=""""","=""L11520""",
Ar,2,"=""300.04451""","=""0.00005""","=""300.044527""","=""0.000018""","=""17""","=""1.5e+08""",D,"=""159393.3850""","=""192712.058""","=""3s2.3p4.(3P).4p""","=""2D*""","=""3/2""","=""3s2.3p4.(3P).4d""","=""2D""","=""3/2""",,"=""T1240""","=""L11520""",
Ar,3,"=""300.26407""","=""0.00006""","=""300.26399""","=""0.00004""","=""16""","=""""",,"=""211063.760""","=""244358.081""","=""3s2.3p3.(2P*).4s""","=""1P*""","=""1""","=""3s2.3p3.(2P*).4p""","=""1D""","=""2""",,"=""""","=""L11520""",
Ar,2,"=""300.2964""","=""0.0003""","=""300.296447""","=""0.000014""","=""4""","=""""",,"=""172829.6539""","=""206120.3769""","=""3s2.3p4.(1D).3d""","=""2D""","=""3/2""","=""3s2.3p4.(3P<1>).5f""","=""2[2]*""","=""5/2""",,"=""""","=""L11520""",
Ar,2,"=""300.4486""","=""0.0006""","=""300.448994""","=""0.000015""","=""2""","=""""",,"=""172829.6539""","=""206103.4749""","=""3s2.3p4.(1D).3d""","=""2D""","=""3/2""","=""3s2.3p4.(3P<1>).5f""","=""2[2]*""","=""3/2""",,"=""""","=""L14821""",
Ar,3,"=""""","=""""","=""300.522""","=""0.004""","=""""","=""4.3e-02""",D,"=""0.000""","=""33265.7""","=""3s2.3p4""","=""3P""","=""2""","=""3s2.3p4""","=""1S""","=""0""",E2,"=""T761""","=""""",
Ar,8,"=""300.66""","=""0.03""","=""300.66""","=""0.07""","=""""","=""""",,"=""998465.""","=""1031716.""","=""2p6.7p""","=""2P*""","=""1/2""","=""2p6.8s""","=""2S""","=""1/2""",,"=""""","=""L11180""",
Ar,3,"=""301.002""","=""0.003""","=""300.9985""","=""0.0011""","=""10""","=""""",,"=""210212.72""","=""243425.7974""","=""3s2.3p3.(2P*).3d""","=""3D*""","=""3""","=""3s2.3p3.(2P*).4p""","=""3P""","=""2""",,"=""""","=""L7493""",
Ar,2,"=""301.44819""","=""0.00010""","=""301.448204""","=""0.000006""","=""7""","=""""",,"=""159393.3850""","=""192556.9179""","=""3s2.3p4.(3P).4p""","=""2D*""","=""3/2""","=""3s2.3p4.(3P).4d""","=""2D""","=""5/2""",,"=""""","=""L11520""",
Ar,4,"=""301.615""","=""0.005""","=""301.607""","=""0.003""","=""5""","=""""",,"=""256087.8""","=""289233.9""","=""3s2.3p2.(3P).4s""","=""2P""","=""1/2""","=""3s2.3p2.(3P).4p""","=""4P*""","=""3/2""",,"=""""","=""L4489""",
Ar,3,"=""302.39801""","=""0.00017""","=""302.39806""","=""0.00004""","=""5""","=""2.6e+08""",D,"=""207233.003""","=""240292.3714""","=""3s2.3p3.(2P*).4s""","=""3P*""","=""2""","=""3s2.3p3.(2P*).4p""","=""3D""","=""3""",,"=""T1619CA,LS""","=""L11520""",
Ar,2,"=""302.67455""","=""0.00002""","=""302.674550""","=""0.000013""","=""35""","=""""",,"=""172213.8798""","=""205243.0497""","=""3s2.3p4.(1D).4p""","=""2P*""","=""3/2""","=""3s2.3p4.(1D).4d""","=""2S""","=""1/2""",,"=""""","=""L11520""",
Ar,3,"=""302.716""","=""0.003""","=""302.70864""","=""0.00005""","=""5""","=""6.4e+07""",D,"=""207233.003""","=""240258.453""","=""3s2.3p3.(2P*).4s""","=""3P*""","=""2""","=""3s2.3p3.(2P*).4p""","=""3D""","=""2""",,"=""T1619CA,LS""","=""L7493""",
Ar,8,"=""302.81""","=""0.04""","=""302.82""","=""0.08""","=""""","=""""",,"=""832261.""","=""865274.""","=""2p6.5p""","=""2P*""","=""1/2""","=""2p6.5d""","=""2D""","=""3/2""",,"=""""","=""L13101""",
Ar,2,"=""302.8721""","=""0.0006""","=""302.872055""","=""0.000018""","=""3""","=""""",,"=""172213.8798""","=""205221.512""","=""3s2.3p4.(1D).4p""","=""2P*""","=""3/2""","=""3s2.3p4.(3P).5d""","=""2P""","=""3/2""",,"=""""","=""L14821""",
Ar,2,"=""302.89140""","=""0.00002""","=""302.891004""","=""0.000007""","=""47*""","=""""",,"=""163299.5616""","=""196305.1289""","=""3s2.3p4.(1D).3d""","=""2F""","=""5/2""","=""3s2.3p4.(3P<1>).4f""","=""2[3]*""","=""7/2""",,"=""""","=""L11520""",
Ar,2,"=""302.89140""","=""0.00002""","=""302.891399""","=""0.000018""","=""47*""","=""2.3e+08""",D,"=""159706.5337""","=""192712.058""","=""3s2.3p4.(3P).4p""","=""2P*""","=""1/2""","=""3s2.3p4.(3P).4d""","=""2D""","=""3/2""",,"=""T1240""","=""L11520""",
Ar,2,"=""303.35082""","=""0.00001""","=""303.350811""","=""0.000003""","=""78""","=""9.9e+06""",B,"=""139258.3389""","=""172213.8798""","=""3s2.3p4.(3P).4s""","=""2P""","=""1/2""","=""3s2.3p4.(1D).4p""","=""2P*""","=""3/2""",,"=""T926""","=""L11520""",
Ar,2,"=""303.6887""","=""0.0012""","=""303.689238""","=""0.000007""","=""2bl?""","=""""",,"=""157673.4134""","=""190592.2306""","=""3s2.3p4.(3P).4p""","=""4D*""","=""5/2""","=""3s2.3p4.(3P).4d""","=""2P""","=""3/2""",,"=""""","=""L14821""",
Ar,3,"=""303.696""","=""0.003""","=""303.68767""","=""0.00012""","=""3""","=""7.0e+06""",E,"=""207233.003""","=""240151.990""","=""3s2.3p3.(2P*).4s""","=""3P*""","=""2""","=""3s2.3p3.(2P*).4p""","=""3D""","=""1""",,"=""T1619CA,LS""","=""L7493""",
Ar,4,"=""303.791""","=""0.003""","=""303.790""","=""0.003""","=""9""","=""3.6e+07""",E,"=""257343.58""","=""290251.5""","=""3s2.3p2.(3P).4s""","=""2P""","=""3/2""","=""3s2.3p2.(3P).4p""","=""2D*""","=""3/2""",,"=""T1619CA,LS""","=""L11418""",
Ar,2,"=""304.2463""","=""0.0006""","=""304.246739""","=""0.000011""","=""1""","=""""",,"=""172335.5985""","=""205194.0978""","=""3s2.3p4.(1D).3d""","=""2D""","=""5/2""","=""3s2.3p4.(3P<2>).5f""","=""2[1]*""","=""3/2""",,"=""""","=""L14821""",
Ar,2,"=""304.60787""","=""0.00008""","=""304.607913""","=""0.000005""","=""6""","=""""",,"=""163299.5616""","=""196119.1021""","=""3s2.3p4.(1D).3d""","=""2F""","=""5/2""","=""3s2.3p4.(3P<1>).4f""","=""2[4]*""","=""7/2""",,"=""""","=""L11520""",
Ar,2,"=""304.7053""","=""0.0006""","=""304.705269""","=""0.000004""","=""0.5""","=""""",,"=""163506.5368""","=""196315.5916""","=""3s2.3p4.(1D).3d""","=""2F""","=""7/2""","=""3s2.3p4.(3P<1>).4f""","=""2[3]*""","=""5/2""",,"=""""","=""L14821""",
Ar,2,"=""304.8021""","=""0.0006""","=""304.802474""","=""0.000006""","=""2""","=""""",,"=""163506.5368""","=""196305.1289""","=""3s2.3p4.(1D).3d""","=""2F""","=""7/2""","=""3s2.3p4.(3P<1>).4f""","=""2[3]*""","=""7/2""",,"=""""","=""L14821""",
Ar,2,"=""304.8784""","=""0.0006""","=""304.878841""","=""0.000006""","=""2""","=""""",,"=""163299.5616""","=""196089.9385""","=""3s2.3p4.(1D).3d""","=""2F""","=""5/2""","=""3s2.3p4.(3P<1>).4f""","=""2[2]*""","=""5/2""",,"=""""","=""L14821""",
Ar,2,"=""305.0043""","=""0.0006""","=""305.004111""","=""0.000010""","=""1""","=""""",,"=""163299.5616""","=""196076.4715""","=""3s2.3p4.(1D).3d""","=""2F""","=""5/2""","=""3s2.3p4.(3P<1>).4f""","=""2[2]*""","=""3/2""",,"=""""","=""L14821""",
Ar,2,"=""305.3151""","=""0.0006""","=""305.315013""","=""0.000010""","=""5""","=""""",,"=""172335.5985""","=""205079.1331""","=""3s2.3p4.(1D).3d""","=""2D""","=""5/2""","=""3s2.3p4.(3P<2>).5f""","=""2[2]*""","=""5/2""",,"=""""","=""L14821""",
Ar,3,"=""305.47736""","=""0.00045""","=""305.4775""","=""0.0004""","=""3""","=""1.9e+08""",D,"=""207532.33""","=""240258.453""","=""3s2.3p3.(2P*).4s""","=""3P*""","=""1""","=""3s2.3p3.(2P*).4p""","=""3D""","=""2""",,"=""T1619CA,LS""","=""L11520""",
Ar,2,"=""305.5281""","=""0.0006""","=""305.527974""","=""0.000010""","=""0.5""","=""""",,"=""172335.5985""","=""205056.3109""","=""3s2.3p4.(1D).3d""","=""2D""","=""5/2""","=""3s2.3p4.(3P<2>).5f""","=""2[2]*""","=""3/2""",,"=""""","=""L14821""",
Ar,2,"=""306.09059""","=""0.00010""","=""306.090557""","=""0.000009""","=""7""","=""""",,"=""172335.5985""","=""204996.1739""","=""3s2.3p4.(1D).3d""","=""2D""","=""5/2""","=""3s2.3p4.(3P<2>).5f""","=""2[3]*""","=""7/2""",,"=""""","=""L11520""",
Ar,2,"=""306.2643""","=""0.0006""","=""306.264300""","=""0.000009""","=""3""","=""""",,"=""172335.5985""","=""204977.6464""","=""3s2.3p4.(1D).3d""","=""2D""","=""5/2""","=""3s2.3p4.(3P<2>).5f""","=""2[3]*""","=""5/2""",,"=""""","=""L14821""",
Ar,3,"=""306.477""","=""0.003""","=""306.4745""","=""0.0004""","=""10""","=""1.0e+08""",D,"=""207532.33""","=""240151.990""","=""3s2.3p3.(2P*).4s""","=""3P*""","=""1""","=""3s2.3p3.(2P*).4p""","=""3D""","=""1""",,"=""T1619CA,LS""","=""L7493""",
Ar,2,"=""306.5120""","=""0.0012""","=""306.513328""","=""0.000009""","=""3w,bl""","=""""",,"=""172335.5985""","=""204951.1273""","=""3s2.3p4.(1D).3d""","=""2D""","=""5/2""","=""3s2.3p4.(3P<2>).5f""","=""2[4]*""","=""7/2""",,"=""""","=""L14821""",
Ar,2,"=""306.5400""","=""0.0006""","=""306.541182""","=""0.000004""","=""0.5""","=""""",,"=""163506.5368""","=""196119.1021""","=""3s2.3p4.(1D).3d""","=""2F""","=""7/2""","=""3s2.3p4.(3P<1>).4f""","=""2[4]*""","=""7/2""",,"=""""","=""L14821""",
Ar,2,"=""306.6889""","=""0.0006""","=""306.688823""","=""0.000003""","=""6""","=""""",,"=""163506.5368""","=""196103.4029""","=""3s2.3p4.(1D).3d""","=""2F""","=""7/2""","=""3s2.3p4.(3P<1>).4f""","=""2[4]*""","=""9/2""",,"=""""","=""L14821""",
Ar,2,"=""307.166""","=""0.002""","=""307.166501""","=""0.000003""","=""0.5""","=""""",,"=""155043.1619""","=""187589.3383""","=""3s2.3p4.(3P).4p""","=""4P*""","=""5/2""","=""3s2.3p4.(3P).4d""","=""2F""","=""5/2""",,"=""""","=""L14821""",
Ar,8,"=""307.32""","=""0.04""","=""307.33""","=""0.09""","=""""","=""""",,"=""832749.""","=""865278.""","=""2p6.5p""","=""2P*""","=""3/2""","=""2p6.5d""","=""2D""","=""5/2""",,"=""""","=""L13101""",
Ar,4,"=""307.726""","=""""","=""307.7268""","=""0.0024""","=""8bl:""","=""""",,"=""257343.58""","=""289830.5""","=""3s2.3p2.(3P).4s""","=""2P""","=""3/2""","=""3s2.3p2.(3P).4p""","=""4P*""","=""5/2""",,"=""""","=""L11418""",
Ar,3,"=""307.815""","=""0.003""","=""307.81323""","=""0.00018""","=""10""","=""1.4e+08""",D,"=""207674.192""","=""240151.990""","=""3s2.3p3.(2P*).4s""","=""3P*""","=""0""","=""3s2.3p3.(2P*).4p""","=""3D""","=""1""",,"=""T1619CA,LS""","=""L7493""",
Ar,2,"=""308.29777""","=""0.00007""","=""308.297760""","=""0.000014""","=""10""","=""""",,"=""172816.2926""","=""205243.0497""","=""3s2.3p4.(1D).4p""","=""2P*""","=""1/2""","=""3s2.3p4.(1D).4d""","=""2S""","=""1/2""",,"=""""","=""L11520""",
Ar,2,"=""308.3193""","=""0.0006""","=""308.319881""","=""0.000008""","=""1""","=""""",,"=""158167.7999""","=""190592.2306""","=""3s2.3p4.(3P).4p""","=""4D*""","=""3/2""","=""3s2.3p4.(3P).4d""","=""2P""","=""3/2""",,"=""""","=""L14821""",
Ar,3,"=""308.364""","=""0.003""","=""308.3598""","=""0.0012""","=""3""","=""""",,"=""211005.56""","=""243425.7974""","=""3s2.3p3.(2P*).3d""","=""3D*""","=""2""","=""3s2.3p3.(2P*).4p""","=""3P""","=""2""",,"=""""","=""L7493""",
Ar,2,"=""308.50273""","=""0.00003""","=""308.502675""","=""0.000019""","=""19""","=""""",,"=""172816.2926""","=""205221.512""","=""3s2.3p4.(1D).4p""","=""2P*""","=""1/2""","=""3s2.3p4.(3P).5d""","=""2P""","=""3/2""",,"=""""","=""L11520""",
Ar,2,"=""308.82151""","=""0.00016""","=""308.82132""","=""0.00011""","=""8""","=""""",,"=""172213.8798""","=""204585.664""","=""3s2.3p4.(1D).4p""","=""2P*""","=""3/2""","=""3s2.3p4.(3P).5d""","=""2D""","=""5/2""",,"=""""","=""L11520""",
Ar,2,"=""308.8910""","=""0.0006""","=""308.891368""","=""0.000016""","=""3""","=""""",,"=""172829.6539""","=""205194.0978""","=""3s2.3p4.(1D).3d""","=""2D""","=""3/2""","=""3s2.3p4.(3P<2>).5f""","=""2[1]*""","=""3/2""",,"=""""","=""L14821""",
Ar,2,"=""309.34018""","=""0.00001""","=""309.340173""","=""0.000006""","=""68""","=""4.4e+08""",D,"=""160239.4280""","=""192556.9179""","=""3s2.3p4.(3P).4p""","=""2P*""","=""3/2""","=""3s2.3p4.(3P).4d""","=""2D""","=""5/2""",,"=""T1240""","=""L11520""",
Ar,2,"=""309.49654""","=""0.00007""","=""309.496469""","=""0.000019""","=""8""","=""""",,"=""172213.8798""","=""204515.050""","=""3s2.3p4.(1D).4p""","=""2P*""","=""3/2""","=""3s2.3p4.(3P).5d""","=""2P""","=""1/2""",,"=""""","=""L11520""",
Ar,2,"=""309.9925""","=""0.0003""","=""309.992564""","=""0.000016""","=""4""","=""""",,"=""172829.6539""","=""205079.1331""","=""3s2.3p4.(1D).3d""","=""2D""","=""3/2""","=""3s2.3p4.(3P<2>).5f""","=""2[2]*""","=""5/2""",,"=""""","=""L11520""",
Ar,2,"=""310.1004""","=""0.0006""","=""310.100855""","=""0.000004""","=""2""","=""""",,"=""155351.1206""","=""187589.3383""","=""3s2.3p4.(3P).4p""","=""4P*""","=""3/2""","=""3s2.3p4.(3P).4d""","=""2F""","=""5/2""",,"=""""","=""L14821""",
Ar,2,"=""310.25862""","=""0.00013""","=""310.258606""","=""0.000016""","=""5""","=""""",,"=""174409.8916""","=""206631.7185""","=""3s2.3p4.(1D).3d""","=""2P""","=""3/2""","=""3s2.3p4.(3P<0>).5f""","=""2[3]*""","=""5/2""",,"=""""","=""L11520""",
Ar,2,"=""310.2953""","=""0.0006""","=""310.2953""","=""0.0006""","=""1""","=""""",,"=""183675.6614""","=""215893.68""","=""3s2.3p4.(3P).4d""","=""4D""","=""7/2""","=""3s2.3p4.(3P<2>).8f""","=""2[4]*""","=""9/2""",,"=""""","=""L14821""",
Ar,2,"=""310.43601""","=""0.00005""","=""310.435963""","=""0.000019""","=""17""","=""""",,"=""172213.8798""","=""204417.2985""","=""3s2.3p4.(1D).4p""","=""2P*""","=""3/2""","=""3s2.3p4.(3P).5d""","=""2D""","=""3/2""",,"=""""","=""L11520""",
Ar,2,"=""310.8801""","=""0.0006""","=""310.880493""","=""0.000004""","=""2""","=""""",,"=""138243.6444""","=""170401.0170""","=""3s2.3p4.(3P).4s""","=""2P""","=""3/2""","=""3s2.3p4.(1D).4p""","=""2F*""","=""5/2""",,"=""""","=""L14821""",
Ar,3,"=""310.908""","=""0.030""","=""310.918""","=""0.004""","=""""","=""4.02e+00""",C,"=""1112.17""","=""33265.7""","=""3s2.3p4""","=""3P""","=""1""","=""3s2.3p4""","=""1S""","=""0""",M1,"=""T761""","=""L3453""",
Ar,2,"=""310.9711""","=""0.0006""","=""310.971205""","=""0.000015""","=""4""","=""""",,"=""172829.6539""","=""204977.6464""","=""3s2.3p4.(1D).3d""","=""2D""","=""3/2""","=""3s2.3p4.(3P<2>).5f""","=""2[3]*""","=""5/2""",,"=""""","=""L14821""",
Ar,2,"=""310.998""","=""0.002""","=""310.997801""","=""0.000022""","=""0.5""","=""""",,"=""179931.8393""","=""212077.0827""","=""3s2.3p4.(1S).3d""","=""2D""","=""3/2""","=""3s2.3p4.(3P<0>).6f""","=""2[3]*""","=""5/2""",,"=""""","=""L14821""",
Ar,3,"=""311.041""","=""0.003""","=""311.0340""","=""0.0013""","=""7""","=""""",,"=""211005.56""","=""243147.063""","=""3s2.3p3.(2P*).3d""","=""3D*""","=""2""","=""3s2.3p3.(2P*).4p""","=""3P""","=""1""",,"=""""","=""L7493""",
Ar,2,"=""311.4378""","=""0.0006""","=""311.438155""","=""0.000016""","=""3""","=""""",,"=""172829.6539""","=""204929.4477""","=""3s2.3p4.(1D).3d""","=""2D""","=""3/2""","=""3s2.3p4.(3P).6p""","=""2S*""","=""1/2""",,"=""""","=""L14821""",
Ar,7,"=""311.78""","=""0.02""","=""311.79""","=""0.03""","=""""","=""""",,"=""707626.""","=""739690.""","=""3d2""","=""1S""","=""0""","=""3s.5p""","=""3P*""","=""1""",,"=""""","=""L16205""",
Ar,2,"=""312.4268""","=""0.0006""","=""312.427803""","=""0.000007""","=""1""","=""""",,"=""163299.5616""","=""195297.6798""","=""3s2.3p4.(1D).3d""","=""2F""","=""5/2""","=""3s2.3p4.(3P<2>).4f""","=""2[1]*""","=""3/2""",,"=""""","=""L14821""",
Ar,3,"=""312.790""","=""0.003""","=""312.79036""","=""0.00007""","=""7""","=""""",,"=""207233.003""","=""239194.033""","=""3s2.3p3.(2P*).4s""","=""3P*""","=""2""","=""3s2.3p3.(2P*).4p""","=""3S""","=""1""",,"=""""","=""L7493""",
Ar,4,"=""313.479""","=""0.003""","=""313.484""","=""0.003""","=""9""","=""""",,"=""257343.58""","=""289233.9""","=""3s2.3p2.(3P).4s""","=""2P""","=""3/2""","=""3s2.3p2.(3P).4p""","=""4P*""","=""3/2""",,"=""""","=""L11418""",
Ar,2,"=""313.64839""","=""0.00011""","=""313.648425""","=""0.000020""","=""7""","=""""",,"=""173347.9158""","=""205221.512""","=""3s2.3p4.(1D).4p""","=""2D*""","=""3/2""","=""3s2.3p4.(3P).5d""","=""2P""","=""3/2""",,"=""""","=""L11520""",
Ar,2,"=""313.7629""","=""0.0006""","=""313.763261""","=""0.000007""","=""3""","=""""",,"=""158730.2995""","=""190592.2306""","=""3s2.3p4.(3P).4p""","=""2D*""","=""5/2""","=""3s2.3p4.(3P).4d""","=""2P""","=""3/2""",,"=""""","=""L14821""",
Ar,2,"=""313.90174""","=""0.00001""","=""313.901722""","=""0.000004""","=""79""","=""5.2e+07""",C,"=""155043.1619""","=""186891.0393""","=""3s2.3p4.(3P).4p""","=""4P*""","=""5/2""","=""3s2.3p4.(3P).4d""","=""4P""","=""5/2""",,"=""T926""","=""L11520""",
Ar,2,"=""313.92636""","=""0.00009""","=""313.926372""","=""0.000016""","=""8""","=""""",,"=""174409.8916""","=""206255.2684""","=""3s2.3p4.(1D).3d""","=""2P""","=""3/2""","=""3s2.3p4.(3P<1>).5f""","=""2[3]*""","=""5/2""",,"=""""","=""L11520""",
Ar,2,"=""314.0963""","=""0.0006""","=""314.097313""","=""0.000020""","=""2""","=""""",,"=""173393.4658""","=""205221.512""","=""3s2.3p4.(1D).4p""","=""2D*""","=""5/2""","=""3s2.3p4.(3P).5d""","=""2P""","=""3/2""",,"=""""","=""L14821""",
Ar,2,"=""314.3891""","=""0.0006""","=""314.389502""","=""0.000010""","=""3""","=""""",,"=""172335.5985""","=""204134.0653""","=""3s2.3p4.(1D).3d""","=""2D""","=""5/2""","=""3s2.3p4.(1D).5p""","=""2D*""","=""5/2""",,"=""""","=""L14821""",
Ar,2,"=""314.5900""","=""0.0006""","=""314.590397""","=""0.000009""","=""2""","=""""",,"=""172335.5985""","=""204113.7598""","=""3s2.3p4.(1D).3d""","=""2D""","=""5/2""","=""3s2.3p4.(1D).5p""","=""2D*""","=""3/2""",,"=""""","=""L14821""",
Ar,2,"=""314.6422""","=""0.0006""","=""314.642615""","=""0.000004""","=""4""","=""3.e+05""",D,"=""155043.1619""","=""186816.0496""","=""3s2.3p4.(3P).4p""","=""4P*""","=""5/2""","=""3s2.3p4.(3P).4d""","=""2F""","=""7/2""",,"=""T926""","=""L14821""",
Ar,2,"=""314.8206""","=""0.0002""","=""314.820599""","=""0.000004""","=""2""","=""""",,"=""170401.0170""","=""202155.9425""","=""3s2.3p4.(1D).4p""","=""2F*""","=""5/2""","=""3s2.3p4.(3P).5d""","=""2F""","=""5/2""",,"=""""","=""L11520""",
Ar,2,"=""315.0510""","=""0.0006""","=""315.051619""","=""0.000011""","=""4""","=""""",,"=""163299.5616""","=""195031.2028""","=""3s2.3p4.(1D).3d""","=""2F""","=""5/2""","=""3s2.3p4.(3P<2>).4f""","=""2[2]*""","=""5/2""",,"=""""","=""L14821""",
Ar,2,"=""315.2613""","=""0.0006""","=""315.261816""","=""0.000015""","=""3""","=""""",,"=""174409.8916""","=""206120.3769""","=""3s2.3p4.(1D).3d""","=""2P""","=""3/2""","=""3s2.3p4.(3P<1>).5f""","=""2[2]*""","=""5/2""",,"=""""","=""L14821""",
Ar,2,"=""315.37844""","=""0.00004""","=""315.378461""","=""0.000020""","=""13""","=""""",,"=""172816.2926""","=""204515.050""","=""3s2.3p4.(1D).4p""","=""2P*""","=""1/2""","=""3s2.3p4.(3P).5d""","=""2P""","=""1/2""",,"=""""","=""L11520""",
Ar,2,"=""315.3947""","=""0.0006""","=""315.395951""","=""0.000008""","=""0.5""","=""""",,"=""163299.5616""","=""194996.5613""","=""3s2.3p4.(1D).3d""","=""2F""","=""5/2""","=""3s2.3p4.(3P<2>).4f""","=""2[2]*""","=""3/2""",,"=""""","=""L14821""",
Ar,8,"=""315.41""","=""0.04""","=""315.40""","=""0.05""","=""""","=""""",,"=""1031716.""","=""1063412.6""","=""2p6.8s""","=""2S""","=""1/2""","=""2p6.9p""","=""2P*""","=""3/2""",,"=""""","=""L13101""",
Ar,2,"=""315.4289""","=""0.0006""","=""315.429950""","=""0.000017""","=""2""","=""""",,"=""174409.8916""","=""206103.4749""","=""3s2.3p4.(1D).3d""","=""2P""","=""3/2""","=""3s2.3p4.(3P<1>).5f""","=""2[2]*""","=""3/2""",,"=""""","=""L14821""",
Ar,3,"=""315.742""","=""0.003""","=""315.7476""","=""0.0004""","=""5""","=""""",,"=""207532.33""","=""239194.033""","=""3s2.3p3.(2P*).4s""","=""3P*""","=""1""","=""3s2.3p3.(2P*).4p""","=""3S""","=""1""",,"=""""","=""L7493""",
Ar,2,"=""315.8208""","=""0.0006""","=""315.821330""","=""0.000022""","=""0.5""","=""""",,"=""179931.8393""","=""211586.1480""","=""3s2.3p4.(1S).3d""","=""2D""","=""3/2""","=""3s2.3p4.(3P<1>).6f""","=""2[2]*""","=""5/2""",,"=""""","=""L14821""",
Ar,2,"=""316.13729""","=""0.00002""","=""316.137289""","=""0.000020""","=""45""","=""1.8e+08""",D,"=""161089.3846""","=""192712.058""","=""3s2.3p4.(3P).4p""","=""2S*""","=""1/2""","=""3s2.3p4.(3P).4d""","=""2D""","=""3/2""",,"=""T1240""","=""L11520""",
Ar,2,"=""316.14570""","=""0.00004""","=""316.145654""","=""0.000005""","=""15""","=""""",,"=""163506.5368""","=""195128.3735""","=""3s2.3p4.(1D).3d""","=""2F""","=""7/2""","=""3s2.3p4.(3P<2>).4f""","=""2[5]*""","=""9/2""",,"=""""","=""L11520""",
Ar,2,"=""316.3535""","=""0.0006""","=""316.354059""","=""0.000020""","=""2""","=""""",,"=""172816.2926""","=""204417.2985""","=""3s2.3p4.(1D).4p""","=""2P*""","=""1/2""","=""3s2.3p4.(3P).5d""","=""2D""","=""3/2""",,"=""""","=""L14821""",
Ar,2,"=""316.52910""","=""0.00005""","=""316.529107""","=""0.000005""","=""11""","=""""",,"=""163299.5616""","=""194883.0921""","=""3s2.3p4.(1D).3d""","=""2F""","=""5/2""","=""3s2.3p4.(3P<2>).4f""","=""2[3]*""","=""7/2""",,"=""""","=""L11520""",
Ar,2,"=""316.7464""","=""0.0006""","=""316.747134""","=""0.000006""","=""3""","=""""",,"=""163299.5616""","=""194861.3529""","=""3s2.3p4.(1D).3d""","=""2F""","=""5/2""","=""3s2.3p4.(3P<2>).4f""","=""2[3]*""","=""5/2""",,"=""""","=""L14821""",
Ar,2,"=""316.96682""","=""0.00001""","=""316.966803""","=""0.000005""","=""78""","=""4.9e+07""",C,"=""155351.1206""","=""186891.0393""","=""3s2.3p4.(3P).4p""","=""4P*""","=""3/2""","=""3s2.3p4.(3P).4d""","=""4P""","=""5/2""",,"=""T926""","=""L11520""",
Ar,2,"=""317.1403""","=""0.0006""","=""317.140735""","=""0.000007""","=""3""","=""""",,"=""163299.5616""","=""194822.1833""","=""3s2.3p4.(1D).3d""","=""2F""","=""5/2""","=""3s2.3p4.(3P<2>).4f""","=""2[4]*""","=""7/2""",,"=""""","=""L14821""",
Ar,3,"=""317.164""","=""0.003""","=""317.16871""","=""0.00016""","=""2""","=""""",,"=""207674.192""","=""239194.033""","=""3s2.3p3.(2P*).4s""","=""3P*""","=""0""","=""3s2.3p3.(2P*).4p""","=""3S""","=""1""",,"=""""","=""L7493""",
Ar,2,"=""317.2862""","=""0.0004""","=""317.286133""","=""0.000007""","=""3""","=""""",,"=""161048.7411""","=""192556.9179""","=""3s2.3p4.(3P).4p""","=""4S*""","=""3/2""","=""3s2.3p4.(3P).4d""","=""2D""","=""5/2""",,"=""""","=""L11520""",
Ar,2,"=""318.10374""","=""0.00002""","=""318.103714""","=""0.000005""","=""45""","=""3.7e+07""",C,"=""155043.1619""","=""186470.3603""","=""3s2.3p4.(3P).4p""","=""4P*""","=""5/2""","=""3s2.3p4.(3P).4d""","=""4P""","=""3/2""",,"=""T926""","=""L11520""",
Ar,2,"=""318.4268""","=""0.0006""","=""318.426728""","=""0.000009""","=""1h,l""","=""""",,"=""172335.5985""","=""203730.9181""","=""3s2.3p4.(1D).3d""","=""2D""","=""5/2""","=""3s2.3p4.(3P).6p""","=""2P*""","=""3/2""",,"=""""","=""L14821""",
Ar,2,"=""318.5734""","=""0.0006""","=""318.573647""","=""0.000004""","=""3""","=""""",,"=""170401.0170""","=""201781.8583""","=""3s2.3p4.(1D).4p""","=""2F*""","=""5/2""","=""3s2.3p4.(3P).5d""","=""4P""","=""5/2""",,"=""""","=""L14821""",
Ar,2,"=""318.61716""","=""0.00014""","=""318.617165""","=""0.000005""","=""4""","=""""",,"=""163506.5368""","=""194883.0921""","=""3s2.3p4.(1D).3d""","=""2F""","=""7/2""","=""3s2.3p4.(3P<2>).4f""","=""2[3]*""","=""7/2""",,"=""""","=""L11520""",
Ar,3,"=""318.790""","=""0.003""","=""318.7899""","=""0.0016""","=""6""","=""""",,"=""211565.03""","=""242924.58""","=""3s2.3p3.(2P*).3d""","=""3D*""","=""1""","=""3s2.3p3.(2P*).4p""","=""3P""","=""0""",,"=""""","=""L7493""",
Ar,2,"=""318.8369""","=""0.0006""","=""318.838080""","=""0.000005""","=""1""","=""""",,"=""163506.5368""","=""194861.3529""","=""3s2.3p4.(1D).3d""","=""2F""","=""7/2""","=""3s2.3p4.(3P<2>).4f""","=""2[3]*""","=""5/2""",,"=""""","=""L14821""",
Ar,2,"=""319.195""","=""0.002""","=""319.195415""","=""0.000005""","=""0.5h""","=""""",,"=""170401.0170""","=""201720.7331""","=""3s2.3p4.(1D).4p""","=""2F*""","=""5/2""","=""3s2.3p4.(3P).5d""","=""4F""","=""3/2""",,"=""""","=""L14821""",
Ar,2,"=""319.2363""","=""0.0006""","=""319.236897""","=""0.000006""","=""3""","=""""",,"=""163506.5368""","=""194822.1833""","=""3s2.3p4.(1D).3d""","=""2F""","=""7/2""","=""3s2.3p4.(3P<2>).4f""","=""2[4]*""","=""7/2""",,"=""""","=""L14821""",
Ar,2,"=""319.3512""","=""0.0006""","=""319.351475""","=""0.000016""","=""1""","=""""",,"=""172829.6539""","=""204134.0653""","=""3s2.3p4.(1D).3d""","=""2D""","=""3/2""","=""3s2.3p4.(1D).5p""","=""2D*""","=""5/2""",,"=""""","=""L14821""",
Ar,2,"=""319.42303""","=""0.00004""","=""319.423023""","=""0.000004""","=""14""","=""2.4e+07""",D,"=""155043.1619""","=""186340.5616""","=""3s2.3p4.(3P).4p""","=""4P*""","=""5/2""","=""3s2.3p4.(3P).4d""","=""4F""","=""3/2""",,"=""T1240""","=""L11520""",
Ar,2,"=""319.4598""","=""0.0006""","=""319.460488""","=""0.000005""","=""4""","=""""",,"=""163506.5368""","=""194800.2662""","=""3s2.3p4.(1D).3d""","=""2F""","=""7/2""","=""3s2.3p4.(3P<2>).4f""","=""2[4]*""","=""9/2""",,"=""""","=""L14821""",
Ar,2,"=""319.5574""","=""0.0006""","=""319.558763""","=""0.000015""","=""2p?""","=""""",,"=""172829.6539""","=""204113.7598""","=""3s2.3p4.(1D).3d""","=""2D""","=""3/2""","=""3s2.3p4.(1D).5p""","=""2D*""","=""3/2""",,"=""""","=""L14821""",
Ar,2,"=""319.5752""","=""0.0006""","=""319.575525""","=""0.000020""","=""5""","=""""",,"=""174821.0098""","=""206103.4749""","=""3s2.3p4.(1D).3d""","=""2P""","=""1/2""","=""3s2.3p4.(3P<1>).5f""","=""2[2]*""","=""3/2""",,"=""""","=""L14821""",
Ar,2,"=""319.8920""","=""0.0006""","=""319.892651""","=""0.000004""","=""2""","=""""",,"=""170530.4040""","=""201781.8583""","=""3s2.3p4.(1D).4p""","=""2F*""","=""7/2""","=""3s2.3p4.(3P).5d""","=""4P""","=""5/2""",,"=""""","=""L14821""",
Ar,1,"=""320.037""","=""""","=""""","=""""","=""8""","=""""",,"=""""","=""""","=""""","=""""","=""""","=""""","=""""","=""""",,"=""""","=""L2131""",
Ar,2,"=""320.3392""","=""0.0006""","=""320.339272""","=""0.000004""","=""3""","=""""",,"=""170401.0170""","=""201608.9017""","=""3s2.3p4.(1D).4p""","=""2F*""","=""5/2""","=""3s2.3p4.(3P).5d""","=""2F""","=""7/2""",,"=""""","=""L14821""",
Ar,2,"=""320.43206""","=""0.00002""","=""320.432086""","=""0.000007""","=""35""","=""4.e+07""",D,"=""159393.3850""","=""190592.2306""","=""3s2.3p4.(3P).4p""","=""2D*""","=""3/2""","=""3s2.3p4.(3P).4d""","=""2P""","=""3/2""",,"=""T1240""","=""L11520""",
Ar,2,"=""320.5006""","=""0.0002""","=""320.50038""","=""0.00012""","=""6""","=""""",,"=""173393.4658""","=""204585.664""","=""3s2.3p4.(1D).4p""","=""2D*""","=""5/2""","=""3s2.3p4.(3P).5d""","=""2D""","=""5/2""",,"=""""","=""L11520""",
Ar,2,"=""320.7581""","=""0.0002""","=""320.758125""","=""0.000021""","=""5""","=""""",,"=""173347.9158""","=""204515.050""","=""3s2.3p4.(1D).4p""","=""2D*""","=""3/2""","=""3s2.3p4.(3P).5d""","=""2P""","=""1/2""",,"=""""","=""L11520""",
Ar,2,"=""320.7655""","=""0.0006""","=""320.766891""","=""0.000009""","=""2""","=""""",,"=""172335.5985""","=""203501.8810""","=""3s2.3p4.(1D).3d""","=""2D""","=""5/2""","=""3s2.3p4.(3P).6p""","=""2D*""","=""5/2""",,"=""""","=""L14821""",
Ar,2,"=""321.25178""","=""0.00010""","=""321.251810""","=""0.000005""","=""7""","=""5.2e+06""",C,"=""155351.1206""","=""186470.3603""","=""3s2.3p4.(3P).4p""","=""4P*""","=""3/2""","=""3s2.3p4.(3P).4d""","=""4P""","=""3/2""",,"=""T926""","=""L11520""",
Ar,2,"=""321.5688""","=""0.0006""","=""321.569249""","=""0.000016""","=""3""","=""""",,"=""172829.6539""","=""203918.1752""","=""3s2.3p4.(1D).3d""","=""2D""","=""3/2""","=""3s2.3p4.(3P).6p""","=""4S*""","=""3/2""",,"=""""","=""L14821""",
Ar,7,"=""321.66""","=""0.04""","=""321.58""","=""0.11""","=""""","=""""",,"=""741843.""","=""772930.""","=""3s.5p""","=""1P*""","=""1""","=""3s.5d""","=""1D""","=""2""",,"=""""","=""L11308""",
Ar,2,"=""321.67297""","=""0.00011""","=""321.672967""","=""0.000004""","=""6""","=""""",,"=""170530.4040""","=""201608.9017""","=""3s2.3p4.(1D).4p""","=""2F*""","=""7/2""","=""3s2.3p4.(3P).5d""","=""2F""","=""7/2""",,"=""""","=""L11520""",
Ar,2,"=""321.76730""","=""0.00014""","=""321.767341""","=""0.000021""","=""5""","=""""",,"=""173347.9158""","=""204417.2985""","=""3s2.3p4.(1D).4p""","=""2D*""","=""3/2""","=""3s2.3p4.(3P).5d""","=""2D""","=""3/2""",,"=""""","=""L11520""",
Ar,2,"=""322.1625""","=""0.0006""","=""322.162493""","=""0.000004""","=""7""","=""1.8e+06""",C,"=""155043.1619""","=""186074.4375""","=""3s2.3p4.(3P).4p""","=""4P*""","=""5/2""","=""3s2.3p4.(3P).4d""","=""4F""","=""5/2""",,"=""T926""","=""L14821""",
Ar,2,"=""322.23977""","=""0.00010""","=""322.239785""","=""0.000021""","=""8""","=""""",,"=""173393.4658""","=""204417.2985""","=""3s2.3p4.(1D).4p""","=""2D*""","=""5/2""","=""3s2.3p4.(3P).5d""","=""2D""","=""3/2""",,"=""""","=""L11520""",
Ar,3,"=""322.3389""","=""0.0020""","=""322.342""","=""0.004""","=""1""","=""""",,"=""244358.081""","=""275372.1""","=""3s2.3p3.(2P*).4p""","=""1D""","=""2""","=""3s2.3p3.(2P*).4d""","=""1F*""","=""3""",,"=""""","=""L9366""",
Ar,2,"=""322.5973""","=""0.0006""","=""322.597416""","=""0.000004""","=""6""","=""2.1e+06""",C,"=""155351.1206""","=""186340.5616""","=""3s2.3p4.(3P).4p""","=""4P*""","=""3/2""","=""3s2.3p4.(3P).4d""","=""4F""","=""3/2""",,"=""T926""","=""L14821""",
Ar,2,"=""323.0021""","=""0.0006""","=""323.002270""","=""0.000005""","=""4""","=""""",,"=""170401.0170""","=""201351.6169""","=""3s2.3p4.(1D).4p""","=""2F*""","=""5/2""","=""3s2.3p4.(3P).5d""","=""4F""","=""5/2""",,"=""""","=""L14821""",
Ar,2,"=""323.0680""","=""0.0006""","=""323.068288""","=""0.000005""","=""2""","=""""",,"=""170401.0170""","=""201345.2925""","=""3s2.3p4.(1D).4p""","=""2F*""","=""5/2""","=""3s2.3p4.(3P).5d""","=""4P""","=""3/2""",,"=""""","=""L14821""",
Ar,2,"=""323.5175""","=""0.0006""","=""323.517980""","=""0.000016""","=""3""","=""""",,"=""172829.6539""","=""203730.9181""","=""3s2.3p4.(1D).3d""","=""2D""","=""3/2""","=""3s2.3p4.(3P).6p""","=""2P*""","=""3/2""",,"=""""","=""L14821""",
Ar,2,"=""323.68097""","=""0.00008""","=""323.681049""","=""0.000008""","=""10""","=""5.2e+07""",D,"=""159706.5337""","=""190592.2306""","=""3s2.3p4.(3P).4p""","=""2P*""","=""1/2""","=""3s2.3p4.(3P).4d""","=""2P""","=""3/2""",,"=""T1240""","=""L11520""",
Ar,2,"=""324.1708""","=""0.0006""","=""324.1708""","=""0.0006""","=""2""","=""""",,"=""185093.3298""","=""215932.37""","=""3s2.3p4.(3P).4d""","=""4F""","=""9/2""","=""3s2.3p4.(3P<2>).8f""","=""2[5]*""","=""11/2""",,"=""""","=""L14821""",
Ar,2,"=""324.36881""","=""0.00001""","=""324.368806""","=""0.000005""","=""95""","=""1.056e+08""",C,"=""155351.1206""","=""186171.3330""","=""3s2.3p4.(3P).4p""","=""4P*""","=""3/2""","=""3s2.3p4.(3P).4d""","=""4P""","=""1/2""",,"=""T926""","=""L11520""",
Ar,2,"=""324.7481""","=""0.0006""","=""324.748212""","=""0.000018""","=""3""","=""""",,"=""174409.8916""","=""205194.0978""","=""3s2.3p4.(1D).3d""","=""2P""","=""3/2""","=""3s2.3p4.(3P<2>).5f""","=""2[1]*""","=""3/2""",,"=""""","=""L14821""",
Ar,2,"=""324.97996""","=""0.00001""","=""324.979976""","=""0.000005""","=""95""","=""6.3e+07""",C,"=""155708.1075""","=""186470.3603""","=""3s2.3p4.(3P).4p""","=""4P*""","=""1/2""","=""3s2.3p4.(3P).4d""","=""4P""","=""3/2""",,"=""T926""","=""L11520""",
Ar,3,"=""325.17907""","=""0.00012""","=""325.17932""","=""0.00021""","=""7""","=""""",,"=""211063.760""","=""241807.155""","=""3s2.3p3.(2P*).4s""","=""1P*""","=""1""","=""3s2.3p3.(2P*).4p""","=""1P""","=""1""",,"=""""","=""L11520""",
Ar,2,"=""325.3918""","=""0.0006""","=""325.391840""","=""0.000004""","=""3""","=""9.e+05""",C,"=""155351.1206""","=""186074.4375""","=""3s2.3p4.(3P).4p""","=""4P*""","=""3/2""","=""3s2.3p4.(3P).4d""","=""4F""","=""5/2""",,"=""T926""","=""L14821""",
Ar,2,"=""325.8894""","=""0.0006""","=""325.889842""","=""0.000005""","=""2""","=""""",,"=""142717.0965""","=""173393.4658""","=""3s2.3p4.(3P).3d""","=""4F""","=""7/2""","=""3s2.3p4.(1D).4p""","=""2D*""","=""5/2""",,"=""""","=""L14821""",
Ar,2,"=""325.9336""","=""0.0006""","=""325.933854""","=""0.000016""","=""0.5*""","=""""",,"=""172829.6539""","=""203501.8810""","=""3s2.3p4.(1D).3d""","=""2D""","=""3/2""","=""3s2.3p4.(3P).6p""","=""2D*""","=""5/2""",,"=""""","=""L14821""",
Ar,2,"=""325.9336""","=""0.0006""","=""325.934061""","=""0.000010""","=""0.5*""","=""""",,"=""172335.5985""","=""203007.8061""","=""3s2.3p4.(1D).3d""","=""2D""","=""5/2""","=""3s2.3p4.(1D).5p""","=""2P*""","=""3/2""",,"=""""","=""L14821""",
Ar,2,"=""325.96556""","=""0.00015""","=""325.965584""","=""0.000017""","=""5""","=""""",,"=""174409.8916""","=""205079.1331""","=""3s2.3p4.(1D).3d""","=""2P""","=""3/2""","=""3s2.3p4.(3P<2>).5f""","=""2[2]*""","=""5/2""",,"=""""","=""L11520""",
Ar,2,"=""326.2083""","=""0.0006""","=""326.208337""","=""0.000017""","=""2""","=""""",,"=""174409.8916""","=""205056.3109""","=""3s2.3p4.(1D).3d""","=""2P""","=""3/2""","=""3s2.3p4.(3P<2>).5f""","=""2[2]*""","=""3/2""",,"=""""","=""L14821""",
Ar,2,"=""326.35702""","=""0.00004""","=""326.357059""","=""0.000005""","=""21""","=""1.55e+07""",B,"=""155708.1075""","=""186340.5616""","=""3s2.3p4.(3P).4p""","=""4P*""","=""1/2""","=""3s2.3p4.(3P).4d""","=""4F""","=""3/2""",,"=""T926""","=""L11520""",
Ar,3,"=""326.3879""","=""0.0020""","=""326.394301""","=""0.000018""","=""9""","=""""",,"=""196615.2125""","=""227244.1715""","=""3s2.3p3.(2D*).4s""","=""3D*""","=""2""","=""3s2.3p3.(2D*).4p""","=""1F""","=""3""",,"=""""","=""L9366""",
Ar,2,"=""326.8987""","=""0.0006""","=""326.899068""","=""0.000005""","=""5""","=""""",,"=""155043.1619""","=""185624.8282""","=""3s2.3p4.(3P).4p""","=""4P*""","=""5/2""","=""3s2.3p4.(3P).4d""","=""4F""","=""7/2""",,"=""""","=""L14821""",
Ar,2,"=""327.0474""","=""0.0006""","=""327.047846""","=""0.000016""","=""5""","=""""",,"=""174409.8916""","=""204977.6464""","=""3s2.3p4.(1D).3d""","=""2P""","=""3/2""","=""3s2.3p4.(3P<2>).5f""","=""2[3]*""","=""5/2""",,"=""""","=""L14821""",
Ar,2,"=""327.33165""","=""0.00008""","=""327.331709""","=""0.000008""","=""9""","=""3.7e+07""",D,"=""159393.3850""","=""189934.6322""","=""3s2.3p4.(3P).4p""","=""2D*""","=""3/2""","=""3s2.3p4.(3P).4d""","=""2P""","=""1/2""",,"=""T1240""","=""L11520""",
Ar,2,"=""327.56434""","=""0.00012""","=""327.564361""","=""0.000017""","=""6""","=""""",,"=""174409.8916""","=""204929.4477""","=""3s2.3p4.(1D).3d""","=""2P""","=""3/2""","=""3s2.3p4.(3P).6p""","=""2S*""","=""1/2""",,"=""""","=""L11520""",
Ar,2,"=""327.6085""","=""0.0006""","=""327.609198""","=""0.000016""","=""3""","=""""",,"=""172829.6539""","=""203345.0332""","=""3s2.3p4.(1D).3d""","=""2D""","=""3/2""","=""3s2.3p4.(3P).6p""","=""2D*""","=""3/2""",,"=""""","=""L14821""",
Ar,2,"=""327.99418""","=""0.00030""","=""327.994121""","=""0.000005""","=""2""","=""""",,"=""170401.0170""","=""200880.5857""","=""3s2.3p4.(1D).4p""","=""2F*""","=""5/2""","=""3s2.3p4.(3P).5d""","=""4F""","=""7/2""",,"=""""","=""L11520""",
Ar,2,"=""328.17012""","=""0.00002""","=""328.170092""","=""0.000006""","=""43""","=""4.2e+07""",C,"=""155708.1075""","=""186171.3330""","=""3s2.3p4.(3P).4p""","=""4P*""","=""1/2""","=""3s2.3p4.(3P).4d""","=""4P""","=""1/2""",,"=""T926""","=""L11520""",
Ar,3,"=""328.58413""","=""0.00002""","=""328.58413""","=""0.00003""","=""33""","=""2.0e+08""",D,"=""174378.4968""","=""204803.338""","=""3s2.3p3.(4S*).4s""","=""5S*""","=""2""","=""3s2.3p3.(4S*).4p""","=""5P""","=""3""",,"=""T1619CA,LS""","=""L11520""",
Ar,2,"=""329.14405""","=""0.00006""","=""329.144028""","=""0.000022""","=""10""","=""""",,"=""174821.0098""","=""205194.0978""","=""3s2.3p4.(1D).3d""","=""2P""","=""1/2""","=""3s2.3p4.(3P<2>).5f""","=""2[1]*""","=""3/2""",,"=""""","=""L11520""",
Ar,2,"=""329.36402""","=""0.00001""","=""329.364009""","=""0.000008""","=""162""","=""1.7e+08""",D,"=""160239.4280""","=""190592.2306""","=""3s2.3p4.(3P).4p""","=""2P*""","=""3/2""","=""3s2.3p4.(3P).4d""","=""2P""","=""3/2""",,"=""T1240""","=""L11520""",
Ar,2,"=""329.39244""","=""0.00004""","=""329.392452""","=""0.000005""","=""21""","=""""",,"=""170530.4040""","=""200880.5857""","=""3s2.3p4.(1D).4p""","=""2F*""","=""7/2""","=""3s2.3p4.(3P).5d""","=""4F""","=""7/2""",,"=""""","=""L11520""",
Ar,2,"=""329.7020""","=""0.0006""","=""329.702859""","=""0.000018""","=""2""","=""""",,"=""172829.6539""","=""203151.2627""","=""3s2.3p4.(1D).3d""","=""2D""","=""3/2""","=""3s2.3p4.(1D).5p""","=""2F*""","=""5/2""",,"=""""","=""L14821""",
Ar,8,"=""329.77""","=""0.04""","=""329.74""","=""0.06""","=""""","=""""",,"=""1081761.""","=""1112079.""","=""2p6.10p""","=""2P*""","=""1/2""","=""2p6.13s""","=""2S""","=""1/2""",,"=""""","=""L16099""",
Ar,2,"=""329.8418""","=""0.0006""","=""329.8421""","=""0.0004""","=""2""","=""""",,"=""185624.8282""","=""215933.64""","=""3s2.3p4.(3P).4d""","=""4F""","=""7/2""","=""3s2.3p4.(3P<2>).8f""","=""2[5]*""","=""9/2""",,"=""""","=""L14821""",
Ar,3,"=""330.18546""","=""0.00001""","=""330.18546""","=""0.00003""","=""224""","=""2.0e+08""",D,"=""174378.4968""","=""204655.7888""","=""3s2.3p3.(4S*).4s""","=""5S*""","=""2""","=""3s2.3p3.(4S*).4p""","=""5P""","=""2""",,"=""T1619CA,LS""","=""L11520""",
Ar,8,"=""330.27""","=""0.04""","=""330.29""","=""0.05""","=""""","=""""",,"=""1081811.""","=""1112079.""","=""2p6.10p""","=""2P*""","=""3/2""","=""2p6.13s""","=""2S""","=""1/2""",,"=""""","=""L16099""",
Ar,2,"=""330.6445""","=""0.0006""","=""330.644038""","=""0.000021""","=""5""","=""""",,"=""174821.0098""","=""205056.3109""","=""3s2.3p4.(1D).3d""","=""2P""","=""1/2""","=""3s2.3p4.(3P<2>).5f""","=""2[2]*""","=""3/2""",,"=""""","=""L14821""",
Ar,2,"=""330.72283""","=""0.00001""","=""330.722825""","=""0.000008""","=""126""","=""3.4e+08""",D,"=""159706.5337""","=""189934.6322""","=""3s2.3p4.(3P).4p""","=""2P*""","=""1/2""","=""3s2.3p4.(3P).4d""","=""2P""","=""1/2""",,"=""T1240""","=""L11520""",
Ar,2,"=""330.93397""","=""0.00019""","=""330.934039""","=""0.000010""","=""4""","=""""",,"=""172335.5985""","=""202544.4050""","=""3s2.3p4.(1D).3d""","=""2D""","=""5/2""","=""3s2.3p4.(3P).6p""","=""4D*""","=""5/2""",,"=""""","=""L11520""",
Ar,3,"=""331.12423""","=""0.00003""","=""331.12423""","=""0.00004""","=""18""","=""2.0e+08""",D,"=""174378.4968""","=""204569.953""","=""3s2.3p3.(4S*).4s""","=""5S*""","=""2""","=""3s2.3p3.(4S*).4p""","=""5P""","=""1""",,"=""T1619CA,LS""","=""L11520""",
Ar,2,"=""331.270""","=""0.002""","=""331.270206""","=""0.000017""","=""0.5""","=""""",,"=""172829.6539""","=""203007.8061""","=""3s2.3p4.(1D).3d""","=""2D""","=""3/2""","=""3s2.3p4.(1D).5p""","=""2P*""","=""3/2""",,"=""""","=""L14821""",
Ar,2,"=""331.7825""","=""0.0006""","=""331.782317""","=""0.000010""","=""3""","=""""",,"=""172335.5985""","=""202467.1718""","=""3s2.3p4.(1D).3d""","=""2D""","=""5/2""","=""3s2.3p4.(3P).6p""","=""4D*""","=""3/2""",,"=""""","=""L14821""",
Ar,1,"=""331.934""","=""""","=""""","=""""","=""7""","=""""",,"=""""","=""""","=""""","=""""","=""""","=""""","=""""","=""""",,"=""""","=""L3512""",
Ar,2,"=""332.0375""","=""0.0006""","=""332.037268""","=""0.000020""","=""2""","=""""",,"=""174821.0098""","=""204929.4477""","=""3s2.3p4.(1D).3d""","=""2P""","=""1/2""","=""3s2.3p4.(3P).6p""","=""2S*""","=""1/2""",,"=""""","=""L14821""",
Ar,3,"=""332.359""","=""0.003""","=""332.3550""","=""0.0013""","=""9""","=""""",,"=""210212.72""","=""240292.3714""","=""3s2.3p3.(2P*).3d""","=""3D*""","=""3""","=""3s2.3p3.(2P*).4p""","=""3D""","=""3""",,"=""""","=""L7493""",
Ar,2,"=""332.4228""","=""0.0006""","=""332.4228""","=""0.0006""","=""2""","=""""",,"=""183675.6614""","=""213749.18""","=""3s2.3p4.(3P).4d""","=""4D""","=""7/2""","=""3s2.3p4.(3P<2>).7f""","=""2[4]*""","=""9/2""",,"=""""","=""L14821""",
Ar,3,"=""332.734""","=""0.003""","=""332.7302""","=""0.0013""","=""4""","=""""",,"=""210212.72""","=""240258.453""","=""3s2.3p3.(2P*).3d""","=""3D*""","=""3""","=""3s2.3p3.(2P*).4p""","=""3D""","=""2""",,"=""""","=""L7493""",
Ar,3,"=""333.1142""","=""0.0020""","=""333.12109""","=""0.00006""","=""2""","=""""",,"=""214347.599""","=""244358.081""","=""3s2.3p3.(2D*).3d""","=""3P*""","=""1""","=""3s2.3p3.(2P*).4p""","=""1D""","=""2""",,"=""""","=""L9366""",
Ar,3,"=""333.61746""","=""0.00001""","=""333.617463""","=""0.000017""","=""708""","=""2.0e+08""",D,"=""196680.8461""","=""226646.6786""","=""3s2.3p3.(2D*).4s""","=""3D*""","=""3""","=""3s2.3p3.(2D*).4p""","=""3F""","=""4""",,"=""T1619CA,LS""","=""L11520""",
Ar,2,"=""333.7116""","=""0.0006""","=""333.7125""","=""0.0011""","=""2h,l""","=""""",,"=""183797.4473""","=""213754.75""","=""3s2.3p4.(3P).4d""","=""4D""","=""5/2""","=""3s2.3p4.(3P<2>).7f""","=""2[4]*""","=""7/2""",,"=""""","=""L14821""",
Ar,2,"=""333.88225""","=""0.00007""","=""333.882317""","=""0.000004""","=""7""","=""""",,"=""172213.8798""","=""202155.9425""","=""3s2.3p4.(1D).4p""","=""2P*""","=""3/2""","=""3s2.3p4.(3P).5d""","=""2F""","=""5/2""",,"=""""","=""L11520""",
Ar,2,"=""334.1507""","=""0.0006""","=""334.150230""","=""0.000010""","=""3""","=""""",,"=""172335.5985""","=""202253.6552""","=""3s2.3p4.(1D).3d""","=""2D""","=""5/2""","=""3s2.3p4.(3P).6p""","=""4P*""","=""3/2""",,"=""""","=""L14821""",
Ar,2,"=""334.1746""","=""0.0006""","=""334.174042""","=""0.000004""","=""6""","=""""",,"=""157673.4134""","=""187589.3383""","=""3s2.3p4.(3P).4p""","=""4D*""","=""5/2""","=""3s2.3p4.(3P).4d""","=""2F""","=""5/2""",,"=""""","=""L14821""",
Ar,3,"=""334.25373""","=""0.00021""","=""334.25380""","=""0.00012""","=""5""","=""""",,"=""219908.474""","=""249817.261""","=""3s2.3p3.(2D*).3d""","=""1P*""","=""1""","=""3p6""","=""1S""","=""0""",,"=""""","=""L11520""",
Ar,3,"=""334.47567""","=""0.00001""","=""334.475673""","=""0.000016""","=""575""","=""1.8e+08""",D,"=""196615.2125""","=""226504.1601""","=""3s2.3p3.(2D*).4s""","=""3D*""","=""2""","=""3s2.3p3.(2D*).4p""","=""3F""","=""3""",,"=""T1619CA,LS""","=""L11520""",
Ar,8,"=""334.55""","=""0.04""","=""334.59""","=""0.07""","=""""","=""""",,"=""1063335.""","=""1093214.""","=""2p6.9p""","=""2P*""","=""1/2""","=""2p6.11s""","=""2S""","=""1/2""",,"=""""","=""L16099""",
Ar,2,"=""334.7694""","=""0.0006""","=""334.769637""","=""0.000004""","=""1""","=""""",,"=""170530.4040""","=""200393.1067""","=""3s2.3p4.(1D).4p""","=""2F*""","=""7/2""","=""3s2.3p4.(3P).5d""","=""4F""","=""9/2""",,"=""""","=""L14821""",
Ar,2,"=""335.09238""","=""0.00001""","=""335.092386""","=""0.000005""","=""129""","=""1.5e+08""",D,"=""170401.0170""","=""200234.9579""","=""3s2.3p4.(1D).4p""","=""2F*""","=""5/2""","=""3s2.3p4.(1D).4d""","=""2F""","=""5/2""",,"=""T1240""","=""L11520""",
Ar,3,"=""335.211""","=""0.005""","=""335.211793""","=""0.000016""","=""4""","=""2.2e+07""",D,"=""196680.8461""","=""226504.1601""","=""3s2.3p3.(2D*).4s""","=""3D*""","=""3""","=""3s2.3p3.(2D*).4p""","=""3F""","=""3""",,"=""T1619CA,LS""","=""L7492""",
Ar,8,"=""335.48""","=""0.04""","=""335.46""","=""0.05""","=""""","=""""",,"=""1063412.6""","=""1093214.""","=""2p6.9p""","=""2P*""","=""3/2""","=""2p6.11s""","=""2S""","=""1/2""",,"=""""","=""L16099""",
Ar,3,"=""335.85305""","=""0.00001""","=""335.853046""","=""0.000020""","=""417""","=""1.6e+08""",D,"=""196590.6352""","=""226357.0086""","=""3s2.3p3.(2D*).4s""","=""3D*""","=""1""","=""3s2.3p3.(2D*).4p""","=""3F""","=""2""",,"=""T1619CA,LS""","=""L11520""",
Ar,3,"=""336.128""","=""0.005""","=""336.130589""","=""0.000018""","=""7""","=""3.0e+07""",D,"=""196615.2125""","=""226357.0086""","=""3s2.3p3.(2D*).4s""","=""3D*""","=""2""","=""3s2.3p3.(2D*).4p""","=""3F""","=""2""",,"=""T1619CA,LS""","=""L7492""",
Ar,2,"=""336.17447""","=""0.00006""","=""336.174474""","=""0.000004""","=""10""","=""3.9e+06""",D,"=""170401.0170""","=""200138.9307""","=""3s2.3p4.(1D).4p""","=""2F*""","=""5/2""","=""3s2.3p4.(1D).4d""","=""2F""","=""7/2""",,"=""T1240""","=""L11520""",
Ar,2,"=""336.3300""","=""0.0006""","=""336.329875""","=""0.000018""","=""2""","=""""",,"=""174409.8916""","=""204134.0653""","=""3s2.3p4.(1D).3d""","=""2P""","=""3/2""","=""3s2.3p4.(1D).5p""","=""2D*""","=""5/2""",,"=""""","=""L14821""",
Ar,2,"=""336.4362""","=""0.0006""","=""336.436530""","=""0.000017""","=""2""","=""""",,"=""172829.6539""","=""202544.4050""","=""3s2.3p4.(1D).3d""","=""2D""","=""3/2""","=""3s2.3p4.(3P).6p""","=""4D*""","=""5/2""",,"=""""","=""L14821""",
Ar,2,"=""336.55204""","=""0.00006""","=""336.552028""","=""0.000005""","=""13""","=""1.3e+07""",D,"=""170530.4040""","=""200234.9579""","=""3s2.3p4.(1D).4p""","=""2F*""","=""7/2""","=""3s2.3p4.(1D).4d""","=""2F""","=""5/2""",,"=""T1240""","=""L11520""",
Ar,2,"=""336.558""","=""0.002""","=""336.559797""","=""0.000017""","=""1?""","=""""",,"=""174409.8916""","=""204113.7598""","=""3s2.3p4.(1D).3d""","=""2P""","=""3/2""","=""3s2.3p4.(1D).5p""","=""2D*""","=""3/2""",,"=""""","=""L14821""",
Ar,2,"=""336.65800""","=""0.00003""","=""336.657996""","=""0.000008""","=""22""","=""4.1e+07""",D,"=""160239.4280""","=""189934.6322""","=""3s2.3p4.(3P).4p""","=""2P*""","=""3/2""","=""3s2.3p4.(3P).4d""","=""2P""","=""1/2""",,"=""T1240""","=""L11520""",
Ar,3,"=""""","=""""","=""336.874020""","=""0.000018""","=""""","=""8.5e+05""",E,"=""196680.8461""","=""226357.0086""","=""3s2.3p3.(2D*).4s""","=""3D*""","=""3""","=""3s2.3p3.(2D*).4p""","=""3F""","=""2""",,"=""T1619CA,LS""","=""""",
Ar,2,"=""337.09147""","=""0.00007""","=""337.091470""","=""0.000005""","=""12""","=""5.9e+06""",D,"=""157234.0196""","=""186891.0393""","=""3s2.3p4.(3P).4p""","=""4D*""","=""7/2""","=""3s2.3p4.(3P).4d""","=""4P""","=""5/2""",,"=""T1240""","=""L11520""",
Ar,2,"=""337.09850""","=""0.00018""","=""337.098437""","=""0.000014""","=""4""","=""""",,"=""179592.2248""","=""209248.6316""","=""3s2.3p4.(1S).3d""","=""2D""","=""5/2""","=""3s2.3p4.(1D<2>).4f""","=""2[3]*""","=""7/2""",,"=""""","=""L11520""",
Ar,2,"=""337.3140""","=""0.0012""","=""337.313287""","=""0.000017""","=""1w,bl""","=""""",,"=""172829.6539""","=""202467.1718""","=""3s2.3p4.(1D).3d""","=""2D""","=""3/2""","=""3s2.3p4.(3P).6p""","=""4D*""","=""3/2""",,"=""""","=""L14821""",
Ar,1,"=""337.347""","=""""","=""""","=""""","=""7""","=""""",,"=""""","=""""","=""""","=""""","=""""","=""""","=""""","=""""",,"=""""","=""L3512""",
Ar,2,"=""337.3842""","=""0.0006""","=""337.384416""","=""0.000004""","=""3""","=""""",,"=""170401.0170""","=""200032.2867""","=""3s2.3p4.(1D).4p""","=""2F*""","=""5/2""","=""3s2.3p4.(3P).6s""","=""2P""","=""3/2""",,"=""""","=""L14821""",
Ar,2,"=""337.64357""","=""0.00001""","=""337.643578""","=""0.000004""","=""155""","=""1.5e+08""",D,"=""170530.4040""","=""200138.9307""","=""3s2.3p4.(1D).4p""","=""2F*""","=""7/2""","=""3s2.3p4.(1D).4d""","=""2F""","=""7/2""",,"=""T1240""","=""L11520""",
Ar,2,"=""337.8442""","=""0.0006""","=""337.844466""","=""0.000017""","=""1""","=""""",,"=""172829.6539""","=""202420.5754""","=""3s2.3p4.(1D).3d""","=""2D""","=""3/2""","=""3s2.3p4.(3P).6p""","=""4P*""","=""1/2""",,"=""""","=""L14821""",
Ar,2,"=""337.9458""","=""0.0006""","=""337.946015""","=""0.000005""","=""4""","=""2.e+06""",D,"=""157234.0196""","=""186816.0496""","=""3s2.3p4.(3P).4p""","=""4D*""","=""7/2""","=""3s2.3p4.(3P).4d""","=""2F""","=""7/2""",,"=""T1240""","=""L14821""",
Ar,2,"=""337.95779""","=""0.00007""","=""337.957698""","=""0.000005""","=""11""","=""3.2e+07""",D,"=""170401.0170""","=""199982.0244""","=""3s2.3p4.(1D).4p""","=""2F*""","=""5/2""","=""3s2.3p4.(1D).4d""","=""2D""","=""3/2""",,"=""T1240""","=""L11520""",
Ar,2,"=""338.1063""","=""0.0006""","=""338.106621""","=""0.000004""","=""1""","=""""",,"=""172213.8798""","=""201781.8583""","=""3s2.3p4.(1D).4p""","=""2P*""","=""3/2""","=""3s2.3p4.(3P).5d""","=""4P""","=""5/2""",,"=""""","=""L14821""",
Ar,2,"=""338.2133""","=""0.0006""","=""338.213182""","=""0.000004""","=""3""","=""""",,"=""170401.0170""","=""199959.6798""","=""3s2.3p4.(1D).4p""","=""2F*""","=""5/2""","=""3s2.3p4.(3P).5d""","=""4D""","=""5/2""",,"=""""","=""L14821""",
Ar,2,"=""338.3865""","=""0.0006""","=""338.386892""","=""0.000009""","=""1""","=""""",,"=""161048.7411""","=""190592.2306""","=""3s2.3p4.(3P).4p""","=""4S*""","=""3/2""","=""3s2.3p4.(3P).4d""","=""2P""","=""3/2""",,"=""""","=""L14821""",
Ar,2,"=""338.85306""","=""0.00001""","=""338.853072""","=""0.000008""","=""195""","=""1.9e+08""",D,"=""161089.3846""","=""190592.2306""","=""3s2.3p4.(3P).4p""","=""2S*""","=""1/2""","=""3s2.3p4.(3P).4d""","=""2P""","=""3/2""",,"=""T1240""","=""L11520""",
Ar,2,"=""339.1343""","=""0.0006""","=""339.134481""","=""0.000004""","=""0.5""","=""""",,"=""170401.0170""","=""199879.3828""","=""3s2.3p4.(1D).4p""","=""2F*""","=""5/2""","=""3s2.3p4.(3P).5d""","=""4D""","=""7/2""",,"=""""","=""L14821""",
Ar,3,"=""339.18445""","=""0.00001""","=""339.184450""","=""0.000020""","=""129""","=""1.9e+07""",E,"=""213951.7743""","=""243425.7974""","=""3s2.3p3.(2D*).3d""","=""3P*""","=""2""","=""3s2.3p3.(2P*).4p""","=""3P""","=""2""",,"=""T1619CA,LS""","=""L11520""",
Ar,1,"=""339.373""","=""""","=""""","=""""","=""7""","=""""",,"=""""","=""""","=""""","=""""","=""""","=""""","=""""","=""""",,"=""""","=""L3512""",
Ar,2,"=""339.7002""","=""0.0006""","=""339.700197""","=""0.000004""","=""1""","=""""",,"=""170530.4040""","=""199959.6798""","=""3s2.3p4.(1D).4p""","=""2F*""","=""7/2""","=""3s2.3p4.(3P).5d""","=""4D""","=""5/2""",,"=""""","=""L14821""",
Ar,2,"=""339.7608""","=""0.0006""","=""339.761093""","=""0.000017""","=""1""","=""""",,"=""172829.6539""","=""202253.6552""","=""3s2.3p4.(1D).3d""","=""2D""","=""3/2""","=""3s2.3p4.(3P).6p""","=""4P*""","=""3/2""",,"=""""","=""L14821""",
Ar,2,"=""339.78954""","=""0.00006""","=""339.789536""","=""0.000005""","=""8""","=""2.7e+06""",D,"=""158167.7999""","=""187589.3383""","=""3s2.3p4.(3P).4p""","=""4D*""","=""3/2""","=""3s2.3p4.(3P).4d""","=""2F""","=""5/2""",,"=""T1240""","=""L11520""",
Ar,1,"=""""","=""""","=""340.61804""","=""""","=""""","=""3.9e+05""",D,"=""95399.8276""","=""124749.805""","=""3s2.3p5.(2P*<1/2>).4s""","=""2[1/2]*""","=""1""","=""3s2.3p5.(2P*<1/2>).7p""","=""2[1/2]""","=""0""",,"=""T1086n""","=""""",
Ar,2,"=""340.6298""","=""0.0006""","=""340.629625""","=""0.000004""","=""3""","=""""",,"=""170530.4040""","=""199879.3828""","=""3s2.3p4.(1D).4p""","=""2F*""","=""7/2""","=""3s2.3p4.(3P).5d""","=""4D""","=""7/2""",,"=""""","=""L14821""",
Ar,2,"=""340.8350""","=""0.0006""","=""340.835406""","=""0.000020""","=""0.5""","=""""",,"=""179592.2248""","=""208923.4846""","=""3s2.3p4.(1S).3d""","=""2D""","=""5/2""","=""3s2.3p4.(1D<2>).4f""","=""2[2]*""","=""3/2""",,"=""""","=""L14821""",
Ar,2,"=""340.8612""","=""0.0005""","=""340.861207""","=""0.000020""","=""3bl""","=""""",,"=""179592.2248""","=""208921.2645""","=""3s2.3p4.(1S).3d""","=""2D""","=""5/2""","=""3s2.3p4.(1D<2>).4f""","=""2[2]*""","=""5/2""",,"=""""","=""L11520""",
Ar,2,"=""340.9413""","=""0.0006""","=""340.94179""","=""0.00009""","=""1""","=""""",,"=""179592.2248""","=""208914.333""","=""3s2.3p4.(1S).3d""","=""2D""","=""5/2""","=""3s2.3p4.(3P<2>).7p""","=""2[2]*""","=""5/2""",,"=""""","=""L14821""",
Ar,2,"=""340.954""","=""0.002""","=""340.954364""","=""0.000018""","=""0?""","=""""",,"=""174409.8916""","=""203730.9181""","=""3s2.3p4.(1D).3d""","=""2P""","=""3/2""","=""3s2.3p4.(3P).6p""","=""2P*""","=""3/2""",,"=""""","=""L14821""",
Ar,2,"=""340.9699""","=""0.0006""","=""340.970211""","=""0.000021""","=""2""","=""""",,"=""179931.8393""","=""209251.5031""","=""3s2.3p4.(1S).3d""","=""2D""","=""3/2""","=""3s2.3p4.(1D<2>).4f""","=""2[3]*""","=""5/2""",,"=""""","=""L14821""",
Ar,3,"=""341.353""","=""0.003""","=""341.3527""","=""0.0015""","=""6""","=""""",,"=""211005.56""","=""240292.3714""","=""3s2.3p3.(2P*).3d""","=""3D*""","=""2""","=""3s2.3p3.(2P*).4p""","=""3D""","=""3""",,"=""""","=""L7493""",
Ar,2,"=""341.44579""","=""0.00008""","=""341.445796""","=""0.000005""","=""9""","=""7.7e+06""",D,"=""170401.0170""","=""199679.8440""","=""3s2.3p4.(1D).4p""","=""2F*""","=""5/2""","=""3s2.3p4.(1D).4d""","=""2D""","=""5/2""",,"=""T1240""","=""L11520""",
Ar,2,"=""341.6560""","=""0.0006""","=""341.6560""","=""0.0006""","=""1""","=""""",,"=""185624.8282""","=""214885.64""","=""3s2.3p4.(3P).4d""","=""4F""","=""7/2""","=""3s2.3p4.(3P<1>).7f""","=""2[4]*""","=""9/2""",,"=""""","=""L14821""",
Ar,3,"=""341.749""","=""0.003""","=""341.7485""","=""0.0015""","=""7""","=""""",,"=""211005.56""","=""240258.453""","=""3s2.3p3.(2P*).3d""","=""3D*""","=""2""","=""3s2.3p3.(2P*).4p""","=""3D""","=""2""",,"=""""","=""L7493""",
Ar,2,"=""342.16108""","=""0.00004""","=""342.161032""","=""0.000005""","=""22""","=""9.3e+06""",D,"=""157673.4134""","=""186891.0393""","=""3s2.3p4.(3P).4p""","=""4D*""","=""5/2""","=""3s2.3p4.(3P).4d""","=""4P""","=""5/2""",,"=""T1240""","=""L11520""",
Ar,3,"=""342.425""","=""0.003""","=""342.42283""","=""0.00007""","=""9""","=""1.0e+07""",E,"=""213951.7743""","=""243147.063""","=""3s2.3p3.(2D*).3d""","=""3P*""","=""2""","=""3s2.3p3.(2P*).4p""","=""3P""","=""1""",,"=""T1619CA,LS""","=""L7493""",
Ar,2,"=""342.5500""","=""0.0006""","=""342.549849""","=""0.000018""","=""2""","=""""",,"=""174409.8916""","=""203594.3546""","=""3s2.3p4.(1D).3d""","=""2P""","=""3/2""","=""3s2.3p4.(1D).5p""","=""2P*""","=""1/2""",,"=""""","=""L14821""",
Ar,2,"=""342.96138""","=""0.00004""","=""342.961434""","=""0.000005""","=""20""","=""2.2e+07""",D,"=""170530.4040""","=""199679.8440""","=""3s2.3p4.(1D).4p""","=""2F*""","=""7/2""","=""3s2.3p4.(1D).4d""","=""2D""","=""5/2""",,"=""T1240""","=""L11520""",
Ar,3,"=""343.003""","=""0.003""","=""342.9969""","=""0.0015""","=""2""","=""""",,"=""211005.56""","=""240151.990""","=""3s2.3p3.(2P*).3d""","=""3D*""","=""2""","=""3s2.3p3.(2P*).4p""","=""3D""","=""1""",,"=""""","=""L7493""",
Ar,2,"=""343.04148""","=""0.00003""","=""343.041507""","=""0.000004""","=""26""","=""6.2e+06""",B,"=""157673.4134""","=""186816.0496""","=""3s2.3p4.(3P).4p""","=""4D*""","=""5/2""","=""3s2.3p4.(3P).4d""","=""2F""","=""7/2""",,"=""T926""","=""L11520""",
Ar,2,"=""343.0991""","=""0.0002""","=""343.099186""","=""0.000005""","=""5""","=""""",,"=""172213.8798""","=""201351.6169""","=""3s2.3p4.(1D).4p""","=""2P*""","=""3/2""","=""3s2.3p4.(3P).5d""","=""4F""","=""5/2""",,"=""""","=""L11520""",
Ar,2,"=""343.1737""","=""0.0006""","=""343.173675""","=""0.000005""","=""2""","=""""",,"=""172213.8798""","=""201345.2925""","=""3s2.3p4.(1D).4p""","=""2P*""","=""3/2""","=""3s2.3p4.(3P).5d""","=""4P""","=""3/2""",,"=""""","=""L14821""",
Ar,2,"=""343.25838""","=""0.00019""","=""343.258318""","=""0.000005""","=""5""","=""""",,"=""170401.0170""","=""199525.2465""","=""3s2.3p4.(1D).4p""","=""2F*""","=""5/2""","=""3s2.3p4.(1D).4d""","=""2P""","=""3/2""",,"=""""","=""L11520""",
Ar,2,"=""343.3369""","=""0.0006""","=""343.3366""","=""0.0005""","=""1""","=""""",,"=""186816.0496""","=""215933.64""","=""3s2.3p4.(3P).4d""","=""2F""","=""7/2""","=""3s2.3p4.(3P<2>).8f""","=""2[5]*""","=""9/2""",,"=""""","=""L14821""",
Ar,2,"=""343.5773""","=""0.0006""","=""343.577602""","=""0.000021""","=""1""","=""""",,"=""174821.0098""","=""203918.1752""","=""3s2.3p4.(1D).3d""","=""2P""","=""1/2""","=""3s2.3p4.(3P).6p""","=""4S*""","=""3/2""",,"=""""","=""L14821""",
Ar,3,"=""343.6925""","=""0.0020""","=""343.68315""","=""0.00015""","=""6""","=""""",,"=""211063.760""","=""240151.990""","=""3s2.3p3.(2P*).4s""","=""1P*""","=""1""","=""3s2.3p3.(2P*).4p""","=""3D""","=""1""",,"=""""","=""L9366""",
Ar,3,"=""343.804""","=""0.003""","=""343.80172""","=""0.00006""","=""8""","=""6.2e+06""",E,"=""214347.599""","=""243425.7974""","=""3s2.3p3.(2D*).3d""","=""3P*""","=""1""","=""3s2.3p3.(2P*).4p""","=""3P""","=""2""",,"=""T1619CA,LS""","=""L7493""",
Ar,2,"=""343.9094""","=""0.0006""","=""343.9090""","=""0.0004""","=""1""","=""""",,"=""189934.6322""","=""219003.76""","=""3s2.3p4.(3P).4d""","=""2P""","=""1/2""","=""3s2.3p4.(1D<2>).5f""","=""2[2]*""","=""3/2""",,"=""""","=""L14821""",
Ar,2,"=""344.7290""","=""0.0006""","=""344.729080""","=""0.000012""","=""1""","=""""",,"=""179592.2248""","=""208592.2016""","=""3s2.3p4.(1S).3d""","=""2D""","=""5/2""","=""3s2.3p4.(1D<2>).4f""","=""2[1]*""","=""3/2""",,"=""""","=""L14821""",
Ar,2,"=""344.8281""","=""0.0006""","=""344.828150""","=""0.000023""","=""1""","=""""",,"=""179931.8393""","=""208923.4846""","=""3s2.3p4.(1S).3d""","=""2D""","=""3/2""","=""3s2.3p4.(1D<2>).4f""","=""2[2]*""","=""3/2""",,"=""""","=""L14821""",
Ar,2,"=""345.40949""","=""0.00001""","=""345.409498""","=""0.000005""","=""76""","=""3.14e+07""",B,"=""155043.1619""","=""183986.0137""","=""3s2.3p4.(3P).4p""","=""4P*""","=""5/2""","=""3s2.3p4.(3P).4d""","=""4D""","=""3/2""",,"=""T926""","=""L11520""",
Ar,2,"=""345.8688""","=""0.0006""","=""345.868529""","=""0.000006""","=""1?""","=""""",,"=""172816.2926""","=""201720.7331""","=""3s2.3p4.(1D).4p""","=""2P*""","=""1/2""","=""3s2.3p4.(3P).5d""","=""4F""","=""3/2""",,"=""""","=""L14821""",
Ar,1,"=""346.107""","=""""","=""346.10783""","=""""","=""7""","=""6.7e+04""",D,"=""93750.5978""","=""122635.054""","=""3s2.3p5.(2P*<3/2>).4s""","=""2[3/2]*""","=""1""","=""3s2.3p5.(2P*<1/2>).6p""","=""2[3/2]""","=""2""",,"=""T1086n""","=""L3512""",
Ar,2,"=""346.41264""","=""0.00002""","=""346.412673""","=""0.000004""","=""81bl""","=""3.7e+07""",D,"=""158730.2995""","=""187589.3383""","=""3s2.3p4.(3P).4p""","=""2D*""","=""5/2""","=""3s2.3p4.(3P).4d""","=""2F""","=""5/2""",,"=""T1240""","=""L11520""",
Ar,2,"=""346.57830""","=""0.00005""","=""346.578302""","=""0.000009""","=""14""","=""""",,"=""161089.3846""","=""189934.6322""","=""3s2.3p4.(3P).4p""","=""2S*""","=""1/2""","=""3s2.3p4.(3P).4d""","=""2P""","=""1/2""",,"=""""","=""L11520""",
Ar,2,"=""346.63330""","=""0.00001""","=""346.633299""","=""0.000008""","=""91""","=""""",,"=""155351.1206""","=""184191.7917""","=""3s2.3p4.(3P).4p""","=""4P*""","=""3/2""","=""3s2.3p4.(3P).4d""","=""4D""","=""1/2""",,"=""""","=""L11520""",
Ar,2,"=""""","=""""","=""346.636343""","=""0.000005""","=""""","=""3.0e+06""",C,"=""157234.0196""","=""186074.4375""","=""3s2.3p4.(3P).4p""","=""4D*""","=""7/2""","=""3s2.3p4.(3P).4d""","=""4F""","=""5/2""",,"=""T926""","=""""",
Ar,2,"=""347.02606""","=""0.00006""","=""347.026106""","=""0.000004""","=""12""","=""""",,"=""173347.9158""","=""202155.9425""","=""3s2.3p4.(1D).4p""","=""2D*""","=""3/2""","=""3s2.3p4.(3P).5d""","=""2F""","=""5/2""",,"=""""","=""L11520""",
Ar,3,"=""347.132""","=""0.003""","=""347.12929""","=""0.00009""","=""9""","=""6.0e+06""",E,"=""214347.599""","=""243147.063""","=""3s2.3p3.(2D*).3d""","=""3P*""","=""1""","=""3s2.3p3.(2P*).4p""","=""3P""","=""1""",,"=""T1619CA,LS""","=""L7493""",
Ar,2,"=""347.1600""","=""0.0006""","=""347.159630""","=""0.000005""","=""3""","=""""",,"=""157673.4134""","=""186470.3603""","=""3s2.3p4.(3P).4p""","=""4D*""","=""5/2""","=""3s2.3p4.(3P).4d""","=""4P""","=""3/2""",,"=""""","=""L14821""",
Ar,3,"=""347.261""","=""0.005""","=""347.256675""","=""0.000018""","=""6""","=""2.0e+07""",D,"=""196615.2125""","=""225404.1120""","=""3s2.3p3.(2D*).4s""","=""3D*""","=""2""","=""3s2.3p3.(2D*).4p""","=""3D""","=""3""",,"=""T1619CA,LS""","=""L7492""",
Ar,2,"=""347.67471""","=""0.00001""","=""347.674711""","=""0.000005""","=""427""","=""1.25e+08""",B,"=""155043.1619""","=""183797.4473""","=""3s2.3p4.(3P).4p""","=""4P*""","=""5/2""","=""3s2.3p4.(3P).4d""","=""4D""","=""5/2""",,"=""T926""","=""L11520""",
Ar,2,"=""347.82316""","=""0.00001""","=""347.823166""","=""0.000006""","=""100""","=""""",,"=""155351.1206""","=""184093.1337""","=""3s2.3p4.(3P).4p""","=""4P*""","=""3/2""","=""3s2.3p4.(1D).3d""","=""2S""","=""1/2""",,"=""""","=""L11520""",
Ar,3,"=""348.05020""","=""0.00001""","=""348.050191""","=""0.000018""","=""1000""","=""1.6e+08""",D,"=""196680.8461""","=""225404.1120""","=""3s2.3p3.(2D*).4s""","=""3D*""","=""3""","=""3s2.3p3.(2D*).4p""","=""3D""","=""3""",,"=""T1619CA,LS""","=""L11520""",
Ar,2,"=""348.0511""","=""0.0006""","=""348.050512""","=""0.000005""","=""9""","=""""",,"=""158167.7999""","=""186891.0393""","=""3s2.3p4.(3P).4p""","=""4D*""","=""3/2""","=""3s2.3p4.(3P).4d""","=""4P""","=""5/2""",,"=""""","=""L14821""",
Ar,2,"=""348.1591""","=""0.0006""","=""348.1590""","=""0.0006""","=""1""","=""""",,"=""185093.3298""","=""213807.62""","=""3s2.3p4.(3P).4d""","=""4F""","=""9/2""","=""3s2.3p4.(3P<2>).7f""","=""2[5]*""","=""11/2""",,"=""""","=""L14821""",
Ar,3,"=""348.412""","=""0.003""","=""348.4122""","=""0.0018""","=""3""","=""""",,"=""211565.03""","=""240258.453""","=""3s2.3p3.(2P*).3d""","=""3D*""","=""1""","=""3s2.3p3.(2P*).4p""","=""3D""","=""2""",,"=""""","=""L7493""",
Ar,2,"=""348.73155""","=""0.00007""","=""348.731541""","=""0.000004""","=""6""","=""2.7e+06""",D,"=""157673.4134""","=""186340.5616""","=""3s2.3p4.(3P).4p""","=""4D*""","=""5/2""","=""3s2.3p4.(3P).4d""","=""4F""","=""3/2""",,"=""T1240""","=""L11520""",
Ar,8,"=""348.76""","=""0.04""","=""348.79""","=""0.13""","=""""","=""""",,"=""1070380.""","=""1099042.""","=""2p6.9g""","=""2G""","=""9/2""","=""2p6.11f""","=""2F*""","=""7/2""",,"=""""","=""L11180""",
Ar,2,"=""348.8188""","=""0.0006""","=""348.818953""","=""0.000020""","=""1""","=""""",,"=""179931.8393""","=""208591.8039""","=""3s2.3p4.(1S).3d""","=""2D""","=""3/2""","=""3s2.3p4.(1D<2>).4f""","=""2[1]*""","=""1/2""",,"=""""","=""L14821""",
Ar,2,"=""349.08729""","=""0.00002""","=""349.087300""","=""0.000005""","=""45""","=""""",,"=""144709.9818""","=""173347.9158""","=""3s2.3p4.(3P).3d""","=""2P""","=""1/2""","=""3s2.3p4.(1D).4p""","=""2D*""","=""3/2""",,"=""""","=""L11520""",
Ar,2,"=""349.12437""","=""0.00001""","=""349.124373""","=""0.000005""","=""389""","=""1.79e+08""",B,"=""155351.1206""","=""183986.0137""","=""3s2.3p4.(3P).4p""","=""4P*""","=""3/2""","=""3s2.3p4.(3P).4d""","=""4D""","=""3/2""",,"=""T926""","=""L11520""",
Ar,2,"=""349.15356""","=""0.00001""","=""349.153560""","=""0.000005""","=""1000""","=""2.31e+08""",B,"=""155043.1619""","=""183675.6614""","=""3s2.3p4.(3P).4p""","=""4P*""","=""5/2""","=""3s2.3p4.(3P).4d""","=""4D""","=""7/2""",,"=""T926""","=""L11520""",
Ar,3,"=""349.4270""","=""0.0020""","=""349.41579""","=""0.00012""","=""2""","=""""",,"=""223663.160""","=""252274.172""","=""3s2.3p3.(2D*).4p""","=""1P""","=""1""","=""3s2.3p3.(4S*).4d""","=""3D*""","=""1""",,"=""""","=""L9366""",
Ar,2,"=""349.5775""","=""0.0006""","=""349.575822""","=""0.000018""","=""1""","=""""",,"=""174409.8916""","=""203007.8061""","=""3s2.3p4.(1D).3d""","=""2P""","=""3/2""","=""3s2.3p4.(1D).5p""","=""2P*""","=""3/2""",,"=""""","=""L14821""",
Ar,3,"=""349.710""","=""0.003""","=""349.7098""","=""0.0018""","=""4""","=""""",,"=""211565.03""","=""240151.990""","=""3s2.3p3.(2P*).3d""","=""3D*""","=""1""","=""3s2.3p3.(2P*).4p""","=""3D""","=""1""",,"=""""","=""L7493""",
Ar,3,"=""349.831""","=""0.003""","=""349.8248""","=""0.0025""","=""6*""","=""7.9e+06""",E,"=""214569.5""","=""243147.063""","=""3s2.3p3.(2D*).3d""","=""3P*""","=""0""","=""3s2.3p3.(2P*).4p""","=""3P""","=""1""",,"=""T1619CA,LS""","=""L7493""",
Ar,3,"=""349.831""","=""0.003""","=""349.8319""","=""0.0005""","=""6*""","=""2.4e+07""",E,"=""214347.599""","=""242924.58""","=""3s2.3p3.(2D*).3d""","=""3P*""","=""1""","=""3s2.3p3.(2P*).4p""","=""3P""","=""0""",,"=""T1619CA,LS""","=""L7493""",
Ar,2,"=""349.94759""","=""0.00007""","=""349.947590""","=""0.000006""","=""8""","=""3.e+05""",C+,"=""132481.2068""","=""161048.7411""","=""3s2.3p4.(3P).3d""","=""4D""","=""5/2""","=""3s2.3p4.(3P).4p""","=""4S*""","=""3/2""",,"=""T926""","=""L11520""",
Ar,3,"=""349.96693""","=""0.00001""","=""349.966922""","=""0.000018""","=""269""","=""1.3e+08""",D,"=""196590.6352""","=""225156.5915""","=""3s2.3p3.(2D*).4s""","=""3D*""","=""1""","=""3s2.3p3.(2D*).4p""","=""3D""","=""1""",,"=""T1619CA,LS""","=""L11520""",
Ar,2,"=""349.9957""","=""0.0006""","=""349.996731""","=""0.000004""","=""0.5""","=""""",,"=""155351.1206""","=""183914.6440""","=""3s2.3p4.(3P).4p""","=""4P*""","=""3/2""","=""3s2.3p4.(3P).5s""","=""2P""","=""1/2""",,"=""""","=""L14821""",
Ar,3,"=""350.058""","=""0.005""","=""350.057415""","=""0.000017""","=""5""","=""2.6e+07""",D,"=""196590.6352""","=""225149.2072""","=""3s2.3p3.(2D*).4s""","=""3D*""","=""1""","=""3s2.3p3.(2D*).4p""","=""3D""","=""2""",,"=""T1619CA,LS""","=""L7492""",
Ar,3,"=""350.26828""","=""0.00001""","=""350.268291""","=""0.000016""","=""93""","=""4.3e+07""",D,"=""196615.2125""","=""225156.5915""","=""3s2.3p3.(2D*).4s""","=""3D*""","=""2""","=""3s2.3p3.(2D*).4p""","=""3D""","=""1""",,"=""T1619CA,LS""","=""L11520""",
Ar,3,"=""350.35894""","=""0.00001""","=""350.358940""","=""0.000014""","=""468""","=""1.2e+08""",D,"=""196615.2125""","=""225149.2072""","=""3s2.3p3.(2D*).4s""","=""3D*""","=""2""","=""3s2.3p3.(2D*).4p""","=""3D""","=""2""",,"=""T1619CA,LS""","=""L11520""",
Ar,3,"=""350.93333""","=""0.00001""","=""350.933330""","=""0.000017""","=""245""","=""""",,"=""180678.3147""","=""209165.6077""","=""3s2.3p3.(4S*).4s""","=""3S*""","=""1""","=""3s2.3p3.(4S*).4p""","=""3P""","=""0""",,"=""""","=""L11520""",
Ar,2,"=""350.97779""","=""0.00001""","=""350.977794""","=""0.000009""","=""447""","=""2.55e+08""",B,"=""155708.1075""","=""184191.7917""","=""3s2.3p4.(3P).4p""","=""4P*""","=""1/2""","=""3s2.3p4.(3P).4d""","=""4D""","=""1/2""",,"=""T926""","=""L11520""",
Ar,3,"=""351.11485""","=""0.00001""","=""351.114850""","=""0.000017""","=""1175""","=""""",,"=""180678.3147""","=""209150.8807""","=""3s2.3p3.(4S*).4s""","=""3S*""","=""1""","=""3s2.3p3.(4S*).4p""","=""3P""","=""2""",,"=""""","=""L11520""",
Ar,3,"=""351.16671""","=""0.00001""","=""351.166713""","=""0.000014""","=""89""","=""2.6e+07""",D,"=""196680.8461""","=""225149.2072""","=""3s2.3p3.(2D*).4s""","=""3D*""","=""3""","=""3s2.3p3.(2D*).4p""","=""3D""","=""2""",,"=""T1619CA,LS""","=""L11520""",
Ar,3,"=""351.42004""","=""0.00001""","=""351.420041""","=""0.000017""","=""724""","=""""",,"=""180678.3147""","=""209126.1544""","=""3s2.3p3.(4S*).4s""","=""3S*""","=""1""","=""3s2.3p3.(4S*).4p""","=""3P""","=""1""",,"=""""","=""L11520""",
Ar,2,"=""351.43874""","=""0.00001""","=""351.438733""","=""0.000005""","=""490""","=""1.36e+08""",B,"=""155351.1206""","=""183797.4473""","=""3s2.3p4.(3P).4p""","=""4P*""","=""3/2""","=""3s2.3p4.(3P).4d""","=""4D""","=""5/2""",,"=""T926""","=""L11520""",
Ar,2,"=""351.78897""","=""0.00010""","=""351.788887""","=""0.000007""","=""4""","=""7.e+04""",E,"=""132630.7277""","=""161048.7411""","=""3s2.3p4.(3P).3d""","=""4D""","=""3/2""","=""3s2.3p4.(3P).4p""","=""4S*""","=""3/2""",,"=""T926""","=""L11520""",
Ar,2,"=""351.893""","=""0.004""","=""351.8922""","=""0.0014""","=""1w,bl""","=""""",,"=""190592.2306""","=""219001.90""","=""3s2.3p4.(3P).4d""","=""2P""","=""3/2""","=""3s2.3p4.(1D<2>).5f""","=""2[2]*""","=""5/2""",,"=""""","=""L14821""",
Ar,2,"=""351.99933""","=""0.00001""","=""351.999331""","=""0.000004""","=""191""","=""5.2e+07""",B,"=""157673.4134""","=""186074.4375""","=""3s2.3p4.(3P).4p""","=""4D*""","=""5/2""","=""3s2.3p4.(3P).4d""","=""4F""","=""5/2""",,"=""T926""","=""L11520""",
Ar,2,"=""352.12600""","=""0.00001""","=""352.125990""","=""0.000005""","=""100""","=""2.27e+07""",B,"=""157234.0196""","=""185624.8282""","=""3s2.3p4.(3P).4p""","=""4D*""","=""7/2""","=""3s2.3p4.(3P).4d""","=""4F""","=""7/2""",,"=""T926""","=""L11520""",
Ar,2,"=""352.1555""","=""0.0006""","=""352.155960""","=""0.000004""","=""1""","=""""",,"=""173393.4658""","=""201781.8583""","=""3s2.3p4.(1D).4p""","=""2D*""","=""5/2""","=""3s2.3p4.(3P).5d""","=""4P""","=""5/2""",,"=""""","=""L14821""",
Ar,2,"=""352.19773""","=""0.00001""","=""352.197725""","=""0.000008""","=""71""","=""""",,"=""155708.1075""","=""184093.1337""","=""3s2.3p4.(3P).4p""","=""4P*""","=""1/2""","=""3s2.3p4.(1D).3d""","=""2S""","=""1/2""",,"=""""","=""L11520""",
Ar,2,"=""352.349""","=""0.004""","=""352.349281""","=""0.000005""","=""0.5h,bl""","=""""",,"=""173347.9158""","=""201720.7331""","=""3s2.3p4.(1D).4p""","=""2D*""","=""3/2""","=""3s2.3p4.(3P).5d""","=""4F""","=""3/2""",,"=""""","=""L14821""",
Ar,2,"=""353.1178""","=""0.0006""","=""353.118196""","=""0.000009""","=""2""","=""""",,"=""132737.7039""","=""161048.7411""","=""3s2.3p4.(3P).3d""","=""4D""","=""1/2""","=""3s2.3p4.(3P).4p""","=""4S*""","=""3/2""",,"=""""","=""L14821""",
Ar,2,"=""353.2233""","=""0.0006""","=""353.223961""","=""0.000005""","=""1""","=""""",,"=""158167.7999""","=""186470.3603""","=""3s2.3p4.(3P).4p""","=""4D*""","=""3/2""","=""3s2.3p4.(3P).4d""","=""4P""","=""3/2""",,"=""""","=""L14821""",
Ar,2,"=""353.53194""","=""0.00001""","=""353.531929""","=""0.000005""","=""170""","=""5.7e+07""",B,"=""155708.1075""","=""183986.0137""","=""3s2.3p4.(3P).4p""","=""4P*""","=""1/2""","=""3s2.3p4.(3P).4d""","=""4D""","=""3/2""",,"=""T926""","=""L11520""",
Ar,3,"=""353.9219""","=""0.0020""","=""353.91979""","=""0.00011""","=""3""","=""""",,"=""243425.7974""","=""271672.715""","=""3s2.3p3.(2P*).4p""","=""3P""","=""2""","=""3s2.3p3.(2D*).4d""","=""3P*""","=""1""",,"=""""","=""L9366""",
Ar,2,"=""354.31467""","=""0.00003""","=""354.314688""","=""0.000004""","=""26""","=""""",,"=""173393.4658""","=""201608.9017""","=""3s2.3p4.(1D).4p""","=""2D*""","=""5/2""","=""3s2.3p4.(3P).5d""","=""2F""","=""7/2""",,"=""""","=""L11520""",
Ar,2,"=""354.331""","=""0.002""","=""354.331751""","=""0.000010""","=""1?""","=""""",,"=""172816.2926""","=""201030.3698""","=""3s2.3p4.(1D).4p""","=""2P*""","=""1/2""","=""3s2.3p4.(3P).5d""","=""4P""","=""1/2""",,"=""""","=""L14821""",
Ar,2,"=""354.55952""","=""0.00001""","=""354.559516""","=""0.000004""","=""891""","=""3.4e+08""",D,"=""159393.3850""","=""187589.3383""","=""3s2.3p4.(3P).4p""","=""2D*""","=""3/2""","=""3s2.3p4.(3P).4d""","=""2F""","=""5/2""",,"=""T1240""","=""L11520""",
Ar,2,"=""354.58431""","=""0.00001""","=""354.584315""","=""0.000005""","=""794""","=""3.9e+08""",D,"=""170401.0170""","=""198594.9984""","=""3s2.3p4.(1D).4p""","=""2F*""","=""5/2""","=""3s2.3p4.(1D).4d""","=""2G""","=""7/2""",,"=""T1240""","=""L11520""",
Ar,2,"=""354.85141""","=""0.00001""","=""354.851395""","=""0.000005""","=""195""","=""8.7e+07""",B,"=""158167.7999""","=""186340.5616""","=""3s2.3p4.(3P).4p""","=""4D*""","=""3/2""","=""3s2.3p4.(3P).4d""","=""4F""","=""3/2""",,"=""T926""","=""L11520""",
Ar,2,"=""355.00297""","=""0.00006""","=""355.002886""","=""0.000005""","=""10""","=""2.6e+06""",C,"=""158730.2995""","=""186891.0393""","=""3s2.3p4.(3P).4p""","=""2D*""","=""5/2""","=""3s2.3p4.(3P).4d""","=""4P""","=""5/2""",,"=""T926""","=""L11520""",
Ar,1,"=""355.4306""","=""""","=""355.43055""","=""""","=""7""","=""2.7e+05""",D,"=""93143.7600""","=""121270.617""","=""3s2.3p5.(2P*<3/2>).4s""","=""2[3/2]*""","=""2""","=""3s2.3p5.(2P*<3/2>).6p""","=""2[3/2]""","=""2""",,"=""T1086n""","=""L2634""",
Ar,2,"=""355.69038""","=""0.00002""","=""355.690383""","=""0.000007""","=""49""","=""5.0e+06""",B,"=""144709.9818""","=""172816.2926""","=""3s2.3p4.(3P).3d""","=""2P""","=""1/2""","=""3s2.3p4.(1D).4p""","=""2P*""","=""1/2""",,"=""T926""","=""L11520""",
Ar,2,"=""355.95079""","=""0.00001""","=""355.950780""","=""0.000004""","=""1445""","=""2.88e+08""",B,"=""158730.2995""","=""186816.0496""","=""3s2.3p4.(3P).4p""","=""2D*""","=""5/2""","=""3s2.3p4.(3P).4d""","=""2F""","=""7/2""",,"=""T926""","=""L11520""",
Ar,2,"=""356.10303""","=""0.00002""","=""356.103016""","=""0.000005""","=""1023bl""","=""4.e+08""",D,"=""170530.4040""","=""198604.1476""","=""3s2.3p4.(1D).4p""","=""2F*""","=""7/2""","=""3s2.3p4.(1D).4d""","=""2G""","=""9/2""",,"=""T1240""","=""L11520""",
Ar,2,"=""356.21914""","=""0.00002""","=""356.219111""","=""0.000005""","=""35""","=""1.5e+07""",D,"=""170530.4040""","=""198594.9984""","=""3s2.3p4.(1D).4p""","=""2F*""","=""7/2""","=""3s2.3p4.(1D).4d""","=""2G""","=""7/2""",,"=""T1240""","=""L11520""",
Ar,1,"=""""","=""""","=""356.32859""","=""""","=""""","=""1.2e+05""",D,"=""94553.6652""","=""122609.637""","=""3s2.3p5.(2P*<1/2>).4s""","=""2[1/2]*""","=""0""","=""3s2.3p5.(2P*<1/2>).6p""","=""2[3/2]""","=""1""",,"=""T1086n""","=""""",
Ar,2,"=""356.43333""","=""0.00005""","=""356.433292""","=""0.000003""","=""19""","=""""",,"=""155043.1619""","=""183090.8927""","=""3s2.3p4.(3P).4p""","=""4P*""","=""5/2""","=""3s2.3p4.(3P).5s""","=""2P""","=""3/2""",,"=""""","=""L11520""",
Ar,2,"=""356.50296""","=""0.00001""","=""356.502938""","=""0.000007""","=""162""","=""5.5e+07""",C,"=""158428.1087""","=""186470.3603""","=""3s2.3p4.(3P).4p""","=""4D*""","=""1/2""","=""3s2.3p4.(3P).4d""","=""4P""","=""3/2""",,"=""T926""","=""L11520""",
Ar,1,"=""""","=""""","=""356.76560""","=""""","=""""","=""1.1e+05""",D,"=""93143.7600""","=""121165.367""","=""3s2.3p5.(2P*<3/2>).4s""","=""2[3/2]*""","=""2""","=""3s2.3p5.(2P*<3/2>).6p""","=""2[5/2]""","=""3""",,"=""T1086n""","=""""",
Ar,2,"=""356.901""","=""0.004""","=""356.904725""","=""0.000019""","=""1w,bl""","=""""",,"=""174409.8916""","=""202420.5754""","=""3s2.3p4.(1D).3d""","=""2P""","=""3/2""","=""3s2.3p4.(3P).6p""","=""4P*""","=""1/2""",,"=""""","=""L14821""",
Ar,2,"=""356.9940""","=""0.0006""","=""356.993722""","=""0.000006""","=""3*""","=""""",,"=""173347.9158""","=""201351.6169""","=""3s2.3p4.(1D).4p""","=""2D*""","=""3/2""","=""3s2.3p4.(3P).5d""","=""4F""","=""5/2""",,"=""""","=""L14821""",
Ar,2,"=""356.9940""","=""0.0006""","=""356.995863""","=""0.000007""","=""3*""","=""""",,"=""158167.7999""","=""186171.3330""","=""3s2.3p4.(3P).4p""","=""4D*""","=""3/2""","=""3s2.3p4.(3P).4d""","=""4P""","=""1/2""",,"=""""","=""L14821""",
Ar,2,"=""357.0746""","=""0.0006""","=""357.074366""","=""0.000006""","=""1""","=""""",,"=""173347.9158""","=""201345.2925""","=""3s2.3p4.(1D).4p""","=""2D*""","=""3/2""","=""3s2.3p4.(3P).5d""","=""4P""","=""3/2""",,"=""""","=""L14821""",
Ar,1,"=""""","=""""","=""357.22953""","=""""","=""""","=""5.1e+05""",D,"=""95399.8276""","=""123385.044""","=""3s2.3p5.(2P*<1/2>).4s""","=""2[1/2]*""","=""1""","=""3s2.3p5.(2P*<3/2>).7p""","=""2[1/2]""","=""0""",,"=""T1086n""","=""""",
Ar,2,"=""357.57533""","=""0.00018""","=""357.575359""","=""0.000006""","=""5bl""","=""""",,"=""173393.4658""","=""201351.6169""","=""3s2.3p4.(1D).4p""","=""2D*""","=""5/2""","=""3s2.3p4.(3P).5d""","=""4F""","=""5/2""",,"=""""","=""L11520""",
Ar,2,"=""357.66153""","=""0.00001""","=""357.661538""","=""0.000006""","=""12303""","=""2.75e+08""",B,"=""157673.4134""","=""185624.8282""","=""3s2.3p4.(3P).4p""","=""4D*""","=""5/2""","=""3s2.3p4.(3P).4d""","=""4F""","=""7/2""",,"=""T926""","=""L11520""",
Ar,2,"=""357.83556""","=""0.00009""","=""357.835563""","=""0.000006""","=""8""","=""""",,"=""172213.8798""","=""200151.7014""","=""3s2.3p4.(1D).4p""","=""2P*""","=""3/2""","=""3s2.3p4.(3P).5d""","=""4D""","=""3/2""",,"=""""","=""L11520""",
Ar,2,"=""358.16077""","=""0.00001""","=""358.160797""","=""0.000006""","=""68""","=""1.76e+08""",B,"=""158428.1087""","=""186340.5616""","=""3s2.3p4.(3P).4p""","=""4D*""","=""1/2""","=""3s2.3p4.(3P).4d""","=""4F""","=""3/2""",,"=""T926""","=""L11520""",
Ar,2,"=""358.23544""","=""0.00001""","=""358.235434""","=""0.000006""","=""155""","=""2.53e+08""",B,"=""158167.7999""","=""186074.4375""","=""3s2.3p4.(3P).4p""","=""4D*""","=""3/2""","=""3s2.3p4.(3P).4d""","=""4F""","=""5/2""",,"=""T926""","=""L11520""",
Ar,2,"=""358.84403""","=""0.00001""","=""358.844021""","=""0.000008""","=""12303""","=""3.03e+08""",B,"=""157234.0196""","=""185093.3298""","=""3s2.3p4.(3P).4p""","=""4D*""","=""7/2""","=""3s2.3p4.(3P).4d""","=""4F""","=""9/2""",,"=""T926""","=""L11520""",
Ar,2,"=""359.3717""","=""0.0008""","=""359.371669""","=""0.000004""","=""2""","=""""",,"=""172213.8798""","=""200032.2867""","=""3s2.3p4.(1D).4p""","=""2P*""","=""3/2""","=""3s2.3p4.(3P).6s""","=""2P""","=""3/2""",,"=""""","=""L11520""",
Ar,2,"=""359.437""","=""0.002""","=""359.437559""","=""0.000006""","=""0.5""","=""""",,"=""142717.0965""","=""170530.4040""","=""3s2.3p4.(3P).3d""","=""4F""","=""7/2""","=""3s2.3p4.(1D).4p""","=""2F*""","=""7/2""",,"=""""","=""L14821""",
Ar,2,"=""360.02217""","=""0.00007""","=""360.022175""","=""0.000006""","=""10""","=""""",,"=""172213.8798""","=""199982.0244""","=""3s2.3p4.(1D).4p""","=""2P*""","=""3/2""","=""3s2.3p4.(1D).4d""","=""2D""","=""3/2""",,"=""""","=""L11520""",
Ar,2,"=""360.15089""","=""0.00004""","=""360.150884""","=""0.000006""","=""15""","=""2.e+05""",C,"=""132481.2068""","=""160239.4280""","=""3s2.3p4.(3P).3d""","=""4D""","=""5/2""","=""3s2.3p4.(3P).4p""","=""2P*""","=""3/2""",,"=""T926""","=""L11520""",
Ar,2,"=""360.3456""","=""0.0003""","=""360.345573""","=""0.000008""","=""3""","=""6.5e+06""",D,"=""158428.1087""","=""186171.3330""","=""3s2.3p4.(3P).4p""","=""4D*""","=""1/2""","=""3s2.3p4.(3P).4d""","=""4P""","=""1/2""",,"=""T1240""","=""L11520""",
Ar,2,"=""360.3905""","=""0.0004""","=""360.390419""","=""0.000003""","=""3""","=""""",,"=""155351.1206""","=""183090.8927""","=""3s2.3p4.(3P).4p""","=""4P*""","=""3/2""","=""3s2.3p4.(3P).5s""","=""2P""","=""3/2""",,"=""""","=""L11520""",
Ar,2,"=""360.58788""","=""0.00003""","=""360.587889""","=""0.000006""","=""24""","=""4.4e+06""",B,"=""145668.8845""","=""173393.4658""","=""3s2.3p4.(3P).3d""","=""2P""","=""3/2""","=""3s2.3p4.(1D).4p""","=""2D*""","=""5/2""",,"=""T926""","=""L11520""",
Ar,1,"=""360.6522""","=""""","=""360.65217""","=""""","=""7""","=""7.6e+05""",D,"=""93750.5978""","=""121470.238""","=""3s2.3p5.(2P*<3/2>).4s""","=""2[3/2]*""","=""1""","=""3s2.3p5.(2P*<3/2>).6p""","=""2[1/2]""","=""0""",,"=""T1086n""","=""L2634""",
Ar,2,"=""360.7401""","=""0.0006""","=""360.740366""","=""0.000006""","=""2""","=""""",,"=""163299.5616""","=""191012.4246""","=""3s2.3p4.(1D).3d""","=""2F""","=""5/2""","=""3s2.3p4.(3P).5p""","=""2D*""","=""3/2""",,"=""""","=""L14821""",
Ar,2,"=""361.1365""","=""0.0006""","=""361.136648""","=""0.000009""","=""1""","=""""",,"=""173347.9158""","=""201030.3698""","=""3s2.3p4.(1D).4p""","=""2D*""","=""3/2""","=""3s2.3p4.(3P).5d""","=""4P""","=""1/2""",,"=""""","=""L14821""",
Ar,2,"=""361.18130""","=""0.00004""","=""361.181306""","=""0.000006""","=""14""","=""6.e+05""",C,"=""145668.8845""","=""173347.9158""","=""3s2.3p4.(3P).3d""","=""2P""","=""3/2""","=""3s2.3p4.(1D).4p""","=""2D*""","=""3/2""",,"=""T926""","=""L11520""",
Ar,2,"=""362.0807""","=""0.0006""","=""362.080929""","=""0.000004""","=""3""","=""""",,"=""158730.2995""","=""186340.5616""","=""3s2.3p4.(3P).4p""","=""2D*""","=""5/2""","=""3s2.3p4.(3P).4d""","=""4F""","=""3/2""",,"=""""","=""L14821""",
Ar,2,"=""362.1012""","=""0.0006""","=""362.101412""","=""0.000006""","=""3""","=""""",,"=""132630.7277""","=""160239.4280""","=""3s2.3p4.(3P).3d""","=""4D""","=""3/2""","=""3s2.3p4.(3P).4p""","=""2P*""","=""3/2""",,"=""""","=""L14821""",
Ar,2,"=""362.21376""","=""0.00004""","=""362.213719""","=""0.000004""","=""30""","=""6.4e+07""",D,"=""155351.1206""","=""182951.2609""","=""3s2.3p4.(3P).4p""","=""4P*""","=""3/2""","=""3s2.3p4.(3P).5s""","=""4P""","=""1/2""",,"=""T1240""","=""L11520""",
Ar,2,"=""362.3444""","=""0.0006""","=""362.344968""","=""0.000008""","=""2""","=""""",,"=""172816.2926""","=""200406.4358""","=""3s2.3p4.(1D).4p""","=""2P*""","=""1/2""","=""3s2.3p4.(3P).5d""","=""4D""","=""1/2""",,"=""""","=""L14821""",
Ar,1,"=""""","=""""","=""363.26829""","=""""","=""""","=""6.6e+04""",D,"=""93750.5978""","=""121270.617""","=""3s2.3p5.(2P*<3/2>).4s""","=""2[3/2]*""","=""1""","=""3s2.3p5.(2P*<3/2>).6p""","=""2[3/2]""","=""2""",,"=""T1086n""","=""""",
Ar,1,"=""""","=""""","=""363.44600""","=""""","=""""","=""1.3e+05""",D,"=""93750.5978""","=""121257.161""","=""3s2.3p5.(2P*<3/2>).4s""","=""2[3/2]*""","=""1""","=""3s2.3p5.(2P*<3/2>).6p""","=""2[3/2]""","=""1""",,"=""T1086n""","=""""",
Ar,2,"=""363.48119""","=""0.00008""","=""363.481220""","=""0.000006""","=""9""","=""9.e+05""",C,"=""144709.9818""","=""172213.8798""","=""3s2.3p4.(3P).3d""","=""2P""","=""1/2""","=""3s2.3p4.(1D).4p""","=""2P*""","=""3/2""",,"=""T926""","=""L11520""",
Ar,2,"=""363.510""","=""0.002""","=""363.509952""","=""0.000008""","=""0h""","=""""",,"=""132737.7039""","=""160239.4280""","=""3s2.3p4.(3P).3d""","=""4D""","=""1/2""","=""3s2.3p4.(3P).4p""","=""2P*""","=""3/2""",,"=""""","=""L14821""",
Ar,2,"=""363.5636""","=""0.0006""","=""363.563755""","=""0.000006""","=""3""","=""""",,"=""159393.3850""","=""186891.0393""","=""3s2.3p4.(3P).4p""","=""2D*""","=""3/2""","=""3s2.3p4.(3P).4d""","=""4P""","=""5/2""",,"=""""","=""L14821""",
Ar,2,"=""363.70303""","=""0.00004""","=""363.703094""","=""0.000006""","=""19""","=""""",,"=""173393.4658""","=""200880.5857""","=""3s2.3p4.(1D).4p""","=""2D*""","=""5/2""","=""3s2.3p4.(3P).5d""","=""4F""","=""7/2""",,"=""""","=""L11520""",
Ar,3,"=""363.78731""","=""0.00001""","=""363.78731""","=""0.00003""","=""78""","=""""",,"=""199763.4147""","=""227244.1715""","=""3s2.3p3.(2D*).4s""","=""1D*""","=""2""","=""3s2.3p3.(2D*).4p""","=""1F""","=""3""",,"=""""","=""L11520""",
Ar,2,"=""363.98324""","=""0.00002""","=""363.983244""","=""0.000006""","=""42""","=""1.4e+08""",D,"=""172213.8798""","=""199679.8440""","=""3s2.3p4.(1D).4p""","=""2P*""","=""3/2""","=""3s2.3p4.(1D).4d""","=""2D""","=""5/2""",,"=""T1240""","=""L11520""",
Ar,1,"=""""","=""""","=""364.31163""","=""""","=""""","=""2.4e+04""",D,"=""93750.5978""","=""121191.805""","=""3s2.3p5.(2P*<3/2>).4s""","=""2[3/2]*""","=""1""","=""3s2.3p5.(2P*<3/2>).6p""","=""2[5/2]""","=""2""",,"=""T1086n""","=""""",
Ar,1,"=""""","=""""","=""364.98317""","=""""","=""""","=""8.0e+05""",D,"=""95399.8276""","=""122790.547""","=""3s2.3p5.(2P*<1/2>).4s""","=""2[1/2]*""","=""1""","=""3s2.3p5.(2P*<1/2>).6p""","=""2[1/2]""","=""0""",,"=""T1086n""","=""""",
Ar,2,"=""365.08891""","=""0.00012""","=""365.088923""","=""0.000005""","=""8""","=""1.2e+07""",D,"=""155708.1075""","=""183090.8927""","=""3s2.3p4.(3P).4p""","=""4P*""","=""1/2""","=""3s2.3p4.(3P).5s""","=""2P""","=""3/2""",,"=""T1240""","=""L11520""",
Ar,2,"=""365.1184""","=""0.0006""","=""365.119395""","=""0.000017""","=""0.5""","=""""",,"=""184191.7917""","=""211572.2917""","=""3s2.3p4.(3P).4d""","=""4D""","=""1/2""","=""3s2.3p4.(3P<1>).6f""","=""2[2]*""","=""3/2""",,"=""""","=""L14821""",
Ar,2,"=""365.52775""","=""0.00002""","=""365.527776""","=""0.000005""","=""37""","=""2.3e+07""",D,"=""160239.4280""","=""187589.3383""","=""3s2.3p4.(3P).4p""","=""2P*""","=""3/2""","=""3s2.3p4.(3P).4d""","=""2F""","=""5/2""",,"=""T1240""","=""L11520""",
Ar,2,"=""365.60495""","=""0.00002""","=""365.604940""","=""0.000005""","=""27""","=""7.6e+06""",B,"=""158730.2995""","=""186074.4375""","=""3s2.3p4.(3P).4p""","=""2D*""","=""5/2""","=""3s2.3p4.(3P).4d""","=""4F""","=""5/2""",,"=""T926""","=""L11520""",
Ar,2,"=""365.7216""","=""0.0003""","=""365.721694""","=""0.000007""","=""3""","=""""",,"=""172816.2926""","=""200151.7014""","=""3s2.3p4.(1D).4p""","=""2P*""","=""1/2""","=""3s2.3p4.(3P).5d""","=""4D""","=""3/2""",,"=""""","=""L11520""",
Ar,1,"=""""","=""""","=""365.95291""","=""""","=""""","=""4.4e+04""",D,"=""93750.5978""","=""121068.736""","=""3s2.3p5.(2P*<3/2>).4s""","=""2[3/2]*""","=""1""","=""3s2.3p5.(2P*<3/2>).6p""","=""2[1/2]""","=""1""",,"=""T1086n""","=""""",
Ar,2,"=""366.04362""","=""0.00003""","=""366.043646""","=""0.000006""","=""28""","=""2.2e+08""",D,"=""172213.8798""","=""199525.2465""","=""3s2.3p4.(1D).4p""","=""2P*""","=""3/2""","=""3s2.3p4.(1D).4d""","=""2P""","=""3/2""",,"=""T1240""","=""L11520""",
Ar,2,"=""366.113""","=""0.002""","=""366.1132""","=""0.0012""","=""0.5h""","=""""",,"=""187589.3383""","=""214895.52""","=""3s2.3p4.(3P).4d""","=""2F""","=""5/2""","=""3s2.3p4.(3P<1>).7f""","=""2[4]*""","=""7/2""",,"=""""","=""L14821""",
Ar,2,"=""366.96020""","=""0.00003""","=""366.960196""","=""0.000006""","=""26""","=""1.3e+07""",D,"=""155708.1075""","=""182951.2609""","=""3s2.3p4.(3P).4p""","=""4P*""","=""1/2""","=""3s2.3p4.(3P).5s""","=""4P""","=""1/2""",,"=""T1240""","=""L11520""",
Ar,3,"=""367.0275""","=""0.0020""","=""367.034""","=""0.003""","=""7""","=""""",,"=""214569.5""","=""241807.155""","=""3s2.3p3.(2D*).3d""","=""3P*""","=""0""","=""3s2.3p3.(2P*).4p""","=""1P""","=""1""",,"=""""","=""L9366""",
Ar,1,"=""""","=""""","=""367.06701""","=""""","=""""","=""3.1e+04""",D,"=""95399.8276""","=""122635.054""","=""3s2.3p5.(2P*<1/2>).4s""","=""2[1/2]*""","=""1""","=""3s2.3p5.(2P*<1/2>).6p""","=""2[3/2]""","=""2""",,"=""T1086n""","=""""",
Ar,2,"=""367.10045""","=""0.00003""","=""367.100424""","=""0.000008""","=""19""","=""7.1e+07""",D,"=""172213.8798""","=""199446.6269""","=""3s2.3p4.(1D).4p""","=""2P*""","=""3/2""","=""3s2.3p4.(1D).4d""","=""2P""","=""1/2""",,"=""T1240""","=""L11520""",
Ar,2,"=""367.32640""","=""0.00003""","=""367.326401""","=""0.000006""","=""22""","=""""",,"=""172816.2926""","=""200032.2867""","=""3s2.3p4.(1D).4p""","=""2P*""","=""1/2""","=""3s2.3p4.(3P).6s""","=""2P""","=""3/2""",,"=""""","=""L11520""",
Ar,2,"=""367.3842""","=""0.0006""","=""367.384290""","=""0.000006""","=""0""","=""""",,"=""163299.5616""","=""190511.2674""","=""3s2.3p4.(1D).3d""","=""2F""","=""5/2""","=""3s2.3p4.(3P).5p""","=""2D*""","=""5/2""",,"=""""","=""L14821""",
Ar,1,"=""""","=""""","=""367.52352""","=""""","=""""","=""4.9e+04""",D,"=""95399.8276""","=""122601.225""","=""3s2.3p5.(2P*<1/2>).4s""","=""2[1/2]*""","=""1""","=""3s2.3p5.(2P*<1/2>).6p""","=""2[1/2]""","=""1""",,"=""T1086n""","=""""",
Ar,2,"=""367.82690""","=""0.00007""","=""367.826948""","=""0.000005""","=""17""","=""2.5e+07""",D,"=""155043.1619""","=""182222.1209""","=""3s2.3p4.(3P).4p""","=""4P*""","=""5/2""","=""3s2.3p4.(3P).5s""","=""4P""","=""3/2""",,"=""T1240""","=""L11520""",
Ar,2,"=""368.00607""","=""0.00004""","=""368.006050""","=""0.000007""","=""20""","=""1.2e+08""",D,"=""172816.2926""","=""199982.0244""","=""3s2.3p4.(1D).4p""","=""2P*""","=""1/2""","=""3s2.3p4.(1D).4d""","=""2D""","=""3/2""",,"=""T1240""","=""L11520""",
Ar,9,"=""368.20""","=""0.15""","=""368.5""","=""0.5""","=""""","=""""",,"=""2823187""","=""2850315.""","=""2s2.2p5.4d""","=""3P*""","=""1""","=""2s2.2p5.4f""","=""1D""","=""2""",,"=""""","=""L10586""",
Ar,2,"=""368.25439""","=""0.00008""","=""368.254450""","=""0.000007""","=""9""","=""1.7e+06""",B,"=""145668.8845""","=""172816.2926""","=""3s2.3p4.(3P).3d""","=""2P""","=""3/2""","=""3s2.3p4.(1D).4p""","=""2P*""","=""1/2""",,"=""T926""","=""L11520""",
Ar,3,"=""368.3431""","=""0.0020""","=""368.34576""","=""0.00015""","=""6""","=""""",,"=""225149.2072""","=""252289.886""","=""3s2.3p3.(2D*).4p""","=""3D""","=""2""","=""3s2.3p3.(4S*).4d""","=""3D*""","=""3""",,"=""""","=""L9366""",
Ar,3,"=""368.5601""","=""0.0020""","=""368.55915""","=""0.00010""","=""5""","=""""",,"=""225149.2072""","=""252274.172""","=""3s2.3p3.(2D*).4p""","=""3D""","=""2""","=""3s2.3p3.(4S*).4d""","=""3D*""","=""1""",,"=""""","=""L9366""",
Ar,3,"=""368.6601""","=""0.0020""","=""368.65952""","=""0.00010""","=""6""","=""""",,"=""225156.5915""","=""252274.172""","=""3s2.3p3.(2D*).4p""","=""3D""","=""1""","=""3s2.3p3.(4S*).4d""","=""3D*""","=""1""",,"=""""","=""L9366""",
Ar,3,"=""368.8230""","=""0.0020""","=""368.82265""","=""0.00007""","=""7""","=""""",,"=""225149.2072""","=""252254.794""","=""3s2.3p3.(2D*).4p""","=""3D""","=""2""","=""3s2.3p3.(4S*).4d""","=""3D*""","=""2""",,"=""""","=""L9366""",
Ar,3,"=""368.9250""","=""0.0020""","=""368.92315""","=""0.00007""","=""4""","=""""",,"=""225156.5915""","=""252254.794""","=""3s2.3p3.(2D*).4p""","=""3D""","=""1""","=""3s2.3p3.(4S*).4d""","=""3D*""","=""2""",,"=""""","=""L9366""",
Ar,2,"=""369.2126""","=""0.0006""","=""369.212380""","=""0.000006""","=""1""","=""""",,"=""159393.3850""","=""186470.3603""","=""3s2.3p4.(3P).4p""","=""2D*""","=""3/2""","=""3s2.3p4.(3P).4d""","=""4P""","=""3/2""",,"=""""","=""L14821""",
Ar,2,"=""369.2299""","=""0.0012""","=""369.228325""","=""0.000006""","=""1h,l,bl?""","=""""",,"=""132630.7277""","=""159706.5337""","=""3s2.3p4.(3P).3d""","=""4D""","=""3/2""","=""3s2.3p4.(3P).4p""","=""2P*""","=""1/2""",,"=""""","=""L14821""",
Ar,2,"=""369.4643""","=""0.0006""","=""369.464208""","=""0.000006""","=""2""","=""""",,"=""173347.9158""","=""200406.4358""","=""3s2.3p4.(1D).4p""","=""2D*""","=""3/2""","=""3s2.3p4.(3P).5d""","=""4D""","=""1/2""",,"=""""","=""L14821""",
Ar,3,"=""369.5988""","=""0.0020""","=""369.60863""","=""0.00010""","=""9""","=""""",,"=""196615.2125""","=""223663.160""","=""3s2.3p3.(2D*).4s""","=""3D*""","=""2""","=""3s2.3p3.(2D*).4p""","=""1P""","=""1""",,"=""""","=""L9366""",
Ar,2,"=""370.2005""","=""0.0006""","=""370.200145""","=""0.000005""","=""2""","=""""",,"=""163506.5368""","=""190511.2674""","=""3s2.3p4.(1D).3d""","=""2F""","=""7/2""","=""3s2.3p4.(3P).5p""","=""2D*""","=""5/2""",,"=""""","=""L14821""",
Ar,2,"=""370.3550""","=""0.0006""","=""370.3550""","=""0.0005""","=""1""","=""""",,"=""186816.0496""","=""213809.49""","=""3s2.3p4.(3P).4d""","=""2F""","=""7/2""","=""3s2.3p4.(3P<2>).7f""","=""2[5]*""","=""9/2""",,"=""""","=""L14821""",
Ar,2,"=""370.69302""","=""0.00003""","=""370.692967""","=""0.000009""","=""7""","=""2.e+05""",C,"=""132737.7039""","=""159706.5337""","=""3s2.3p4.(3P).3d""","=""4D""","=""1/2""","=""3s2.3p4.(3P).4p""","=""2P*""","=""1/2""",,"=""T926""","=""L2634""",
Ar,2,"=""370.99085""","=""0.00006""","=""370.990842""","=""0.000005""","=""11""","=""4.7e+06""",B,"=""159393.3850""","=""186340.5616""","=""3s2.3p4.(3P).4p""","=""2D*""","=""3/2""","=""3s2.3p4.(3P).4d""","=""4F""","=""3/2""",,"=""T926""","=""L11520""",
Ar,3,"=""371.2764""","=""0.0020""","=""371.27934""","=""0.00005""","=""10""","=""""",,"=""200317.933""","=""227244.1715""","=""3s2.3p3.(2P*).3d""","=""1F*""","=""3""","=""3s2.3p3.(2D*).4p""","=""1F""","=""3""",,"=""""","=""L9366""",
Ar,2,"=""371.3019""","=""0.0006""","=""371.301505""","=""0.000005""","=""2""","=""""",,"=""172213.8798""","=""199138.5106""","=""3s2.3p4.(1D).4p""","=""2P*""","=""3/2""","=""3s2.3p4.(3P).6s""","=""4P""","=""3/2""",,"=""""","=""L14821""",
Ar,2,"=""371.47332""","=""0.00004""","=""371.473315""","=""0.000006""","=""14""","=""2.e+05""",D,"=""132481.2068""","=""159393.3850""","=""3s2.3p4.(3P).3d""","=""4D""","=""5/2""","=""3s2.3p4.(3P).4p""","=""2D*""","=""3/2""",,"=""T926""","=""L11520""",
Ar,3,"=""371.6553""","=""0.0020""","=""371.6557""","=""0.0014""","=""8""","=""""",,"=""204728.39""","=""231627.364""","=""3s2.3p3.(2D*).3d""","=""3S*""","=""1""","=""3s2.3p3.(2D*).4p""","=""3P""","=""1""",,"=""""","=""L9366""",
Ar,2,"=""371.71721""","=""0.00015""","=""371.717101""","=""0.000006""","=""6""","=""5.2e+06""",B,"=""158730.2995""","=""185624.8282""","=""3s2.3p4.(3P).4p""","=""2D*""","=""5/2""","=""3s2.3p4.(3P).4d""","=""4F""","=""7/2""",,"=""T926""","=""L11520""",
Ar,2,"=""371.82061""","=""0.00001""","=""371.820606""","=""0.000006""","=""93""","=""2.e+08""",D,"=""173347.9158""","=""200234.9579""","=""3s2.3p4.(1D).4p""","=""2D*""","=""3/2""","=""3s2.3p4.(1D).4d""","=""2F""","=""5/2""",,"=""T1240""","=""L11520""",
Ar,2,"=""372.04258""","=""0.00011""","=""372.042586""","=""0.000005""","=""12""","=""1.7e+07""",D,"=""155351.1206""","=""182222.1209""","=""3s2.3p4.(3P).4p""","=""4P*""","=""3/2""","=""3s2.3p4.(3P).5s""","=""4P""","=""3/2""",,"=""T1240""","=""L11520""",
Ar,3,"=""372.3251""","=""0.0020""","=""372.32412""","=""0.00007""","=""5""","=""""",,"=""225404.1120""","=""252254.794""","=""3s2.3p3.(2D*).4p""","=""3D""","=""3""","=""3s2.3p3.(4S*).4d""","=""3D*""","=""2""",,"=""""","=""L9366""",
Ar,2,"=""372.45156""","=""0.00005""","=""372.451602""","=""0.000006""","=""14""","=""3.4e+07""",D,"=""173393.4658""","=""200234.9579""","=""3s2.3p4.(1D).4p""","=""2D*""","=""5/2""","=""3s2.3p4.(1D).4d""","=""2F""","=""5/2""",,"=""T1240""","=""L11520""",
Ar,2,"=""372.93082""","=""0.00001""","=""372.930810""","=""0.000006""","=""234""","=""4.80e+07""",B,"=""134241.7389""","=""161048.7411""","=""3s2.3p4.(3P).4s""","=""4P""","=""5/2""","=""3s2.3p4.(3P).4p""","=""4S*""","=""3/2""",,"=""T926""","=""L11520""",
Ar,2,"=""373.337""","=""0.004""","=""373.335452""","=""0.000006""","=""1h,bl""","=""""",,"=""159393.3850""","=""186171.3330""","=""3s2.3p4.(3P).4p""","=""2D*""","=""3/2""","=""3s2.3p4.(3P).4d""","=""4P""","=""1/2""",,"=""""","=""L14821""",
Ar,2,"=""373.54880""","=""0.00017""","=""373.548761""","=""0.000006""","=""4""","=""3.e+05""",C+,"=""132630.7277""","=""159393.3850""","=""3s2.3p4.(3P).3d""","=""4D""","=""3/2""","=""3s2.3p4.(3P).4p""","=""2D*""","=""3/2""",,"=""T926""","=""L11520""",
Ar,2,"=""373.78889""","=""0.00001""","=""373.788890""","=""0.000005""","=""126""","=""2.3e+08""",D,"=""173393.4658""","=""200138.9307""","=""3s2.3p4.(1D).4p""","=""2D*""","=""5/2""","=""3s2.3p4.(1D).4d""","=""2F""","=""7/2""",,"=""T1240""","=""L11520""",
Ar,2,"=""374.4274""","=""0.0006""","=""374.427089""","=""0.000018""","=""1""","=""""",,"=""179931.8393""","=""206631.7185""","=""3s2.3p4.(1S).3d""","=""2D""","=""3/2""","=""3s2.3p4.(3P<0>).5f""","=""2[3]*""","=""5/2""",,"=""""","=""L14821""",
Ar,2,"=""374.64469""","=""0.00001""","=""374.644703""","=""0.000005""","=""275""","=""""",,"=""173347.9158""","=""200032.2867""","=""3s2.3p4.(1D).4p""","=""2D*""","=""3/2""","=""3s2.3p4.(3P).6s""","=""2P""","=""3/2""",,"=""""","=""L11520""",
Ar,2,"=""374.69130""","=""0.00010""","=""374.691300""","=""0.000005""","=""7""","=""2.1e+06""",B,"=""159393.3850""","=""186074.4375""","=""3s2.3p4.(3P).4p""","=""2D*""","=""3/2""","=""3s2.3p4.(3P).4d""","=""4F""","=""5/2""",,"=""T926""","=""L11520""",
Ar,2,"=""375.04801""","=""0.00005""","=""375.047947""","=""0.000009""","=""13""","=""1.e+05""",D,"=""132737.7039""","=""159393.3850""","=""3s2.3p4.(3P).3d""","=""4D""","=""1/2""","=""3s2.3p4.(3P).4p""","=""2D*""","=""3/2""",,"=""T926""","=""L11520""",
Ar,2,"=""375.1047""","=""0.0006""","=""375.105220""","=""0.000006""","=""2""","=""""",,"=""160239.4280""","=""186891.0393""","=""3s2.3p4.(3P).4p""","=""2P*""","=""3/2""","=""3s2.3p4.(3P).4d""","=""4P""","=""5/2""",,"=""""","=""L14821""",
Ar,2,"=""375.1330""","=""0.0006""","=""375.13259""","=""0.00003""","=""1""","=""""",,"=""183797.4473""","=""210447.1140""","=""3s2.3p4.(3P).4d""","=""4D""","=""5/2""","=""3s2.3p4.(3P<2>).6f""","=""2[4]*""","=""7/2""",,"=""""","=""L14821""",
Ar,2,"=""375.2856""","=""0.0006""","=""375.285328""","=""0.000005""","=""0.5""","=""""",,"=""173393.4658""","=""200032.2867""","=""3s2.3p4.(1D).4p""","=""2D*""","=""5/2""","=""3s2.3p4.(3P).6s""","=""2P""","=""3/2""",,"=""""","=""L14821""",
Ar,2,"=""375.35172""","=""0.00003""","=""375.351727""","=""0.000006""","=""26""","=""""",,"=""173347.9158""","=""199982.0244""","=""3s2.3p4.(1D).4p""","=""2D*""","=""3/2""","=""3s2.3p4.(1D).4d""","=""2D""","=""3/2""",,"=""""","=""L11520""",
Ar,2,"=""375.40493""","=""0.00008""","=""375.404927""","=""0.000010""","=""11""","=""""",,"=""172816.2926""","=""199446.6269""","=""3s2.3p4.(1D).4p""","=""2P*""","=""1/2""","=""3s2.3p4.(1D).4d""","=""2P""","=""1/2""",,"=""""","=""L11520""",
Ar,3,"=""375.6382""","=""0.0020""","=""375.6385""","=""0.0014""","=""9""","=""""",,"=""204728.39""","=""231342.1658""","=""3s2.3p3.(2D*).3d""","=""3S*""","=""1""","=""3s2.3p3.(2D*).4p""","=""3P""","=""2""",,"=""""","=""L9366""",
Ar,2,"=""375.66701""","=""0.00020""","=""375.666900""","=""0.000005""","=""4""","=""""",,"=""173347.9158""","=""199959.6798""","=""3s2.3p4.(1D).4p""","=""2D*""","=""3/2""","=""3s2.3p4.(3P).5d""","=""4D""","=""5/2""",,"=""""","=""L11520""",
Ar,2,"=""376.3111""","=""0.0006""","=""376.311028""","=""0.000005""","=""2""","=""""",,"=""173393.4658""","=""199959.6798""","=""3s2.3p4.(1D).4p""","=""2D*""","=""5/2""","=""3s2.3p4.(3P).5d""","=""4D""","=""5/2""",,"=""""","=""L14821""",
Ar,2,"=""376.35041""","=""0.00005""","=""376.350501""","=""0.000006""","=""17""","=""1.78e+07""",B,"=""157234.0196""","=""183797.4473""","=""3s2.3p4.(3P).4p""","=""4D*""","=""7/2""","=""3s2.3p4.(3P).4d""","=""4D""","=""5/2""",,"=""T926""","=""L11520""",
Ar,2,"=""376.52697""","=""0.00001""","=""376.526969""","=""0.000005""","=""186""","=""9.8e+07""",D,"=""155043.1619""","=""181594.1404""","=""3s2.3p4.(3P).4p""","=""4P*""","=""5/2""","=""3s2.3p4.(3P).5s""","=""4P""","=""5/2""",,"=""T1240""","=""L11520""",
Ar,2,"=""376.61182""","=""0.00001""","=""376.611839""","=""0.000006""","=""91""","=""7.4e+06""",B,"=""145668.8845""","=""172213.8798""","=""3s2.3p4.(3P).3d""","=""2P""","=""3/2""","=""3s2.3p4.(1D).4p""","=""2P*""","=""3/2""",,"=""T926""","=""L11520""",
Ar,1,"=""377.0369""","=""""","=""377.03689""","=""""","=""20""","=""7.0e+04""",D,"=""94553.6652""","=""121068.736""","=""3s2.3p5.(2P*<1/2>).4s""","=""2[1/2]*""","=""0""","=""3s2.3p5.(2P*<3/2>).6p""","=""2[1/2]""","=""1""",,"=""T1086n""","=""L2634""",
Ar,2,"=""377.05194""","=""0.00004""","=""377.051925""","=""0.000006""","=""33""","=""4.1e+07""",D,"=""155708.1075""","=""182222.1209""","=""3s2.3p4.(3P).4p""","=""4P*""","=""1/2""","=""3s2.3p4.(3P).5s""","=""4P""","=""3/2""",,"=""T1240""","=""L11520""",
Ar,2,"=""377.4522""","=""0.0006""","=""377.451913""","=""0.000005""","=""4""","=""""",,"=""173393.4658""","=""199879.3828""","=""3s2.3p4.(1D).4p""","=""2D*""","=""5/2""","=""3s2.3p4.(3P).5d""","=""4D""","=""7/2""",,"=""""","=""L14821""",
Ar,2,"=""377.75310""","=""0.00008""","=""377.753110""","=""0.000006""","=""5""","=""1.1e+06""",D,"=""159706.5337""","=""186171.3330""","=""3s2.3p4.(3P).4p""","=""2P*""","=""1/2""","=""3s2.3p4.(3P).4d""","=""4P""","=""1/2""",,"=""T926""","=""L11520""",
Ar,2,"=""378.08394""","=""0.00001""","=""378.083953""","=""0.000006""","=""81""","=""7.7e+07""",B,"=""157234.0196""","=""183675.6614""","=""3s2.3p4.(3P).4p""","=""4D*""","=""7/2""","=""3s2.3p4.(3P).4d""","=""4D""","=""7/2""",,"=""T926""","=""L11520""",
Ar,2,"=""378.63819""","=""0.00004""","=""378.638198""","=""0.000006""","=""20""","=""1.5e+06""",B,"=""132327.3616""","=""158730.2995""","=""3s2.3p4.(3P).3d""","=""4D""","=""7/2""","=""3s2.3p4.(3P).4p""","=""2D*""","=""5/2""",,"=""T926""","=""L11520""",
Ar,2,"=""379.3226""","=""0.0006""","=""379.322798""","=""0.000006""","=""1""","=""""",,"=""163299.5616""","=""189654.8487""","=""3s2.3p4.(1D).3d""","=""2F""","=""5/2""","=""3s2.3p4.(3P).5p""","=""4D*""","=""5/2""",,"=""""","=""L14821""",
Ar,3,"=""379.53435""","=""0.00001""","=""379.534350""","=""0.000023""","=""148""","=""""",,"=""213951.7743""","=""240292.3714""","=""3s2.3p3.(2D*).3d""","=""3P*""","=""2""","=""3s2.3p3.(2P*).4p""","=""3D""","=""3""",,"=""""","=""L11520""",
Ar,2,"=""379.65931""","=""0.00006""","=""379.659302""","=""0.000006""","=""13""","=""2.5e+07""",D,"=""173347.9158""","=""199679.8440""","=""3s2.3p4.(1D).4p""","=""2D*""","=""3/2""","=""3s2.3p4.(1D).4d""","=""2D""","=""5/2""",,"=""T1240""","=""L11520""",
Ar,2,"=""379.93811""","=""0.00006""","=""379.938187""","=""0.000006""","=""12""","=""1.7e+07""",C,"=""157673.4134""","=""183986.0137""","=""3s2.3p4.(3P).4p""","=""4D*""","=""5/2""","=""3s2.3p4.(3P).4d""","=""4D""","=""3/2""",,"=""T926""","=""L11520""",
Ar,3,"=""380.025""","=""0.003""","=""380.02371""","=""0.00006""","=""6""","=""""",,"=""213951.7743""","=""240258.453""","=""3s2.3p3.(2D*).3d""","=""3P*""","=""2""","=""3s2.3p3.(2P*).4p""","=""3D""","=""2""",,"=""""","=""L7493""",
Ar,2,"=""380.31720""","=""0.00001""","=""380.317205""","=""0.000006""","=""69""","=""1.5e+08""",D,"=""173393.4658""","=""199679.8440""","=""3s2.3p4.(1D).4p""","=""2D*""","=""5/2""","=""3s2.3p4.(1D).4d""","=""2D""","=""5/2""",,"=""T1240""","=""L11520""",
Ar,2,"=""380.85745""","=""0.00006""","=""380.857439""","=""0.000006""","=""14""","=""1.0e+06""",C,"=""132481.2068""","=""158730.2995""","=""3s2.3p4.(3P).3d""","=""4D""","=""5/2""","=""3s2.3p4.(3P).4p""","=""2D*""","=""5/2""",,"=""T926""","=""L11520""",
Ar,2,"=""380.94558""","=""0.00002""","=""380.945576""","=""0.000005""","=""91""","=""4.4e+07""",D,"=""155351.1206""","=""181594.1404""","=""3s2.3p4.(3P).4p""","=""4P*""","=""3/2""","=""3s2.3p4.(3P).5s""","=""4P""","=""5/2""",,"=""T1240""","=""L11520""",
Ar,2,"=""381.1212""","=""0.0006""","=""381.121124""","=""0.000006""","=""2""","=""""",,"=""160239.4280""","=""186470.3603""","=""3s2.3p4.(3P).4p""","=""2P*""","=""3/2""","=""3s2.3p4.(3P).4d""","=""4P""","=""3/2""",,"=""""","=""L14821""",
Ar,3,"=""381.570""","=""0.003""","=""381.56795""","=""0.00018""","=""1""","=""""",,"=""213951.7743""","=""240151.990""","=""3s2.3p3.(2D*).3d""","=""3P*""","=""2""","=""3s2.3p3.(2P*).4p""","=""3D""","=""1""",,"=""""","=""L7493""",
Ar,2,"=""381.7380""","=""0.0006""","=""381.738108""","=""0.000018""","=""1h""","=""""",,"=""179931.8393""","=""206120.3769""","=""3s2.3p4.(1S).3d""","=""2D""","=""3/2""","=""3s2.3p4.(3P<1>).5f""","=""2[2]*""","=""5/2""",,"=""""","=""L14821""",
Ar,2,"=""381.90150""","=""0.00009""","=""381.901539""","=""0.000006""","=""8""","=""3.6e+05""",D,"=""173347.9158""","=""199525.2465""","=""3s2.3p4.(1D).4p""","=""2D*""","=""3/2""","=""3s2.3p4.(1D).4d""","=""2P""","=""3/2""",,"=""T1240""","=""L11520""",
Ar,2,"=""382.3254""","=""0.0006""","=""382.325375""","=""0.000005""","=""3""","=""""",,"=""163506.5368""","=""189654.8487""","=""3s2.3p4.(1D).3d""","=""2F""","=""7/2""","=""3s2.3p4.(3P).5p""","=""4D*""","=""5/2""",,"=""""","=""L14821""",
Ar,2,"=""382.56723""","=""0.00004""","=""382.567243""","=""0.000006""","=""19""","=""7.6e+07""",D,"=""173393.4658""","=""199525.2465""","=""3s2.3p4.(1D).4p""","=""2D*""","=""5/2""","=""3s2.3p4.(1D).4d""","=""2P""","=""3/2""",,"=""T1240""","=""L11520""",
Ar,2,"=""382.68067""","=""0.00003""","=""382.680692""","=""0.000006""","=""30""","=""2.81e+07""",B,"=""157673.4134""","=""183797.4473""","=""3s2.3p4.(3P).4p""","=""4D*""","=""5/2""","=""3s2.3p4.(3P).4d""","=""4D""","=""5/2""",,"=""T926""","=""L11520""",
Ar,2,"=""383.0165""","=""0.0006""","=""383.016452""","=""0.000005""","=""1""","=""""",,"=""160239.4280""","=""186340.5616""","=""3s2.3p4.(3P).4p""","=""2P*""","=""3/2""","=""3s2.3p4.(3P).4d""","=""4F""","=""3/2""",,"=""""","=""L14821""",
Ar,2,"=""383.03951""","=""0.00012""","=""383.039372""","=""0.000006""","=""6""","=""4.e+05""",D,"=""132630.7277""","=""158730.2995""","=""3s2.3p4.(3P).3d""","=""4D""","=""3/2""","=""3s2.3p4.(3P).4p""","=""2D*""","=""5/2""",,"=""T926""","=""L11520""",
Ar,2,"=""383.05209""","=""0.00011""","=""383.052004""","=""0.000009""","=""7""","=""""",,"=""173347.9158""","=""199446.6269""","=""3s2.3p4.(1D).4p""","=""2D*""","=""3/2""","=""3s2.3p4.(1D).4d""","=""2P""","=""1/2""",,"=""""","=""L11520""",
Ar,7,"=""383.37""","=""0.04""","=""383.37""","=""0.23""","=""""","=""""",,"=""892803.""","=""918880.""","=""3s.7g""","=""3G""","=""5""","=""3s.8h""","=""3H*""","=""6""",,"=""""","=""L11308""",
Ar,1,"=""383.4679""","=""""","=""383.46784""","=""""","=""7""","=""7.5e+05""",D,"=""95399.8276""","=""121470.238""","=""3s2.3p5.(2P*<1/2>).4s""","=""2[1/2]*""","=""1""","=""3s2.3p5.(2P*<3/2>).6p""","=""2[1/2]""","=""0""",,"=""T1086n""","=""L2634""",
Ar,2,"=""383.8239""","=""0.0006""","=""383.8239""","=""0.0004""","=""1""","=""""",,"=""188766.2129""","=""214812.44""","=""3s2.3p4.(3P).5p""","=""4P*""","=""5/2""","=""3s2.3p4.(3P).8d""","=""4D""","=""7/2""",,"=""""","=""L14821""",
Ar,2,"=""384.15186""","=""0.00005""","=""384.151838""","=""0.000011""","=""18""","=""2.69e+07""",B,"=""158167.7999""","=""184191.7917""","=""3s2.3p4.(3P).4p""","=""4D*""","=""3/2""","=""3s2.3p4.(3P).4d""","=""4D""","=""1/2""",,"=""T926""","=""L11520""",
Ar,2,"=""384.45622""","=""0.00010""","=""384.456216""","=""0.000004""","=""6""","=""3.e+05""",E,"=""135085.9958""","=""161089.3846""","=""3s2.3p4.(3P).4s""","=""4P""","=""3/2""","=""3s2.3p4.(3P).4p""","=""2S*""","=""1/2""",,"=""T926""","=""L11520""",
Ar,2,"=""384.47306""","=""0.00017""","=""384.473084""","=""0.000006""","=""5""","=""4.8e+06""",B,"=""157673.4134""","=""183675.6614""","=""3s2.3p4.(3P).4p""","=""4D*""","=""5/2""","=""3s2.3p4.(3P).4d""","=""4D""","=""7/2""",,"=""T926""","=""L11520""",
Ar,2,"=""384.54049""","=""0.00002""","=""384.540506""","=""0.000006""","=""32""","=""1.6e+06""",C,"=""134241.7389""","=""160239.4280""","=""3s2.3p4.(3P).4s""","=""4P""","=""5/2""","=""3s2.3p4.(3P).4p""","=""2P*""","=""3/2""",,"=""T926""","=""L11520""",
Ar,2,"=""385.05808""","=""0.00001""","=""385.058079""","=""0.000005""","=""263""","=""3.87e+07""",B,"=""135085.9958""","=""161048.7411""","=""3s2.3p4.(3P).4s""","=""4P""","=""3/2""","=""3s2.3p4.(3P).4p""","=""4S*""","=""3/2""",,"=""T926""","=""L11520""",
Ar,2,"=""385.51603""","=""0.00010""","=""385.516032""","=""0.000006""","=""6""","=""1.5e+06""",D,"=""160239.4280""","=""186171.3330""","=""3s2.3p4.(3P).4p""","=""2P*""","=""3/2""","=""3s2.3p4.(3P).4d""","=""4P""","=""1/2""",,"=""T1240""","=""L11520""",
Ar,2,"=""385.61374""","=""0.00017""","=""385.613749""","=""0.000009""","=""6""","=""""",,"=""158167.7999""","=""184093.1337""","=""3s2.3p4.(3P).4p""","=""4D*""","=""3/2""","=""3s2.3p4.(1D).3d""","=""2S""","=""1/2""",,"=""""","=""L11520""",
Ar,3,"=""385.82923""","=""0.00005""","=""385.82925""","=""0.00010""","=""8""","=""""",,"=""214347.599""","=""240258.453""","=""3s2.3p3.(2D*).3d""","=""3P*""","=""1""","=""3s2.3p3.(2P*).4p""","=""3D""","=""2""",,"=""""","=""L11520""",
Ar,2,"=""386.1348""","=""0.0006""","=""386.134778""","=""0.000008""","=""3""","=""""",,"=""147503.1134""","=""173393.4658""","=""3s2.3p4.(3P).3d""","=""4P""","=""3/2""","=""3s2.3p4.(1D).4p""","=""2D*""","=""5/2""",,"=""""","=""L14821""",
Ar,2,"=""386.85281""","=""0.00001""","=""386.852819""","=""0.000006""","=""166""","=""1.4e+08""",C,"=""161048.7411""","=""186891.0393""","=""3s2.3p4.(3P).4p""","=""4S*""","=""3/2""","=""3s2.3p4.(3P).4d""","=""4P""","=""5/2""",,"=""T926""","=""L11520""",
Ar,2,"=""386.9614""","=""0.0006""","=""386.961963""","=""0.000005""","=""2h""","=""6.e+05""",C,"=""160239.4280""","=""186074.4375""","=""3s2.3p4.(3P).4p""","=""2P*""","=""3/2""","=""3s2.3p4.(3P).4d""","=""4F""","=""5/2""",,"=""T926""","=""L14821""",
Ar,2,"=""387.21361""","=""0.00007""","=""387.213701""","=""0.000006""","=""11""","=""1.5e+07""",C,"=""158167.7999""","=""183986.0137""","=""3s2.3p4.(3P).4p""","=""4D*""","=""3/2""","=""3s2.3p4.(3P).4d""","=""4D""","=""3/2""",,"=""T926""","=""L11520""",
Ar,3,"=""387.422""","=""0.003""","=""387.42113""","=""0.00020""","=""4""","=""""",,"=""214347.599""","=""240151.990""","=""3s2.3p3.(2D*).3d""","=""3P*""","=""1""","=""3s2.3p3.(2P*).4p""","=""3D""","=""1""",,"=""""","=""L7493""",
Ar,2,"=""387.52641""","=""0.00001""","=""387.526405""","=""0.000009""","=""78""","=""8.2e+06""",B,"=""132630.7277""","=""158428.1087""","=""3s2.3p4.(3P).3d""","=""4D""","=""3/2""","=""3s2.3p4.(3P).4p""","=""4D*""","=""1/2""",,"=""T926""","=""L11520""",
Ar,2,"=""388.03323""","=""0.00005""","=""388.033288""","=""0.000011""","=""15""","=""2.32e+07""",B,"=""158428.1087""","=""184191.7917""","=""3s2.3p4.(3P).4p""","=""4D*""","=""1/2""","=""3s2.3p4.(3P).4d""","=""4D""","=""1/2""",,"=""T926""","=""L11520""",
Ar,2,"=""388.314""","=""0.002""","=""388.314212""","=""0.000005""","=""0h""","=""""",,"=""173393.4658""","=""199138.5106""","=""3s2.3p4.(1D).4p""","=""2D*""","=""5/2""","=""3s2.3p4.(3P).6s""","=""4P""","=""3/2""",,"=""""","=""L14821""",
Ar,2,"=""389.14011""","=""0.00006""","=""389.140123""","=""0.000011""","=""14""","=""4.3e+06""",B,"=""132737.7039""","=""158428.1087""","=""3s2.3p4.(3P).3d""","=""4D""","=""1/2""","=""3s2.3p4.(3P).4p""","=""4D*""","=""1/2""",,"=""T926""","=""L11520""",
Ar,2,"=""389.19787""","=""0.00002""","=""389.197869""","=""0.000008""","=""50""","=""6.3e+06""",C,"=""132481.2068""","=""158167.7999""","=""3s2.3p4.(3P).3d""","=""4D""","=""5/2""","=""3s2.3p4.(3P).4p""","=""4D*""","=""3/2""",,"=""T926""","=""L11520""",
Ar,1,"=""""","=""""","=""389.46601""","=""""","=""""","=""5.7e+04""",D,"=""95399.8276""","=""121068.736""","=""3s2.3p5.(2P*<1/2>).4s""","=""2[1/2]*""","=""1""","=""3s2.3p5.(2P*<3/2>).6p""","=""2[1/2]""","=""1""",,"=""T1086n""","=""""",
Ar,2,"=""389.52506""","=""0.00014""","=""389.524947""","=""0.000009""","=""5""","=""""",,"=""158428.1087""","=""184093.1337""","=""3s2.3p4.(3P).4p""","=""4D*""","=""1/2""","=""3s2.3p4.(1D).3d""","=""2S""","=""1/2""",,"=""""","=""L11520""",
Ar,2,"=""390.06251""","=""0.00010""","=""390.062636""","=""0.000006""","=""8""","=""7.2e+06""",B,"=""158167.7999""","=""183797.4473""","=""3s2.3p4.(3P).4p""","=""4D*""","=""3/2""","=""3s2.3p4.(3P).4d""","=""4D""","=""5/2""",,"=""T926""","=""L11520""",
Ar,2,"=""390.695""","=""0.004""","=""390.693849""","=""0.000014""","=""0bl?""","=""""",,"=""147228.0521""","=""172816.2926""","=""3s2.3p4.(3P).3d""","=""4P""","=""1/2""","=""3s2.3p4.(1D).4p""","=""2P*""","=""1/2""",,"=""""","=""L14821""",
Ar,3,"=""390.784""","=""0.003""","=""390.782""","=""0.003""","=""7""","=""""",,"=""214569.5""","=""240151.990""","=""3s2.3p3.(2D*).3d""","=""3P*""","=""0""","=""3s2.3p3.(2P*).4p""","=""3D""","=""1""",,"=""""","=""L7493""",
Ar,2,"=""391.15759""","=""0.00011""","=""391.157587""","=""0.000008""","=""6""","=""7.7e+06""",C+,"=""158428.1087""","=""183986.0137""","=""3s2.3p4.(3P).4p""","=""4D*""","=""1/2""","=""3s2.3p4.(3P).4d""","=""4D""","=""3/2""",,"=""T926""","=""L11520""",
Ar,2,"=""391.47674""","=""0.00004""","=""391.476695""","=""0.000008""","=""25""","=""3.7e+06""",B,"=""132630.7277""","=""158167.7999""","=""3s2.3p4.(3P).3d""","=""4D""","=""3/2""","=""3s2.3p4.(3P).4p""","=""4D*""","=""3/2""",,"=""T926""","=""L11520""",
Ar,2,"=""391.5516""","=""0.0012""","=""391.55287""","=""0.00003""","=""1bl""","=""""",,"=""186074.4375""","=""211606.5420""","=""3s2.3p4.(3P).4d""","=""4F""","=""5/2""","=""3s2.3p4.(3P<1>).6f""","=""2[4]*""","=""7/2""",,"=""""","=""L14821""",
Ar,2,"=""391.77669""","=""0.00013""","=""391.776691""","=""0.000007""","=""5""","=""1.e+05""",C,"=""147875.9477""","=""173393.4658""","=""3s2.3p4.(3P).3d""","=""4P""","=""5/2""","=""3s2.3p4.(1D).4p""","=""2D*""","=""5/2""",,"=""T1386n""","=""L11520""",
Ar,2,"=""392.2359""","=""0.0006""","=""392.235796""","=""0.000007""","=""2""","=""3.e+05""",C,"=""135601.7336""","=""161089.3846""","=""3s2.3p4.(3P).4s""","=""4P""","=""1/2""","=""3s2.3p4.(3P).4p""","=""2S*""","=""1/2""",,"=""T926""","=""L14821""",
Ar,2,"=""392.2528""","=""0.0006""","=""392.252967""","=""0.000007""","=""1h""","=""""",,"=""158428.1087""","=""183914.6440""","=""3s2.3p4.(3P).4p""","=""4D*""","=""1/2""","=""3s2.3p4.(3P).5s""","=""2P""","=""1/2""",,"=""""","=""L14821""",
Ar,2,"=""392.3556""","=""0.0006""","=""392.3555""","=""0.0006""","=""1""","=""""",,"=""189415.0280""","=""214894.90""","=""3s2.3p4.(3P).5p""","=""4D*""","=""7/2""","=""3s2.3p4.(3P).8d""","=""4F""","=""9/2""",,"=""""","=""L14821""",
Ar,2,"=""392.57186""","=""0.00001""","=""392.571849""","=""0.000007""","=""129""","=""1.4e+08""",D,"=""170401.0170""","=""195866.8503""","=""3s2.3p4.(1D).4p""","=""2F*""","=""5/2""","=""3s2.3p4.(1D).5s""","=""2D""","=""3/2""",,"=""T1240""","=""L11520""",
Ar,2,"=""392.60451""","=""0.00006""","=""392.604544""","=""0.000005""","=""13""","=""""",,"=""170401.0170""","=""195864.7296""","=""3s2.3p4.(1D).4p""","=""2F*""","=""5/2""","=""3s2.3p4.(1D).5s""","=""2D""","=""5/2""",,"=""""","=""L11520""",
Ar,2,"=""392.86227""","=""0.00001""","=""392.862282""","=""0.000007""","=""191""","=""2.44e+07""",B,"=""135601.7336""","=""161048.7411""","=""3s2.3p4.(3P).4s""","=""4P""","=""1/2""","=""3s2.3p4.(3P).4p""","=""4S*""","=""3/2""",,"=""T926""","=""L11520""",
Ar,2,"=""393.12353""","=""0.00006""","=""393.123548""","=""0.000011""","=""17""","=""2.0e+06""",B,"=""132737.7039""","=""158167.7999""","=""3s2.3p4.(3P).3d""","=""4D""","=""1/2""","=""3s2.3p4.(3P).4p""","=""4D*""","=""3/2""",,"=""T926""","=""L11520""",
Ar,2,"=""393.25463""","=""0.00001""","=""393.254638""","=""0.000007""","=""91""","=""9.3e+07""",C,"=""161048.7411""","=""186470.3603""","=""3s2.3p4.(3P).4p""","=""4S*""","=""3/2""","=""3s2.3p4.(3P).4d""","=""4P""","=""3/2""",,"=""T926""","=""L11520""",
Ar,2,"=""393.317""","=""0.004""","=""393.318691""","=""0.000004""","=""2bl""","=""""",,"=""157673.4134""","=""183090.8927""","=""3s2.3p4.(3P).4p""","=""4D*""","=""5/2""","=""3s2.3p4.(3P).5s""","=""2P""","=""3/2""",,"=""""","=""L14821""",
Ar,2,"=""393.5275""","=""0.0006""","=""393.528178""","=""0.000014""","=""1""","=""""",,"=""179592.2248""","=""204996.1739""","=""3s2.3p4.(1S).3d""","=""2D""","=""5/2""","=""3s2.3p4.(3P<2>).5f""","=""2[3]*""","=""7/2""",,"=""""","=""L14821""",
Ar,2,"=""393.8843""","=""0.0006""","=""393.884385""","=""0.000007""","=""1""","=""""",,"=""161089.3846""","=""186470.3603""","=""3s2.3p4.(3P).4p""","=""2S*""","=""1/2""","=""3s2.3p4.(3P).4d""","=""4P""","=""3/2""",,"=""""","=""L14821""",
Ar,2,"=""394.42712""","=""0.00002""","=""394.427124""","=""0.000007""","=""49""","=""4.1e+06""",B,"=""132327.3616""","=""157673.4134""","=""3s2.3p4.(3P).3d""","=""4D""","=""7/2""","=""3s2.3p4.(3P).4p""","=""4D*""","=""5/2""",,"=""T926""","=""L11520""",
Ar,2,"=""394.60969""","=""0.00001""","=""394.609692""","=""0.000005""","=""204""","=""1.4e+08""",D,"=""170530.4040""","=""195864.7296""","=""3s2.3p4.(1D).4p""","=""2F*""","=""7/2""","=""3s2.3p4.(1D).5s""","=""2D""","=""5/2""",,"=""T1240""","=""L11520""",
Ar,1,"=""394.7505""","=""""","=""394.750472""","=""""","=""7""","=""5.6e+04""",C+,"=""93143.7600""","=""118469.0508""","=""3s2.3p5.(2P*<3/2>).4s""","=""2[3/2]*""","=""2""","=""3s2.3p5.(2P*<1/2>).5p""","=""2[3/2]""","=""2""",,"=""T5223""","=""L2634""",
Ar,1,"=""394.8979""","=""""","=""394.897881""","=""""","=""35""","=""4.6e+05""",B,"=""93143.7600""","=""118459.5975""","=""3s2.3p5.(2P*<3/2>).4s""","=""2[3/2]*""","=""2""","=""3s2.3p5.(2P*<1/2>).5p""","=""2[1/2]""","=""1""",,"=""T5223""","=""L2634""",
Ar,2,"=""395.27280""","=""0.00005""","=""395.272882""","=""0.000007""","=""16""","=""2.08e+07""",B,"=""161048.7411""","=""186340.5616""","=""3s2.3p4.(3P).4p""","=""4S*""","=""3/2""","=""3s2.3p4.(3P).4d""","=""4F""","=""3/2""",,"=""T926""","=""L11520""",
Ar,2,"=""395.83790""","=""0.00012""","=""395.837988""","=""0.000007""","=""7""","=""3.8e+06""",B,"=""158730.2995""","=""183986.0137""","=""3s2.3p4.(3P).4p""","=""2D*""","=""5/2""","=""3s2.3p4.(3P).4d""","=""4D""","=""3/2""",,"=""T926""","=""L11520""",
Ar,3,"=""396.04872""","=""0.00019""","=""396.04900""","=""0.00010""","=""5""","=""""",,"=""213951.7743""","=""239194.033""","=""3s2.3p3.(2D*).3d""","=""3P*""","=""2""","=""3s2.3p3.(2P*).4p""","=""3S""","=""1""",,"=""""","=""L11520""",
Ar,2,"=""396.83589""","=""0.00002""","=""396.835887""","=""0.000007""","=""59""","=""4.8e+06""",B,"=""132481.2068""","=""157673.4134""","=""3s2.3p4.(3P).3d""","=""4D""","=""5/2""","=""3s2.3p4.(3P).4p""","=""4D*""","=""5/2""",,"=""T926""","=""L11520""",
Ar,2,"=""397.44764""","=""0.00002""","=""397.447629""","=""0.000004""","=""50""","=""2.0e+06""",D,"=""135085.9958""","=""160239.4280""","=""3s2.3p4.(3P).4s""","=""4P""","=""3/2""","=""3s2.3p4.(3P).4p""","=""2P*""","=""3/2""",,"=""T926""","=""L11520""",
Ar,2,"=""397.47582""","=""0.00006""","=""397.475854""","=""0.000007""","=""15""","=""9.e+05""",D,"=""134241.7389""","=""159393.3850""","=""3s2.3p4.(3P).4s""","=""4P""","=""5/2""","=""3s2.3p4.(3P).4p""","=""2D*""","=""3/2""",,"=""T926""","=""L11520""",
Ar,2,"=""397.93554""","=""0.00001""","=""397.935543""","=""0.000008""","=""87""","=""9.8e+07""",C,"=""161048.7411""","=""186171.3330""","=""3s2.3p4.(3P).4p""","=""4S*""","=""3/2""","=""3s2.3p4.(3P).4d""","=""4P""","=""1/2""",,"=""T926""","=""L11520""",
Ar,2,"=""398.042""","=""0.002""","=""398.04335""","=""0.00003""","=""0""","=""""",,"=""186470.3603""","=""211586.1480""","=""3s2.3p4.(3P).4d""","=""4P""","=""3/2""","=""3s2.3p4.(3P<1>).6f""","=""2[2]*""","=""5/2""",,"=""""","=""L14821""",
Ar,2,"=""398.81573""","=""0.00006""","=""398.815725""","=""0.000007""","=""12""","=""4.1e+06""",B,"=""158730.2995""","=""183797.4473""","=""3s2.3p4.(3P).4p""","=""2D*""","=""5/2""","=""3s2.3p4.(3P).4d""","=""4D""","=""5/2""",,"=""T926""","=""L11520""",
Ar,2,"=""399.20531""","=""0.00004""","=""399.205304""","=""0.000007""","=""21""","=""1.6e+06""",B,"=""132630.7277""","=""157673.4134""","=""3s2.3p4.(3P).3d""","=""4D""","=""3/2""","=""3s2.3p4.(3P).4p""","=""4D*""","=""5/2""",,"=""T926""","=""L11520""",
Ar,2,"=""399.47916""","=""0.00002""","=""399.479193""","=""0.000010""","=""58""","=""1.6e+08""",E,"=""167307.9822""","=""192333.4986""","=""3s2.3p4.(1S).4s""","=""2S""","=""1/2""","=""3s2.3p4.(1S).4p""","=""2P*""","=""1/2""",,"=""T380n""","=""L11520""",
Ar,3,"=""399.5590""","=""0.0020""","=""399.5586""","=""0.0011""","=""8""","=""""",,"=""219337.54""","=""244358.081""","=""3s2.3p3.(2D*).3d""","=""1D*""","=""2""","=""3s2.3p3.(2P*).4p""","=""1D""","=""2""",,"=""""","=""L9366""",
Ar,2,"=""399.92518""","=""0.00003""","=""399.925192""","=""0.000021""","=""4""","=""""",,"=""179931.8393""","=""204929.4477""","=""3s2.3p4.(1S).3d""","=""2D""","=""3/2""","=""3s2.3p4.(3P).6p""","=""2S*""","=""1/2""",,"=""""","=""L2634""",
Ar,2,"=""400.11378""","=""0.00003""","=""400.113759""","=""0.000013""","=""3""","=""6.e+05""",C,"=""147228.0521""","=""172213.8798""","=""3s2.3p4.(3P).3d""","=""4P""","=""1/2""","=""3s2.3p4.(1D).4p""","=""2P*""","=""3/2""",,"=""T926""","=""L2634""",
Ar,2,"=""400.53620""","=""0.00009""","=""400.53627""","=""0.00003""","=""10""","=""""",,"=""190106.3000""","=""215065.7716""","=""3s2.3p4.(3P).5p""","=""4D*""","=""3/2""","=""3s2.3p4.(1S).5s""","=""2S""","=""1/2""",,"=""""","=""L11520""",
Ar,2,"=""400.7632""","=""0.0008""","=""400.762828""","=""0.000007""","=""2""","=""""",,"=""158730.2995""","=""183675.6614""","=""3s2.3p4.(3P).4p""","=""2D*""","=""5/2""","=""3s2.3p4.(3P).4d""","=""4D""","=""7/2""",,"=""""","=""L14821""",
Ar,2,"=""401.12084""","=""0.00006""","=""401.120922""","=""0.000005""","=""12""","=""3.1e+06""",D,"=""158167.7999""","=""183090.8927""","=""3s2.3p4.(3P).4p""","=""4D*""","=""3/2""","=""3s2.3p4.(3P).5s""","=""2P""","=""3/2""",,"=""T1240""","=""L11520""",
Ar,2,"=""401.38561""","=""0.00001""","=""401.385610""","=""0.000008""","=""145""","=""1.05e+07""",A,"=""132327.3616""","=""157234.0196""","=""3s2.3p4.(3P).3d""","=""4D""","=""7/2""","=""3s2.3p4.(3P).4p""","=""4D*""","=""7/2""",,"=""T926""","=""L11520""",
Ar,2,"=""401.98434""","=""0.00010""","=""401.98429""","=""0.00003""","=""7""","=""""",,"=""190196.2066""","=""215065.7716""","=""3s2.3p4.(3P).5p""","=""2P*""","=""1/2""","=""3s2.3p4.(1S).5s""","=""2S""","=""1/2""",,"=""""","=""L11520""",
Ar,3,"=""402.35864""","=""0.00015""","=""402.35853""","=""0.00013""","=""4""","=""""",,"=""214347.599""","=""239194.033""","=""3s2.3p3.(2D*).3d""","=""3P*""","=""1""","=""3s2.3p3.(2P*).4p""","=""3S""","=""1""",,"=""""","=""L11520""",
Ar,2,"=""403.13769""","=""0.00014""","=""403.137797""","=""0.000010""","=""6""","=""7.5e+06""",B,"=""159393.3850""","=""184191.7917""","=""3s2.3p4.(3P).4p""","=""2D*""","=""3/2""","=""3s2.3p4.(3P).4d""","=""4D""","=""1/2""",,"=""T926""","=""L11520""",
Ar,2,"=""403.38090""","=""0.00001""","=""403.380915""","=""0.000007""","=""95""","=""9.8e+07""",D,"=""158167.7999""","=""182951.2609""","=""3s2.3p4.(3P).4p""","=""4D*""","=""3/2""","=""3s2.3p4.(3P).5s""","=""4P""","=""1/2""",,"=""T1240""","=""L11520""",
Ar,2,"=""403.4783""","=""0.0016""","=""403.477769""","=""0.000007""","=""1bl,G?""","=""""",,"=""186816.0496""","=""211593.5615""","=""3s2.3p4.(3P).4d""","=""2F""","=""7/2""","=""3s2.3p4.(3P<1>).6f""","=""2[4]*""","=""9/2""",,"=""""","=""L14821""",
Ar,2,"=""403.54595""","=""0.00002""","=""403.545971""","=""0.000005""","=""50""","=""4.4e+06""",B,"=""148620.1414""","=""173393.4658""","=""3s2.3p4.(1D).4s""","=""2D""","=""3/2""","=""3s2.3p4.(1D).4p""","=""2D*""","=""5/2""",,"=""T926""","=""L11520""",
Ar,2,"=""403.88039""","=""0.00005""","=""403.880380""","=""0.000008""","=""18""","=""1.2e+06""",B,"=""132481.2068""","=""157234.0196""","=""3s2.3p4.(3P).3d""","=""4D""","=""5/2""","=""3s2.3p4.(3P).4p""","=""4D*""","=""7/2""",,"=""T926""","=""L11520""",
Ar,2,"=""404.2190""","=""0.0008""","=""404.218100""","=""0.000007""","=""3""","=""4.e+05""",C,"=""145668.8845""","=""170401.0170""","=""3s2.3p4.(3P).3d""","=""2P""","=""3/2""","=""3s2.3p4.(1D).4p""","=""2F*""","=""5/2""",,"=""T926""","=""L14821""",
Ar,2,"=""404.28934""","=""0.00001""","=""404.289342""","=""0.000005""","=""288""","=""4.06e+07""",B,"=""148620.1414""","=""173347.9158""","=""3s2.3p4.(1D).4s""","=""2D""","=""3/2""","=""3s2.3p4.(1D).4p""","=""2D*""","=""3/2""",,"=""T926""","=""L11520""",
Ar,1,"=""404.4418""","=""""","=""404.441804""","=""""","=""50""","=""3.3e+05""",B,"=""93750.5978""","=""118469.0508""","=""3s2.3p5.(2P*<3/2>).4s""","=""2[3/2]*""","=""1""","=""3s2.3p5.(2P*<1/2>).5p""","=""2[3/2]""","=""2""",,"=""T5223""","=""L2634""",
Ar,2,"=""404.56769""","=""0.00008""","=""404.567613""","=""0.000008""","=""8""","=""1.6e+06""",C,"=""147503.1134""","=""172213.8798""","=""3s2.3p4.(3P).3d""","=""4P""","=""3/2""","=""3s2.3p4.(1D).4p""","=""2P*""","=""3/2""",,"=""T926""","=""L11520""",
Ar,1,"=""""","=""""","=""404.596541""","=""""","=""""","=""4.1e+04""",B,"=""93750.5978""","=""118459.5975""","=""3s2.3p5.(2P*<3/2>).4s""","=""2[3/2]*""","=""1""","=""3s2.3p5.(2P*<1/2>).5p""","=""2[1/2]""","=""1""",,"=""T5223""","=""""",
Ar,2,"=""404.74803""","=""0.00011""","=""404.748081""","=""0.000008""","=""10""","=""""",,"=""159393.3850""","=""184093.1337""","=""3s2.3p4.(3P).4p""","=""2D*""","=""3/2""","=""3s2.3p4.(1D).3d""","=""2S""","=""1/2""",,"=""""","=""L11520""",
Ar,2,"=""405.1122""","=""0.0002""","=""405.112055""","=""0.000010""","=""5""","=""""",,"=""183914.6440""","=""208592.2016""","=""3s2.3p4.(3P).5s""","=""2P""","=""1/2""","=""3s2.3p4.(1D<2>).4f""","=""2[1]*""","=""3/2""",,"=""""","=""L11520""",
Ar,2,"=""405.29206""","=""0.00001""","=""405.292057""","=""0.000010""","=""178""","=""6.7e+07""",E,"=""167307.9822""","=""191974.5800""","=""3s2.3p4.(1S).4s""","=""2S""","=""1/2""","=""3s2.3p4.(1S).4p""","=""2P*""","=""3/2""",,"=""T926""","=""L11520""",
Ar,2,"=""405.3540""","=""0.0008""","=""405.354732""","=""0.000007""","=""1""","=""""",,"=""158428.1087""","=""183090.8927""","=""3s2.3p4.(3P).4p""","=""4D*""","=""1/2""","=""3s2.3p4.(3P).5s""","=""2P""","=""3/2""",,"=""""","=""L14821""",
Ar,1,"=""""","=""""","=""405.452576""","=""""","=""""","=""2.7e+04""",C+,"=""93750.5978""","=""118407.4303""","=""3s2.3p5.(2P*<3/2>).4s""","=""2[3/2]*""","=""1""","=""3s2.3p5.(2P*<1/2>).5p""","=""2[3/2]""","=""1""",,"=""T5223""","=""""",
Ar,2,"=""405.7672""","=""0.0008""","=""405.767530""","=""0.000007""","=""1""","=""2.e+04""",E,"=""135601.7336""","=""160239.4280""","=""3s2.3p4.(3P).4s""","=""4P""","=""1/2""","=""3s2.3p4.(3P).4p""","=""2P*""","=""3/2""",,"=""T926""","=""L14821""",
Ar,3,"=""405.989""","=""0.003""","=""405.984""","=""0.003""","=""3""","=""""",,"=""214569.5""","=""239194.033""","=""3s2.3p3.(2D*).3d""","=""3P*""","=""0""","=""3s2.3p3.(2P*).4p""","=""3S""","=""1""",,"=""""","=""L7493""",
Ar,2,"=""""","=""""","=""406.050290""","=""""","=""""","=""3.2e+03""",E,"=""135085.9958""","=""159706.5337""","=""3s2.3p4.(3P).4s""","=""4P""","=""3/2""","=""3s2.3p4.(3P).4p""","=""2P*""","=""1/2""",,"=""T997n""","=""""",
Ar,2,"=""406.51114""","=""0.00003""","=""406.511110""","=""0.000007""","=""3""","=""1.1e+06""",C,"=""159393.3850""","=""183986.0137""","=""3s2.3p4.(3P).4p""","=""2D*""","=""3/2""","=""3s2.3p4.(3P).4d""","=""4D""","=""3/2""",,"=""T926""","=""L2634""",
Ar,2,"=""407.07837""","=""0.00008""","=""407.07839""","=""0.00003""","=""10""","=""""",,"=""190507.4128""","=""215065.7716""","=""3s2.3p4.(3P).5p""","=""2P*""","=""3/2""","=""3s2.3p4.(1S).5s""","=""2S""","=""1/2""",,"=""""","=""L11520""",
Ar,2,"=""407.20043""","=""0.00001""","=""407.200431""","=""0.000005""","=""708""","=""5.8e+07""",B,"=""148842.4674""","=""173393.4658""","=""3s2.3p4.(1D).4s""","=""2D""","=""5/2""","=""3s2.3p4.(1D).4p""","=""2D*""","=""5/2""",,"=""T926""","=""L11520""",
Ar,2,"=""407.23843""","=""0.00001""","=""407.238432""","=""0.000005""","=""178""","=""""",,"=""157673.4134""","=""182222.1209""","=""3s2.3p4.(3P).4p""","=""4D*""","=""5/2""","=""3s2.3p4.(3P).5s""","=""4P""","=""3/2""",,"=""""","=""L11520""",
Ar,2,"=""407.66282""","=""0.00002""","=""407.662819""","=""0.000007""","=""85""","=""8.e+07""",D,"=""158428.1087""","=""182951.2609""","=""3s2.3p4.(3P).4p""","=""4D*""","=""1/2""","=""3s2.3p4.(3P).5s""","=""4P""","=""1/2""",,"=""T1240""","=""L11520""",
Ar,2,"=""407.69432""","=""0.00002""","=""407.694294""","=""0.000005""","=""47""","=""9.9e+07""",D,"=""159393.3850""","=""183914.6440""","=""3s2.3p4.(3P).4p""","=""2D*""","=""3/2""","=""3s2.3p4.(3P).5s""","=""2P""","=""1/2""",,"=""T1240""","=""L11520""",
Ar,2,"=""407.95734""","=""0.00001""","=""407.957339""","=""0.000005""","=""100""","=""1.19e+07""",B,"=""148842.4674""","=""173347.9158""","=""3s2.3p4.(1D).4s""","=""2D""","=""5/2""","=""3s2.3p4.(1D).4p""","=""2D*""","=""3/2""",,"=""T926""","=""L11520""",
Ar,2,"=""408.06359""","=""0.00001""","=""408.063589""","=""0.000013""","=""85""","=""""",,"=""184093.1337""","=""208592.2016""","=""3s2.3p4.(1D).3d""","=""2S""","=""1/2""","=""3s2.3p4.(1D<2>).4f""","=""2[1]*""","=""3/2""",,"=""""","=""L11520""",
Ar,2,"=""408.07022""","=""0.00003""","=""408.070213""","=""0.000018""","=""40""","=""""",,"=""184093.1337""","=""208591.8039""","=""3s2.3p4.(1D).3d""","=""2S""","=""1/2""","=""3s2.3p4.(1D<2>).4f""","=""2[1]*""","=""1/2""",,"=""""","=""L11520""",
Ar,2,"=""408.23868""","=""0.00001""","=""408.238680""","=""0.000007""","=""76""","=""2.9e+06""",B+,"=""134241.7389""","=""158730.2995""","=""3s2.3p4.(3P).4s""","=""4P""","=""5/2""","=""3s2.3p4.(3P).4p""","=""2D*""","=""5/2""",,"=""T926""","=""L11520""",
Ar,2,"=""408.3466""","=""0.0008""","=""408.347624""","=""0.000018""","=""1""","=""""",,"=""187589.3383""","=""212071.3657""","=""3s2.3p4.(3P).4d""","=""2F""","=""5/2""","=""3s2.3p4.(3P<0>).6f""","=""2[3]*""","=""7/2""",,"=""""","=""L14821""",
Ar,3,"=""408.88914""","=""0.00018""","=""408.88911""","=""0.00017""","=""7""","=""""",,"=""219908.474""","=""244358.081""","=""3s2.3p3.(2D*).3d""","=""1P*""","=""1""","=""3s2.3p3.(2P*).4p""","=""1D""","=""2""",,"=""""","=""L11520""",
Ar,2,"=""409.71351""","=""0.00003""","=""409.713543""","=""0.000014""","=""28""","=""""",,"=""184191.7917""","=""208592.2016""","=""3s2.3p4.(3P).4d""","=""4D""","=""1/2""","=""3s2.3p4.(1D<2>).4f""","=""2[1]*""","=""3/2""",,"=""""","=""L11520""",
Ar,2,"=""409.72033""","=""0.00008""","=""409.720221""","=""0.000020""","=""12""","=""""",,"=""184191.7917""","=""208591.8039""","=""3s2.3p4.(3P).4d""","=""4D""","=""1/2""","=""3s2.3p4.(1D<2>).4f""","=""2[1]*""","=""1/2""",,"=""""","=""L11520""",
Ar,3,"=""409.819""","=""0.003""","=""409.81514""","=""0.00008""","=""4""","=""""",,"=""207233.003""","=""231627.364""","=""3s2.3p3.(2P*).4s""","=""3P*""","=""2""","=""3s2.3p3.(2D*).4p""","=""3P""","=""1""",,"=""""","=""L7493""",
Ar,2,"=""409.94554""","=""0.00008""","=""409.945565""","=""0.000009""","=""11""","=""""",,"=""159706.5337""","=""184093.1337""","=""3s2.3p4.(3P).4p""","=""2P*""","=""1/2""","=""3s2.3p4.(1D).3d""","=""2S""","=""1/2""",,"=""""","=""L11520""",
Ar,2,"=""410.38323""","=""0.00001""","=""410.383222""","=""0.000004""","=""158""","=""1.3e+08""",D,"=""158730.2995""","=""183090.8927""","=""3s2.3p4.(3P).4p""","=""2D*""","=""5/2""","=""3s2.3p4.(3P).5s""","=""2P""","=""3/2""",,"=""T1240""","=""L11520""",
Ar,2,"=""410.39118""","=""0.00001""","=""410.391181""","=""0.000007""","=""447""","=""1.2e+08""",D,"=""157234.0196""","=""181594.1404""","=""3s2.3p4.(3P).4p""","=""4D*""","=""7/2""","=""3s2.3p4.(3P).5s""","=""4P""","=""5/2""",,"=""T1240""","=""L11520""",
Ar,2,"=""411.28151""","=""0.00003""","=""411.281487""","=""0.000004""","=""513bl""","=""1.1e+06""",B,"=""135085.9958""","=""159393.3850""","=""3s2.3p4.(3P).4s""","=""4P""","=""3/2""","=""3s2.3p4.(3P).4p""","=""2D*""","=""3/2""",,"=""T926""","=""L11520""",
Ar,2,"=""411.4487""","=""0.0008""","=""411.448850""","=""0.000020""","=""2""","=""""",,"=""172335.5985""","=""196633.1005""","=""3s2.3p4.(1D).3d""","=""2D""","=""5/2""","=""3s2.3p4.(3P<0>).4f""","=""2[3]*""","=""5/2""",,"=""""","=""L14821""",
Ar,2,"=""411.63756""","=""0.00012""","=""411.637493""","=""0.000017""","=""8""","=""""",,"=""172335.5985""","=""196621.9658""","=""3s2.3p4.(1D).3d""","=""2D""","=""5/2""","=""3s2.3p4.(3P<0>).4f""","=""2[3]*""","=""7/2""",,"=""""","=""L11520""",
Ar,2,"=""412.4058""","=""0.0008""","=""412.406120""","=""0.000014""","=""1""","=""""",,"=""155351.1206""","=""179592.2248""","=""3s2.3p4.(3P).4p""","=""4P*""","=""3/2""","=""3s2.3p4.(1S).3d""","=""2D""","=""5/2""",,"=""""","=""L14821""",
Ar,3,"=""412.719""","=""0.003""","=""412.7228""","=""0.0007""","=""4""","=""""",,"=""207532.33""","=""231754.836""","=""3s2.3p3.(2P*).4s""","=""3P*""","=""1""","=""3s2.3p3.(2D*).4p""","=""3P""","=""0""",,"=""""","=""L7493""",
Ar,2,"=""412.86399""","=""0.00005""","=""412.863985""","=""0.000006""","=""18""","=""1.4e+06""",B,"=""149179.2444""","=""173393.4658""","=""3s2.3p4.(3P).3d""","=""2F""","=""7/2""","=""3s2.3p4.(1D).4p""","=""2D*""","=""5/2""",,"=""T926""","=""L11520""",
Ar,2,"=""412.96820""","=""0.00007""","=""412.968211""","=""0.000006""","=""12""","=""""",,"=""159706.5337""","=""183914.6440""","=""3s2.3p4.(3P).4p""","=""2P*""","=""1/2""","=""3s2.3p4.(3P).5s""","=""2P""","=""1/2""",,"=""""","=""L11520""",
Ar,2,"=""413.17232""","=""0.00001""","=""413.172327""","=""0.000007""","=""891""","=""8.5e+07""",B,"=""148620.1414""","=""172816.2926""","=""3s2.3p4.(1D).4s""","=""2D""","=""3/2""","=""3s2.3p4.(1D).4p""","=""2P*""","=""1/2""",,"=""T926""","=""L11520""",
Ar,2,"=""414.4245""","=""0.0003""","=""414.42441""","=""0.00003""","=""5""","=""""",,"=""190942.7220""","=""215065.7716""","=""3s2.3p4.(3P).5p""","=""2S*""","=""1/2""","=""3s2.3p4.(1S).5s""","=""2S""","=""1/2""",,"=""""","=""L11520""",
Ar,3,"=""414.660""","=""0.004""","=""414.66313""","=""0.00007""","=""""","=""""",,"=""207233.003""","=""231342.1658""","=""3s2.3p3.(2P*).4s""","=""3P*""","=""2""","=""3s2.3p3.(2D*).4p""","=""3P""","=""2""",,"=""""","=""L16082""",
Ar,2,"=""414.7377""","=""0.0008""","=""414.738177""","=""0.000007""","=""2""","=""1.8e+04""",E,"=""135601.7336""","=""159706.5337""","=""3s2.3p4.(3P).4s""","=""4P""","=""1/2""","=""3s2.3p4.(3P).4p""","=""2P*""","=""1/2""",,"=""T997n""","=""L14821""",
Ar,3,"=""414.903""","=""0.003""","=""414.9063""","=""0.0007""","=""3""","=""""",,"=""207532.33""","=""231627.364""","=""3s2.3p3.(2P*).4s""","=""3P*""","=""1""","=""3s2.3p3.(2D*).4p""","=""3P""","=""1""",,"=""""","=""L7493""",
Ar,2,"=""415.2909""","=""0.0008""","=""415.2909""","=""0.0009""","=""0.5""","=""""",,"=""187589.3383""","=""211662.06""","=""3s2.3p4.(3P).4d""","=""2F""","=""5/2""","=""3s2.3p4.(3P<1>).6f""","=""2[3]*""","=""7/2""",,"=""""","=""L14821""",
Ar,2,"=""415.60854""","=""0.00002""","=""415.608541""","=""0.000007""","=""60""","=""3.9e+07""",D,"=""158167.7999""","=""182222.1209""","=""3s2.3p4.(3P).4p""","=""4D*""","=""3/2""","=""3s2.3p4.(3P).5s""","=""4P""","=""3/2""",,"=""T1240""","=""L11520""",
Ar,1,"=""415.8590""","=""""","=""415.859070""","=""""","=""400""","=""1.40e+06""",B,"=""93143.7600""","=""117183.5901""","=""3s2.3p5.(2P*<3/2>).4s""","=""2[3/2]*""","=""2""","=""3s2.3p5.(2P*<3/2>).5p""","=""2[3/2]""","=""2""",,"=""T5223""","=""L2634""",
Ar,2,"=""416.251""","=""0.002""","=""416.25085""","=""0.00003""","=""0""","=""""",,"=""187589.3383""","=""211606.5420""","=""3s2.3p4.(3P).4d""","=""2F""","=""5/2""","=""3s2.3p4.(3P<1>).6f""","=""2[4]*""","=""7/2""",,"=""""","=""L14821""",
Ar,1,"=""416.4180""","=""""","=""416.417952""","=""""","=""50""","=""2.9e+05""",B,"=""93143.7600""","=""117151.3264""","=""3s2.3p5.(2P*<3/2>).4s""","=""2[3/2]*""","=""2""","=""3s2.3p5.(2P*<3/2>).5p""","=""2[3/2]""","=""1""",,"=""T5223""","=""L2634""",
Ar,2,"=""416.89696""","=""0.00018""","=""416.896778""","=""0.000018""","=""6""","=""""",,"=""172335.5985""","=""196315.5916""","=""3s2.3p4.(1D).3d""","=""2D""","=""5/2""","=""3s2.3p4.(3P<1>).4f""","=""2[3]*""","=""5/2""",,"=""""","=""L11520""",
Ar,3,"=""417.369""","=""0.003""","=""417.3636""","=""0.0003""","=""2""","=""""",,"=""207674.192""","=""231627.364""","=""3s2.3p3.(2P*).4s""","=""3P*""","=""0""","=""3s2.3p3.(2D*).4p""","=""3P""","=""1""",,"=""""","=""L7493""",
Ar,2,"=""417.83650""","=""0.00007""","=""417.836530""","=""0.000007""","=""13""","=""1.2e+06""",C+,"=""134241.7389""","=""158167.7999""","=""3s2.3p4.(3P).4s""","=""4P""","=""5/2""","=""3s2.3p4.(3P).4p""","=""4D*""","=""3/2""",,"=""T926""","=""L11520""",
Ar,2,"=""417.92972""","=""0.00003""","=""417.929704""","=""0.000006""","=""50""","=""1.3e+07""",D,"=""157673.4134""","=""181594.1404""","=""3s2.3p4.(3P).4p""","=""4D*""","=""5/2""","=""3s2.3p4.(3P).5s""","=""4P""","=""5/2""",,"=""T1240""","=""L11520""",
Ar,1,"=""418.1884""","=""""","=""418.188354""","=""""","=""50""","=""5.6e+05""",B,"=""94553.6652""","=""118459.5975""","=""3s2.3p5.(2P*<1/2>).4s""","=""2[1/2]*""","=""0""","=""3s2.3p5.(2P*<1/2>).5p""","=""2[1/2]""","=""1""",,"=""T5223""","=""L2634""",
Ar,3,"=""418.29667""","=""0.00012""","=""418.29661""","=""0.00012""","=""18""","=""""",,"=""199763.4147""","=""223663.160""","=""3s2.3p3.(2D*).4s""","=""1D*""","=""2""","=""3s2.3p3.(2D*).4p""","=""1P""","=""1""",,"=""""","=""L11520""",
Ar,2,"=""418.35909""","=""0.00004""","=""418.35908""","=""0.00003""","=""4""","=""""",,"=""191169.5946""","=""215065.7716""","=""3s2.3p4.(3P).5p""","=""4S*""","=""3/2""","=""3s2.3p4.(1S).5s""","=""2S""","=""1/2""",,"=""""","=""L2634""",
Ar,2,"=""418.96507""","=""0.00006""","=""418.965100""","=""0.000007""","=""16""","=""""",,"=""167307.9822""","=""191169.5946""","=""3s2.3p4.(1S).4s""","=""2S""","=""1/2""","=""3s2.3p4.(3P).5p""","=""4S*""","=""3/2""",,"=""""","=""L11520""",
Ar,1,"=""419.0713""","=""""","=""419.071294""","=""""","=""100""","=""2.80e+05""",B,"=""93143.7600""","=""116999.3259""","=""3s2.3p5.(2P*<3/2>).4s""","=""2[3/2]*""","=""2""","=""3s2.3p5.(2P*<3/2>).5p""","=""2[5/2]""","=""2""",,"=""T5223""","=""L2634""",
Ar,1,"=""419.1029""","=""""","=""419.102932""","=""""","=""50""","=""5.4e+05""",C+,"=""94553.6652""","=""118407.4303""","=""3s2.3p5.(2P*<1/2>).4s""","=""2[1/2]*""","=""0""","=""3s2.3p5.(2P*<1/2>).5p""","=""2[3/2]""","=""1""",,"=""T5223""","=""L2634""",
Ar,1,"=""419.8317""","=""""","=""419.831729""","=""""","=""200""","=""2.57e+06""",B,"=""93750.5978""","=""117562.9553""","=""3s2.3p5.(2P*<3/2>).4s""","=""2[3/2]*""","=""1""","=""3s2.3p5.(2P*<3/2>).5p""","=""2[1/2]""","=""0""",,"=""T5223""","=""L2634""",
Ar,3,"=""419.883""","=""0.003""","=""419.8762""","=""0.0007""","=""3*""","=""""",,"=""207532.33""","=""231342.1658""","=""3s2.3p3.(2P*).4s""","=""3P*""","=""1""","=""3s2.3p3.(2D*).4p""","=""3P""","=""2""",,"=""""","=""L7493""",
Ar,3,"=""419.883""","=""0.003""","=""419.8817""","=""0.0012""","=""3*""","=""""",,"=""219337.54""","=""243147.063""","=""3s2.3p3.(2D*).3d""","=""1D*""","=""2""","=""3s2.3p3.(2P*).4p""","=""3P""","=""1""",,"=""""","=""L7493""",
Ar,2,"=""419.98887""","=""0.00015""","=""419.98890""","=""0.00003""","=""9""","=""""",,"=""172829.6539""","=""196633.1005""","=""3s2.3p4.(1D).3d""","=""2D""","=""3/2""","=""3s2.3p4.(3P<0>).4f""","=""2[3]*""","=""5/2""",,"=""""","=""L11520""",
Ar,1,"=""420.0674""","=""""","=""420.067472""","=""""","=""400""","=""9.7e+05""",B+,"=""93143.7600""","=""116942.7542""","=""3s2.3p5.(2P*<3/2>).4s""","=""2[3/2]*""","=""2""","=""3s2.3p5.(2P*<3/2>).5p""","=""2[5/2]""","=""3""",,"=""T5223""","=""L2634""",
Ar,2,"=""420.15556""","=""0.00008""","=""420.155428""","=""0.000007""","=""10""","=""""",,"=""158428.1087""","=""182222.1209""","=""3s2.3p4.(3P).4p""","=""4D*""","=""1/2""","=""3s2.3p4.(3P).5s""","=""4P""","=""3/2""",,"=""""","=""L11520""",
Ar,2,"=""420.19713""","=""0.00001""","=""420.197120""","=""0.000007""","=""59""","=""2.1e+06""",C,"=""135601.7336""","=""159393.3850""","=""3s2.3p4.(3P).4s""","=""4P""","=""1/2""","=""3s2.3p4.(3P).4p""","=""2D*""","=""3/2""",,"=""T926""","=""L11520""",
Ar,2,"=""420.34105""","=""0.00006""","=""420.341075""","=""0.000016""","=""18""","=""""",,"=""172335.5985""","=""196119.1021""","=""3s2.3p4.(1D).3d""","=""2D""","=""5/2""","=""3s2.3p4.(3P<1>).4f""","=""2[4]*""","=""7/2""",,"=""""","=""L11520""",
Ar,2,"=""420.9944""","=""0.0008""","=""420.994575""","=""0.000007""","=""1""","=""1.8e+05""",D,"=""160239.4280""","=""183986.0137""","=""3s2.3p4.(3P).4p""","=""2P*""","=""3/2""","=""3s2.3p4.(3P).4d""","=""4D""","=""3/2""",,"=""T926""","=""L14821""",
Ar,2,"=""421.0950""","=""0.0008""","=""421.095880""","=""0.000023""","=""1""","=""""",,"=""172335.5985""","=""196076.4715""","=""3s2.3p4.(1D).3d""","=""2D""","=""5/2""","=""3s2.3p4.(3P<1>).4f""","=""2[2]*""","=""3/2""",,"=""""","=""L14821""",
Ar,2,"=""421.4854""","=""0.0008""","=""421.48618""","=""0.00012""","=""2""","=""""",,"=""186816.0496""","=""210534.939""","=""3s2.3p4.(3P).4d""","=""2F""","=""7/2""","=""3s2.3p4.(3P<2>).6f""","=""2[5]*""","=""9/2""",,"=""""","=""L14821""",
Ar,2,"=""421.74306""","=""0.00004""","=""421.743061""","=""0.000007""","=""27""","=""""",,"=""167307.9822""","=""191012.4246""","=""3s2.3p4.(1S).4s""","=""2S""","=""1/2""","=""3s2.3p4.(3P).5p""","=""2D*""","=""3/2""",,"=""""","=""L11520""",
Ar,2,"=""421.86648""","=""0.00002""","=""421.866480""","=""0.000004""","=""59""","=""3.6e+07""",D,"=""159393.3850""","=""183090.8927""","=""3s2.3p4.(3P).4p""","=""2D*""","=""3/2""","=""3s2.3p4.(3P).5s""","=""2P""","=""3/2""",,"=""T1240""","=""L11520""",
Ar,2,"=""422.26369""","=""0.00001""","=""422.263701""","=""0.000006""","=""76""","=""6.9e+07""",D,"=""160239.4280""","=""183914.6440""","=""3s2.3p4.(3P).4p""","=""2P*""","=""3/2""","=""3s2.3p4.(3P).5s""","=""2P""","=""1/2""",,"=""T1240""","=""L11520""",
Ar,2,"=""422.66091""","=""0.00005""","=""422.660846""","=""0.000007""","=""16""","=""""",,"=""172213.8798""","=""195866.8503""","=""3s2.3p4.(1D).4p""","=""2P*""","=""3/2""","=""3s2.3p4.(1D).5s""","=""2D""","=""3/2""",,"=""""","=""L11520""",
Ar,2,"=""422.69874""","=""0.00001""","=""422.698745""","=""0.000006""","=""89""","=""4.1e+07""",D,"=""172213.8798""","=""195864.7296""","=""3s2.3p4.(1D).4p""","=""2P*""","=""3/2""","=""3s2.3p4.(1D).5s""","=""2D""","=""5/2""",,"=""T1240""","=""L11520""",
Ar,2,"=""422.81577""","=""0.00001""","=""422.815775""","=""0.000004""","=""331""","=""1.31e+07""",A,"=""135085.9958""","=""158730.2995""","=""3s2.3p4.(3P).4s""","=""4P""","=""3/2""","=""3s2.3p4.(3P).4p""","=""2D*""","=""5/2""",,"=""T926""","=""L11520""",
Ar,2,"=""422.98688""","=""0.00004""","=""422.986872""","=""0.000009""","=""26""","=""""",,"=""167307.9822""","=""190942.7220""","=""3s2.3p4.(1S).4s""","=""2S""","=""1/2""","=""3s2.3p4.(3P).5p""","=""2S*""","=""1/2""",,"=""""","=""L11520""",
Ar,2,"=""423.72195""","=""0.00001""","=""423.721956""","=""0.000006""","=""269""","=""1.12e+07""",B,"=""148620.1414""","=""172213.8798""","=""3s2.3p4.(1D).4s""","=""2D""","=""3/2""","=""3s2.3p4.(1D).4p""","=""2P*""","=""3/2""",,"=""T926""","=""L11520""",
Ar,2,"=""424.3640""","=""0.0008""","=""424.364424""","=""0.000008""","=""2""","=""2.e+05""",C,"=""160239.4280""","=""183797.4473""","=""3s2.3p4.(3P).4p""","=""2P*""","=""3/2""","=""3s2.3p4.(3P).4d""","=""4D""","=""5/2""",,"=""T926""","=""L14821""",
Ar,1,"=""425.1185""","=""""","=""425.11849""","=""""","=""25""","=""1.11e+05""",C+,"=""93143.7600""","=""116659.9934""","=""3s2.3p5.(2P*<3/2>).4s""","=""2[3/2]*""","=""2""","=""3s2.3p5.(2P*<3/2>).5p""","=""2[1/2]""","=""1""",,"=""T5223""","=""L2634""",
Ar,2,"=""425.56027""","=""0.00009""","=""425.560268""","=""0.000006""","=""8""","=""2.1e+06""",D,"=""158730.2995""","=""182222.1209""","=""3s2.3p4.(3P).4p""","=""2D*""","=""5/2""","=""3s2.3p4.(3P).5s""","=""4P""","=""3/2""",,"=""T1240""","=""L11520""",
Ar,2,"=""425.6663""","=""0.0008""","=""425.66688""","=""0.00003""","=""1""","=""""",,"=""172829.6539""","=""196315.5916""","=""3s2.3p4.(1D).3d""","=""2D""","=""3/2""","=""3s2.3p4.(3P<1>).4f""","=""2[3]*""","=""5/2""",,"=""""","=""L14821""",
Ar,1,"=""425.9362""","=""""","=""425.93617""","=""""","=""200""","=""3.98e+06""",B+,"=""95399.8276""","=""118870.9170""","=""3s2.3p5.(2P*<1/2>).4s""","=""2[1/2]*""","=""1""","=""3s2.3p5.(2P*<1/2>).5p""","=""2[1/2]""","=""0""",,"=""T5223""","=""L2634""",
Ar,1,"=""426.6286""","=""""","=""426.62867""","=""""","=""100""","=""3.1e+05""",C+,"=""93750.5978""","=""117183.5901""","=""3s2.3p5.(2P*<3/2>).4s""","=""2[3/2]*""","=""1""","=""3s2.3p5.(2P*<3/2>).5p""","=""2[3/2]""","=""2""",,"=""T5223""","=""L2634""",
Ar,2,"=""426.65265""","=""0.00001""","=""426.652661""","=""0.000008""","=""288""","=""1.64e+07""",B,"=""134241.7389""","=""157673.4134""","=""3s2.3p4.(3P).4s""","=""4P""","=""5/2""","=""3s2.3p4.(3P).4p""","=""4D*""","=""5/2""",,"=""T926""","=""L11520""",
Ar,2,"=""426.7490""","=""0.0008""","=""426.749809""","=""0.000008""","=""3""","=""""",,"=""158167.7999""","=""181594.1404""","=""3s2.3p4.(3P).4p""","=""4D*""","=""3/2""","=""3s2.3p4.(3P).5s""","=""4P""","=""5/2""",,"=""""","=""L14821""",
Ar,2,"=""426.7730""","=""0.0008""","=""426.773622""","=""0.000011""","=""3h""","=""""",,"=""167307.9822""","=""190733.0156""","=""3s2.3p4.(1S).4s""","=""2S""","=""1/2""","=""3s2.3p4.(3P).5p""","=""4D*""","=""1/2""",,"=""""","=""L14821""",
Ar,1,"=""427.2169""","=""""","=""427.21689""","=""""","=""150""","=""8.0e+05""",B,"=""93750.5978""","=""117151.3264""","=""3s2.3p5.(2P*<3/2>).4s""","=""2[3/2]*""","=""1""","=""3s2.3p5.(2P*<3/2>).5p""","=""2[3/2]""","=""1""",,"=""T5223""","=""L2634""",
Ar,2,"=""427.51592""","=""0.00003""","=""427.515959""","=""0.000004""","=""35""","=""2.6e+07""",D,"=""159706.5337""","=""183090.8927""","=""3s2.3p4.(3P).4p""","=""2P*""","=""1/2""","=""3s2.3p4.(3P).5s""","=""2P""","=""3/2""",,"=""T1240""","=""L11520""",
Ar,2,"=""427.75279""","=""0.00001""","=""427.752786""","=""0.000006""","=""1995""","=""8.0e+07""",B,"=""148842.4674""","=""172213.8798""","=""3s2.3p4.(1D).4s""","=""2D""","=""5/2""","=""3s2.3p4.(1D).4p""","=""2P*""","=""3/2""",,"=""T926""","=""L11520""",
Ar,2,"=""428.28971""","=""0.00001""","=""428.289720""","=""0.000008""","=""68""","=""1.32e+07""",B,"=""135085.9958""","=""158428.1087""","=""3s2.3p4.(3P).4s""","=""4P""","=""3/2""","=""3s2.3p4.(3P).4p""","=""4D*""","=""1/2""",,"=""T926""","=""L11520""",
Ar,2,"=""428.63567""","=""0.00004""","=""428.63567""","=""0.00004""","=""6""","=""""",,"=""188766.2129""","=""212089.487""","=""3s2.3p4.(3P).5p""","=""4P*""","=""5/2""","=""3s2.3p4.(3P).7d""","=""4D""","=""7/2""",,"=""""","=""L2634""",
Ar,8,"=""429.76""","=""0.04""","=""429.73""","=""0.19""","=""""","=""""",,"=""1047116.""","=""1070380.""","=""2p6.8f""","=""2F*""","=""7/2""","=""2p6.9g""","=""2G""","=""9/2""",,"=""""","=""L11180""",
Ar,2,"=""429.79632""","=""0.00007""","=""429.79645""","=""0.00003""","=""15""","=""""",,"=""172829.6539""","=""196089.9385""","=""3s2.3p4.(1D).3d""","=""2D""","=""3/2""","=""3s2.3p4.(3P<1>).4f""","=""2[2]*""","=""5/2""",,"=""""","=""L11520""",
Ar,1,"=""430.0101""","=""""","=""430.01009""","=""""","=""100""","=""3.77e+05""",B+,"=""93750.5978""","=""116999.3259""","=""3s2.3p5.(2P*<3/2>).4s""","=""2[3/2]*""","=""1""","=""3s2.3p5.(2P*<3/2>).5p""","=""2[5/2]""","=""2""",,"=""T5223""","=""L2634""",
Ar,2,"=""430.0449""","=""0.0008""","=""430.04543""","=""0.00003""","=""2""","=""""",,"=""172829.6539""","=""196076.4715""","=""3s2.3p4.(1D).3d""","=""2D""","=""3/2""","=""3s2.3p4.(3P<1>).4f""","=""2[2]*""","=""3/2""",,"=""""","=""L14821""",
Ar,2,"=""430.06493""","=""0.00001""","=""430.064931""","=""0.000006""","=""85""","=""5.7e+06""",B,"=""150147.7021""","=""173393.4658""","=""3s2.3p4.(3P).3d""","=""2F""","=""5/2""","=""3s2.3p4.(1D).4p""","=""2D*""","=""5/2""",,"=""T926""","=""L11520""",
Ar,2,"=""430.90931""","=""0.00001""","=""430.909312""","=""0.000006""","=""93""","=""""",,"=""150147.7021""","=""173347.9158""","=""3s2.3p4.(3P).3d""","=""2F""","=""5/2""","=""3s2.3p4.(1D).4p""","=""2D*""","=""3/2""",,"=""""","=""L11520""",
Ar,2,"=""430.92385""","=""0.00001""","=""430.923857""","=""0.000008""","=""120""","=""""",,"=""167307.9822""","=""190507.4128""","=""3s2.3p4.(1S).4s""","=""2S""","=""1/2""","=""3s2.3p4.(3P).5p""","=""2P*""","=""3/2""",,"=""""","=""L11520""",
Ar,2,"=""432.73364""","=""0.00004""","=""432.733647""","=""0.000011""","=""3""","=""""",,"=""161089.3846""","=""184191.7917""","=""3s2.3p4.(3P).4p""","=""2S*""","=""1/2""","=""3s2.3p4.(3P).4d""","=""4D""","=""1/2""",,"=""""","=""L2634""",
Ar,2,"=""432.94385""","=""0.00011""","=""432.94383""","=""0.00004""","=""8""","=""""",,"=""191974.5800""","=""215065.7716""","=""3s2.3p4.(1S).4p""","=""2P*""","=""3/2""","=""3s2.3p4.(1S).5s""","=""2S""","=""1/2""",,"=""""","=""L11520""",
Ar,2,"=""433.11992""","=""0.00001""","=""433.119915""","=""0.000006""","=""603""","=""5.74e+07""",A,"=""135085.9958""","=""158167.7999""","=""3s2.3p4.(3P).4s""","=""4P""","=""3/2""","=""3s2.3p4.(3P).4p""","=""4D*""","=""3/2""",,"=""T926""","=""L11520""",
Ar,2,"=""433.20295""","=""0.00001""","=""433.202953""","=""0.000010""","=""162""","=""1.92e+07""",B+,"=""132630.7277""","=""155708.1075""","=""3s2.3p4.(3P).3d""","=""4D""","=""3/2""","=""3s2.3p4.(3P).4p""","=""4P*""","=""1/2""",,"=""T926""","=""L11520""",
Ar,1,"=""433.3561""","=""""","=""433.35612""","=""""","=""100""","=""5.7e+05""",B+,"=""95399.8276""","=""118469.0508""","=""3s2.3p5.(2P*<1/2>).4s""","=""2[1/2]*""","=""1""","=""3s2.3p5.(2P*<1/2>).5p""","=""2[3/2]""","=""2""",,"=""T5223""","=""L2634""",
Ar,1,"=""433.5338""","=""""","=""433.53378""","=""""","=""50""","=""3.9e+05""",C+,"=""95399.8276""","=""118459.5975""","=""3s2.3p5.(2P*<1/2>).4s""","=""2[1/2]*""","=""1""","=""3s2.3p5.(2P*<1/2>).5p""","=""2[1/2]""","=""1""",,"=""T5223""","=""L2634""",
Ar,2,"=""433.70705""","=""0.00002""","=""433.707046""","=""0.000011""","=""54""","=""3.4e+07""",D,"=""172816.2926""","=""195866.8503""","=""3s2.3p4.(1D).4p""","=""2P*""","=""1/2""","=""3s2.3p4.(1D).5s""","=""2D""","=""3/2""",,"=""T1240""","=""L11520""",
Ar,2,"=""433.82312""","=""0.00020""","=""433.823078""","=""0.000012""","=""6""","=""""",,"=""161048.7411""","=""184093.1337""","=""3s2.3p4.(3P).4p""","=""4S*""","=""3/2""","=""3s2.3p4.(1D).3d""","=""2S""","=""1/2""",,"=""""","=""L11520""",
Ar,1,"=""434.5168""","=""""","=""434.51679""","=""""","=""25""","=""3.0e+05""",B,"=""95399.8276""","=""118407.4303""","=""3s2.3p5.(2P*<1/2>).4s""","=""2[1/2]*""","=""1""","=""3s2.3p5.(2P*<1/2>).5p""","=""2[3/2]""","=""1""",,"=""T5223""","=""L2634""",
Ar,2,"=""434.58968""","=""0.00014""","=""434.589579""","=""0.000010""","=""9""","=""""",,"=""161089.3846""","=""184093.1337""","=""3s2.3p4.(3P).4p""","=""2S*""","=""1/2""","=""3s2.3p4.(1D).3d""","=""2S""","=""1/2""",,"=""""","=""L11520""",
Ar,2,"=""434.80635""","=""0.00001""","=""434.806354""","=""0.000008""","=""1995""","=""1.171e+08""",A,"=""134241.7389""","=""157234.0196""","=""3s2.3p4.(3P).4s""","=""4P""","=""5/2""","=""3s2.3p4.(3P).4p""","=""4D*""","=""7/2""",,"=""T926""","=""L11520""",
Ar,2,"=""435.22047""","=""0.00001""","=""435.220472""","=""0.000013""","=""200""","=""2.12e+07""",B,"=""132737.7039""","=""155708.1075""","=""3s2.3p4.(3P).3d""","=""4D""","=""1/2""","=""3s2.3p4.(3P).4p""","=""4P*""","=""1/2""",,"=""T926""","=""L11520""",
Ar,2,"=""435.84915""","=""0.00004""","=""435.849124""","=""0.000008""","=""3""","=""1.8e+05""",D,"=""161048.7411""","=""183986.0137""","=""3s2.3p4.(3P).4p""","=""4S*""","=""3/2""","=""3s2.3p4.(3P).4d""","=""4D""","=""3/2""",,"=""T926""","=""L2634""",
Ar,2,"=""436.20660""","=""0.00001""","=""436.206601""","=""0.000006""","=""78""","=""5.5e+06""",B,"=""150474.9903""","=""173393.4658""","=""3s2.3p4.(3P).3d""","=""2D""","=""3/2""","=""3s2.3p4.(1D).4p""","=""2D*""","=""5/2""",,"=""T926""","=""L11520""",
Ar,1,"=""""","=""""","=""436.37949""","=""""","=""""","=""1.20e+04""",B,"=""93750.5978""","=""116659.9934""","=""3s2.3p5.(2P*<3/2>).4s""","=""2[3/2]*""","=""1""","=""3s2.3p5.(2P*<3/2>).5p""","=""2[1/2]""","=""1""",,"=""T5223""","=""""",
Ar,2,"=""436.78314""","=""0.00001""","=""436.783141""","=""0.000012""","=""129""","=""""",,"=""167307.9822""","=""190196.2066""","=""3s2.3p4.(1S).4s""","=""2S""","=""1/2""","=""3s2.3p4.(3P).5p""","=""2P*""","=""1/2""",,"=""""","=""L11520""",
Ar,2,"=""437.07529""","=""0.00001""","=""437.075295""","=""0.000006""","=""617""","=""6.6e+07""",B,"=""150474.9903""","=""173347.9158""","=""3s2.3p4.(3P).3d""","=""2D""","=""3/2""","=""3s2.3p4.(1D).4p""","=""2D*""","=""3/2""",,"=""T926""","=""L11520""",
Ar,2,"=""437.13285""","=""0.00001""","=""437.132854""","=""0.000008""","=""355""","=""2.21e+07""",B,"=""132481.2068""","=""155351.1206""","=""3s2.3p4.(3P).3d""","=""4D""","=""5/2""","=""3s2.3p4.(3P).4p""","=""4P*""","=""3/2""",,"=""T926""","=""L11520""",
Ar,2,"=""437.24888""","=""0.00012""","=""437.248963""","=""0.000006""","=""10""","=""""",,"=""158730.2995""","=""181594.1404""","=""3s2.3p4.(3P).4p""","=""2D*""","=""5/2""","=""3s2.3p4.(3P).5s""","=""4P""","=""5/2""",,"=""""","=""L11520""",
Ar,2,"=""437.48574""","=""0.00004""","=""437.485779""","=""0.000004""","=""30""","=""""",,"=""160239.4280""","=""183090.8927""","=""3s2.3p4.(3P).4p""","=""2P*""","=""3/2""","=""3s2.3p4.(3P).5s""","=""2P""","=""3/2""",,"=""""","=""L11520""",
Ar,2,"=""437.59540""","=""0.00001""","=""437.595402""","=""0.000006""","=""209""","=""2.05e+07""",B,"=""138243.6444""","=""161089.3846""","=""3s2.3p4.(3P).4s""","=""2P""","=""3/2""","=""3s2.3p4.(3P).4p""","=""2S*""","=""1/2""",,"=""T926""","=""L11520""",
Ar,2,"=""437.92128""","=""0.00017""","=""437.921357""","=""0.000006""","=""11""","=""""",,"=""159393.3850""","=""182222.1209""","=""3s2.3p4.(3P).4p""","=""2D*""","=""3/2""","=""3s2.3p4.(3P).5s""","=""4P""","=""3/2""",,"=""""","=""L11520""",
Ar,2,"=""437.96665""","=""0.00001""","=""437.966649""","=""0.000010""","=""550""","=""1.004e+08""",A,"=""135601.7336""","=""158428.1087""","=""3s2.3p4.(3P).4s""","=""4P""","=""1/2""","=""3s2.3p4.(3P).4p""","=""4D*""","=""1/2""",,"=""T926""","=""L11520""",
Ar,2,"=""437.98805""","=""0.00001""","=""437.988058""","=""0.000006""","=""794""","=""""",,"=""161089.3846""","=""183914.6440""","=""3s2.3p4.(3P).4p""","=""2S*""","=""1/2""","=""3s2.3p4.(3P).5s""","=""2P""","=""1/2""",,"=""""","=""L11520""",
Ar,2,"=""438.2930""","=""0.0002""","=""438.29335""","=""0.00019""","=""5""","=""""",,"=""189415.0280""","=""212224.389""","=""3s2.3p4.(3P).5p""","=""4D*""","=""7/2""","=""3s2.3p4.(3P).7d""","=""4F""","=""9/2""",,"=""""","=""L11520""",
Ar,2,"=""438.37545""","=""0.00009""","=""438.375303""","=""0.000008""","=""14""","=""1.1e+06""",B,"=""138243.6444""","=""161048.7411""","=""3s2.3p4.(3P).4s""","=""2P""","=""3/2""","=""3s2.3p4.(3P).4p""","=""4S*""","=""3/2""",,"=""T926""","=""L11520""",
Ar,2,"=""438.50565""","=""0.00001""","=""438.505653""","=""0.000008""","=""117""","=""""",,"=""167307.9822""","=""190106.3000""","=""3s2.3p4.(1S).4s""","=""2S""","=""1/2""","=""3s2.3p4.(3P).5p""","=""4D*""","=""3/2""",,"=""""","=""L11520""",
Ar,2,"=""438.69656""","=""0.00004""","=""438.69655""","=""0.00004""","=""5""","=""""",,"=""190511.2674""","=""213299.665""","=""3s2.3p4.(3P).5p""","=""2D*""","=""5/2""","=""3s2.3p4.(3P).7d""","=""2F""","=""7/2""",,"=""""","=""L2634""",
Ar,2,"=""439.4622""","=""0.0008""","=""439.461986""","=""0.000008""","=""3""","=""6.e+05""",C,"=""161048.7411""","=""183797.4473""","=""3s2.3p4.(3P).4p""","=""4S*""","=""3/2""","=""3s2.3p4.(3P).4d""","=""4D""","=""5/2""",,"=""T926""","=""L14821""",
Ar,2,"=""439.7798""","=""0.0003""","=""439.77968""","=""0.00004""","=""5""","=""""",,"=""192333.4986""","=""215065.7716""","=""3s2.3p4.(1S).4p""","=""2P*""","=""1/2""","=""3s2.3p4.(1S).5s""","=""2S""","=""1/2""",,"=""""","=""L11520""",
Ar,2,"=""440.00964""","=""0.00001""","=""440.009637""","=""0.000008""","=""257""","=""1.60e+07""",B,"=""132630.7277""","=""155351.1206""","=""3s2.3p4.(3P).3d""","=""4D""","=""3/2""","=""3s2.3p4.(3P).4p""","=""4P*""","=""3/2""",,"=""T926""","=""L11520""",
Ar,2,"=""440.09860""","=""0.00001""","=""440.098598""","=""0.000008""","=""8710""","=""3.04e+07""",B,"=""132327.3616""","=""155043.1619""","=""3s2.3p4.(3P).3d""","=""4D""","=""7/2""","=""3s2.3p4.(3P).4p""","=""4P*""","=""5/2""",,"=""T926""","=""L11520""",
Ar,2,"=""440.1744""","=""0.0016""","=""440.175478""","=""0.000006""","=""2bl?""","=""""",,"=""160239.4280""","=""182951.2609""","=""3s2.3p4.(3P).4p""","=""2P*""","=""3/2""","=""3s2.3p4.(3P).5s""","=""4P""","=""1/2""",,"=""""","=""L14821""",
Ar,2,"=""440.49019""","=""0.00006""","=""440.49023""","=""0.00003""","=""18""","=""""",,"=""172335.5985""","=""195031.2028""","=""3s2.3p4.(1D).3d""","=""2D""","=""5/2""","=""3s2.3p4.(3P<2>).4f""","=""2[2]*""","=""5/2""",,"=""""","=""L11520""",
Ar,2,"=""440.64696""","=""0.00006""","=""440.64698""","=""0.00006""","=""10""","=""""",,"=""189654.8487""","=""212342.380""","=""3s2.3p4.(3P).5p""","=""4D*""","=""5/2""","=""3s2.3p4.(3P).7d""","=""4F""","=""7/2""",,"=""""","=""L11520""",
Ar,2,"=""440.900""","=""0.002""","=""440.90102""","=""0.00004""","=""0.5?""","=""""",,"=""189415.0280""","=""212089.487""","=""3s2.3p4.(3P).5p""","=""4D*""","=""7/2""","=""3s2.3p4.(3P).7d""","=""4D""","=""7/2""",,"=""""","=""L14821""",
Ar,14,"=""441.2556""","=""0.0001""","=""441.25560""","=""0.00010""","=""""","=""1.04e+02""",A,"=""0.000""","=""22656.239""","=""2s2.2p""","=""2P*""","=""1/2""","=""2s2.2p""","=""2P*""","=""3/2""",M1,"=""T335""","=""L8983""",
Ar,2,"=""441.29035""","=""0.00004""","=""441.290323""","=""0.000008""","=""3""","=""6.1e+06""",B,"=""147875.9477""","=""170530.4040""","=""3s2.3p4.(3P).3d""","=""4P""","=""5/2""","=""3s2.3p4.(1D).4p""","=""2F*""","=""7/2""",,"=""T926""","=""L2634""",
Ar,2,"=""442.09118""","=""0.00003""","=""442.091205""","=""0.000012""","=""47""","=""3.1e+06""",B,"=""132737.7039""","=""155351.1206""","=""3s2.3p4.(3P).3d""","=""4D""","=""1/2""","=""3s2.3p4.(3P).4p""","=""4P*""","=""3/2""",,"=""T926""","=""L11520""",
Ar,1,"=""""","=""""","=""442.39944""","=""""","=""""","=""7.3e+03""",C+,"=""94553.6652""","=""117151.3264""","=""3s2.3p5.(2P*<1/2>).4s""","=""2[1/2]*""","=""0""","=""3s2.3p5.(2P*<3/2>).5p""","=""2[3/2]""","=""1""",,"=""T5223""","=""""",
Ar,2,"=""442.60008""","=""0.00001""","=""442.600080""","=""0.000005""","=""1514""","=""8.17e+07""",A,"=""135085.9958""","=""157673.4134""","=""3s2.3p4.(3P).4s""","=""4P""","=""3/2""","=""3s2.3p4.(3P).4p""","=""4D*""","=""5/2""",,"=""T926""","=""L11520""",
Ar,2,"=""443.01885""","=""0.00001""","=""443.018862""","=""0.000008""","=""661""","=""5.69e+07""",A,"=""135601.7336""","=""158167.7999""","=""3s2.3p4.(3P).4s""","=""4P""","=""1/2""","=""3s2.3p4.(3P).4p""","=""4D*""","=""3/2""",,"=""T926""","=""L11520""",
Ar,2,"=""443.09959""","=""0.00001""","=""443.099589""","=""0.000008""","=""251""","=""1.09e+07""",B,"=""132481.2068""","=""155043.1619""","=""3s2.3p4.(3P).3d""","=""4D""","=""5/2""","=""3s2.3p4.(3P).4p""","=""4P*""","=""5/2""",,"=""T926""","=""L11520""",
Ar,2,"=""443.38377""","=""0.00001""","=""443.383789""","=""0.000018""","=""120""","=""""",,"=""172335.5985""","=""194883.0921""","=""3s2.3p4.(1D).3d""","=""2D""","=""5/2""","=""3s2.3p4.(3P<2>).4f""","=""2[3]*""","=""7/2""",,"=""""","=""L11520""",
Ar,2,"=""443.81173""","=""0.00004""","=""443.811698""","=""0.000020""","=""7""","=""""",,"=""172335.5985""","=""194861.3529""","=""3s2.3p4.(1D).3d""","=""2D""","=""5/2""","=""3s2.3p4.(3P<2>).4f""","=""2[3]*""","=""5/2""",,"=""""","=""L2634""",
Ar,2,"=""443.8808""","=""0.0008""","=""443.880939""","=""0.000012""","=""1""","=""""",,"=""186816.0496""","=""209338.2903""","=""3s2.3p4.(3P).4d""","=""2F""","=""7/2""","=""3s2.3p4.(1D<2>).4f""","=""2[4]*""","=""9/2""",,"=""""","=""L14821""",
Ar,2,"=""443.94611""","=""0.00001""","=""443.946110""","=""0.000008""","=""95""","=""""",,"=""173347.9158""","=""195866.8503""","=""3s2.3p4.(1D).4p""","=""2D*""","=""3/2""","=""3s2.3p4.(1D).5s""","=""2D""","=""3/2""",,"=""""","=""L11520""",
Ar,2,"=""443.98786""","=""0.00004""","=""443.987923""","=""0.000006""","=""22""","=""""",,"=""173347.9158""","=""195864.7296""","=""3s2.3p4.(1D).4p""","=""2D*""","=""3/2""","=""3s2.3p4.(1D).5s""","=""2D""","=""5/2""",,"=""""","=""L11520""",
Ar,2,"=""444.01213""","=""0.00009""","=""444.012110""","=""0.000006""","=""13""","=""""",,"=""159706.5337""","=""182222.1209""","=""3s2.3p4.(3P).4p""","=""2P*""","=""1/2""","=""3s2.3p4.(3P).5s""","=""4P""","=""3/2""",,"=""""","=""L11520""",
Ar,2,"=""444.5846""","=""0.0002""","=""444.584791""","=""0.000022""","=""5""","=""""",,"=""172335.5985""","=""194822.1833""","=""3s2.3p4.(1D).3d""","=""2D""","=""5/2""","=""3s2.3p4.(3P<2>).4f""","=""2[4]*""","=""7/2""",,"=""""","=""L11520""",
Ar,2,"=""444.84587""","=""0.00006""","=""444.845934""","=""0.000008""","=""14""","=""""",,"=""173393.4658""","=""195866.8503""","=""3s2.3p4.(1D).4p""","=""2D*""","=""5/2""","=""3s2.3p4.(1D).5s""","=""2D""","=""3/2""",,"=""""","=""L11520""",
Ar,2,"=""444.88791""","=""0.00001""","=""444.887916""","=""0.000006""","=""166""","=""6.5e+07""",D,"=""173393.4658""","=""195864.7296""","=""3s2.3p4.(1D).4p""","=""2D*""","=""5/2""","=""3s2.3p4.(1D).5s""","=""2D""","=""5/2""",,"=""T1240""","=""L11520""",
Ar,3,"=""444.9201""","=""0.0020""","=""444.9206""","=""0.0014""","=""7""","=""""",,"=""219337.54""","=""241807.155""","=""3s2.3p3.(2D*).3d""","=""1D*""","=""2""","=""3s2.3p3.(2P*).4p""","=""1P""","=""1""",,"=""""","=""L9366""",
Ar,2,"=""444.9521""","=""0.0003""","=""444.95203""","=""0.00003""","=""7""","=""""",,"=""172829.6539""","=""195297.6798""","=""3s2.3p4.(1D).3d""","=""2D""","=""3/2""","=""3s2.3p4.(3P<2>).4f""","=""2[1]*""","=""3/2""",,"=""""","=""L11520""",
Ar,2,"=""445.655""","=""0.002""","=""445.655075""","=""0.000018""","=""1""","=""""",,"=""186816.0496""","=""209248.6316""","=""3s2.3p4.(3P).4d""","=""2F""","=""7/2""","=""3s2.3p4.(1D<2>).4f""","=""2[3]*""","=""7/2""",,"=""""","=""L14821""",
Ar,2,"=""445.8885""","=""0.0008""","=""445.887904""","=""0.000014""","=""1h""","=""""",,"=""186171.3330""","=""208592.2016""","=""3s2.3p4.(3P).4d""","=""4P""","=""1/2""","=""3s2.3p4.(1D<2>).4f""","=""2[1]*""","=""3/2""",,"=""""","=""L14821""",
Ar,2,"=""446.05558""","=""0.00004""","=""446.055706""","=""0.000008""","=""35""","=""1.5e+06""",B+,"=""132630.7277""","=""155043.1619""","=""3s2.3p4.(3P).3d""","=""4D""","=""3/2""","=""3s2.3p4.(3P).4p""","=""4P*""","=""5/2""",,"=""T926""","=""L11520""",
Ar,2,"=""447.47591""","=""0.00001""","=""447.475916""","=""0.000008""","=""347""","=""2.90e+07""",B,"=""150474.9903""","=""172816.2926""","=""3s2.3p4.(3P).3d""","=""2D""","=""3/2""","=""3s2.3p4.(1D).4p""","=""2P*""","=""1/2""",,"=""T926""","=""L11520""",
Ar,2,"=""448.18104""","=""0.00001""","=""448.181045""","=""0.000006""","=""646""","=""4.55e+07""",B,"=""151087.3128""","=""173393.4658""","=""3s2.3p4.(3P).3d""","=""2D""","=""5/2""","=""3s2.3p4.(1D).4p""","=""2D*""","=""5/2""",,"=""T926""","=""L11520""",
Ar,2,"=""449.09813""","=""0.00002""","=""449.098136""","=""0.000006""","=""48""","=""4.6e+06""",B,"=""151087.3128""","=""173347.9158""","=""3s2.3p4.(3P).3d""","=""2D""","=""5/2""","=""3s2.3p4.(1D).4p""","=""2D*""","=""3/2""",,"=""T926""","=""L11520""",
Ar,2,"=""449.85374""","=""0.00005""","=""449.85383""","=""0.00003""","=""25""","=""""",,"=""174409.8916""","=""196633.1005""","=""3s2.3p4.(1D).3d""","=""2P""","=""3/2""","=""3s2.3p4.(3P<0>).4f""","=""2[3]*""","=""5/2""",,"=""""","=""L11520""",
Ar,2,"=""450.29265""","=""0.00003""","=""450.29272""","=""0.00004""","=""42""","=""""",,"=""172829.6539""","=""195031.2028""","=""3s2.3p4.(1D).3d""","=""2D""","=""3/2""","=""3s2.3p4.(3P<2>).4f""","=""2[2]*""","=""5/2""",,"=""""","=""L11520""",
Ar,2,"=""450.308""","=""0.002""","=""450.308810""","=""0.000006""","=""1h""","=""""",,"=""159393.3850""","=""181594.1404""","=""3s2.3p4.(3P).4p""","=""2D*""","=""3/2""","=""3s2.3p4.(3P).5s""","=""4P""","=""5/2""",,"=""""","=""L14821""",
Ar,8,"=""450.47""","=""0.04""","=""450.43""","=""0.12""","=""""","=""""",,"=""1059616.""","=""1081811.""","=""2p6.9s""","=""2S""","=""1/2""","=""2p6.10p""","=""2P*""","=""3/2""",,"=""""","=""L11180""",
Ar,2,"=""450.9957""","=""0.0008""","=""450.99643""","=""0.00003""","=""2""","=""""",,"=""172829.6539""","=""194996.5613""","=""3s2.3p4.(1D).3d""","=""2D""","=""3/2""","=""3s2.3p4.(3P<2>).4f""","=""2[2]*""","=""3/2""",,"=""""","=""L14821""",
Ar,1,"=""451.0733""","=""""","=""451.07334""","=""""","=""100""","=""1.18e+06""",B+,"=""95399.8276""","=""117562.9553""","=""3s2.3p5.(2P*<1/2>).4s""","=""2[1/2]*""","=""1""","=""3s2.3p5.(2P*<3/2>).5p""","=""2[1/2]""","=""0""",,"=""T5223""","=""L2634""",
Ar,2,"=""451.6095""","=""0.0008""","=""451.610273""","=""0.000007""","=""1h,l""","=""""",,"=""181594.1404""","=""203730.9181""","=""3s2.3p4.(3P).5s""","=""4P""","=""5/2""","=""3s2.3p4.(3P).6p""","=""2P*""","=""3/2""",,"=""""","=""L14821""",
Ar,2,"=""451.75363""","=""0.00004""","=""451.753542""","=""0.000010""","=""4""","=""""",,"=""167307.9822""","=""189437.7396""","=""3s2.3p4.(1S).4s""","=""2S""","=""1/2""","=""3s2.3p4.(3P).5p""","=""4P*""","=""1/2""",,"=""""","=""L2634""",
Ar,1,"=""452.2323""","=""""","=""452.23234""","=""""","=""20""","=""9.0e+04""",B,"=""94553.6652""","=""116659.9934""","=""3s2.3p5.(2P*<1/2>).4s""","=""2[1/2]*""","=""0""","=""3s2.3p5.(2P*<3/2>).5p""","=""2[1/2]""","=""1""",,"=""T5223""","=""L2634""",
Ar,2,"=""453.05522""","=""0.00001""","=""453.055209""","=""0.000007""","=""63""","=""2.1e+06""",B,"=""150147.7021""","=""172213.8798""","=""3s2.3p4.(3P).3d""","=""2F""","=""5/2""","=""3s2.3p4.(1D).4p""","=""2P*""","=""3/2""",,"=""T926""","=""L11520""",
Ar,2,"=""453.54905""","=""0.00004""","=""453.549051""","=""0.000007""","=""21""","=""7.4e+06""",D,"=""161048.7411""","=""183090.8927""","=""3s2.3p4.(3P).4p""","=""4S*""","=""3/2""","=""3s2.3p4.(3P).5s""","=""2P""","=""3/2""",,"=""T1240""","=""L11520""",
Ar,2,"=""453.76409""","=""0.00010""","=""453.76423""","=""0.00003""","=""13""","=""""",,"=""172829.6539""","=""194861.3529""","=""3s2.3p4.(1D).3d""","=""2D""","=""3/2""","=""3s2.3p4.(3P<2>).4f""","=""2[3]*""","=""5/2""",,"=""""","=""L11520""",
Ar,2,"=""453.87102""","=""0.00004""","=""453.871052""","=""0.000013""","=""4""","=""""",,"=""170530.4040""","=""192556.9179""","=""3s2.3p4.(1D).4p""","=""2F*""","=""7/2""","=""3s2.3p4.(3P).4d""","=""2D""","=""5/2""",,"=""""","=""L2634""",
Ar,2,"=""454.38702""","=""0.00012""","=""454.386908""","=""0.000005""","=""10""","=""""",,"=""161089.3846""","=""183090.8927""","=""3s2.3p4.(3P).4p""","=""2S*""","=""1/2""","=""3s2.3p4.(3P).5s""","=""2P""","=""3/2""",,"=""""","=""L11520""",
Ar,1,"=""""","=""""","=""454.4746""","=""""","=""""","=""8.3e+04""",E,"=""104102.0990""","=""126099.36""","=""3s2.3p5.(2P*<3/2>).4p""","=""2[1/2]""","=""1""","=""3s2.3p5.(2P*<3/2>).11d""","=""2[1/2]*""","=""1""",,"=""T1164n""","=""""",
Ar,2,"=""454.50516""","=""0.00001""","=""454.505166""","=""0.000007""","=""1738""","=""4.71e+07""",B,"=""138243.6444""","=""160239.4280""","=""3s2.3p4.(3P).4s""","=""2P""","=""3/2""","=""3s2.3p4.(3P).4p""","=""2P*""","=""3/2""",,"=""T926""","=""L11520""",
Ar,2,"=""454.77582""","=""0.00008""","=""454.775828""","=""0.000007""","=""20""","=""7.7e+06""",D,"=""160239.4280""","=""182222.1209""","=""3s2.3p4.(3P).4p""","=""2P*""","=""3/2""","=""3s2.3p4.(3P).5s""","=""4P""","=""3/2""",,"=""T1240""","=""L11520""",
Ar,3,"=""454.8565""","=""0.0020""","=""454.85516""","=""0.00017""","=""2""","=""""",,"=""187172.022""","=""209150.8807""","=""3s2.3p3.(2D*).3d""","=""3D*""","=""1""","=""3s2.3p3.(4S*).4p""","=""3P""","=""2""",,"=""""","=""L9366""",
Ar,1,"=""""","=""""","=""455.4324""","=""""","=""""","=""3.8e+04""",E,"=""104102.0990""","=""126053.10""","=""3s2.3p5.(2P*<3/2>).4p""","=""2[1/2]""","=""1""","=""3s2.3p5.(2P*<1/2>).7d""","=""2[3/2]*""","=""2""",,"=""T1164n""","=""""",
Ar,2,"=""456.10124""","=""0.00012""","=""456.101276""","=""0.000017""","=""7""","=""""",,"=""157673.4134""","=""179592.2248""","=""3s2.3p4.(3P).4p""","=""4D*""","=""5/2""","=""3s2.3p4.(1S).3d""","=""2D""","=""5/2""",,"=""""","=""L11520""",
Ar,2,"=""456.37423""","=""0.00006""","=""456.37427""","=""0.00003""","=""37bl""","=""""",,"=""174409.8916""","=""196315.5916""","=""3s2.3p4.(1D).3d""","=""2P""","=""3/2""","=""3s2.3p4.(3P<1>).4f""","=""2[3]*""","=""5/2""",,"=""""","=""L11520""",
Ar,2,"=""456.44055""","=""0.00004""","=""456.440540""","=""0.000009""","=""42""","=""2.9e+07""",D,"=""161048.7411""","=""182951.2609""","=""3s2.3p4.(3P).4p""","=""4S*""","=""3/2""","=""3s2.3p4.(3P).5s""","=""4P""","=""1/2""",,"=""T1240""","=""L11520""",
Ar,3,"=""456.5210""","=""0.0020""","=""456.5206""","=""0.0004""","=""8""","=""""",,"=""219908.474""","=""241807.155""","=""3s2.3p3.(2D*).3d""","=""1P*""","=""1""","=""3s2.3p3.(2P*).4p""","=""1P""","=""1""",,"=""""","=""L9366""",
Ar,2,"=""457.2894""","=""0.0008""","=""457.289124""","=""0.000007""","=""2""","=""""",,"=""161089.3846""","=""182951.2609""","=""3s2.3p4.(3P).4p""","=""2S*""","=""1/2""","=""3s2.3p4.(3P).5s""","=""4P""","=""1/2""",,"=""""","=""L14821""",
Ar,2,"=""457.93493""","=""0.00001""","=""457.934934""","=""0.000007""","=""871""","=""8.0e+07""",B,"=""139258.3389""","=""161089.3846""","=""3s2.3p4.(3P).4s""","=""2P""","=""1/2""","=""3s2.3p4.(3P).4p""","=""2S*""","=""1/2""",,"=""T926""","=""L11520""",
Ar,1,"=""""","=""""","=""458.4956""","=""""","=""""","=""1.6e+05""",E,"=""104102.0990""","=""125906.45""","=""3s2.3p5.(2P*<3/2>).4p""","=""2[1/2]""","=""1""","=""3s2.3p5.(2P*<3/2>).10d""","=""2[3/2]*""","=""2""",,"=""T1164n""","=""""",
Ar,1,"=""""","=""""","=""458.6611""","=""""","=""""","=""2.3e+05""",E,"=""104102.0990""","=""125898.58""","=""3s2.3p5.(2P*<3/2>).4p""","=""2[1/2]""","=""1""","=""3s2.3p5.(2P*<3/2>).10d""","=""2[1/2]*""","=""1""",,"=""T1164n""","=""""",
Ar,1,"=""""","=""""","=""458.7209""","=""""","=""""","=""4.9e+05""",E,"=""104102.0990""","=""125895.74""","=""3s2.3p5.(2P*<3/2>).4p""","=""2[1/2]""","=""1""","=""3s2.3p5.(2P*<3/2>).10d""","=""2[1/2]*""","=""0""",,"=""T1164n""","=""""",
Ar,2,"=""458.7895""","=""0.0008""","=""458.789089""","=""0.000009""","=""3""","=""3.e+05""",C,"=""139258.3389""","=""161048.7411""","=""3s2.3p4.(3P).4s""","=""2P""","=""1/2""","=""3s2.3p4.(3P).4p""","=""4S*""","=""3/2""",,"=""T926""","=""L14821""",
Ar,1,"=""""","=""""","=""458.92893""","=""""","=""""","=""6.2e+03""",C,"=""95399.8276""","=""117183.5901""","=""3s2.3p5.(2P*<1/2>).4s""","=""2[1/2]*""","=""1""","=""3s2.3p5.(2P*<3/2>).5p""","=""2[3/2]""","=""2""",,"=""T5223""","=""""",
Ar,2,"=""458.98976""","=""0.00001""","=""458.989759""","=""0.000007""","=""25704""","=""6.64e+07""",A,"=""148620.1414""","=""170401.0170""","=""3s2.3p4.(1D).4s""","=""2D""","=""3/2""","=""3s2.3p4.(1D).4p""","=""2F*""","=""5/2""",,"=""T926""","=""L11520""",
Ar,2,"=""459.34476""","=""0.00004""","=""459.34483""","=""0.00003""","=""4""","=""""",,"=""158167.7999""","=""179931.8393""","=""3s2.3p4.(3P).4p""","=""4D*""","=""3/2""","=""3s2.3p4.(1S).3d""","=""2D""","=""3/2""",,"=""""","=""L2634""",
Ar,1,"=""459.6097""","=""""","=""459.60966""","=""""","=""15""","=""9.5e+04""",B,"=""95399.8276""","=""117151.3264""","=""3s2.3p5.(2P*<1/2>).4s""","=""2[1/2]*""","=""1""","=""3s2.3p5.(2P*<3/2>).5p""","=""2[3/2]""","=""1""",,"=""T5223""","=""L2634""",
Ar,2,"=""459.87625""","=""0.00001""","=""459.876258""","=""0.000007""","=""182""","=""6.7e+06""",B,"=""150474.9903""","=""172213.8798""","=""3s2.3p4.(3P).3d""","=""2D""","=""3/2""","=""3s2.3p4.(1D).4p""","=""2P*""","=""3/2""",,"=""T926""","=""L11520""",
Ar,2,"=""460.002""","=""0.002""","=""460.001880""","=""0.000009""","=""1h""","=""""",,"=""167307.9822""","=""189040.9351""","=""3s2.3p4.(1S).4s""","=""2S""","=""1/2""","=""3s2.3p4.(3P).5p""","=""4P*""","=""3/2""",,"=""""","=""L14821""",
Ar,2,"=""460.95669""","=""0.00001""","=""460.956692""","=""0.000007""","=""2291""","=""7.89e+07""",A,"=""148842.4674""","=""170530.4040""","=""3s2.3p4.(1D).4s""","=""2D""","=""5/2""","=""3s2.3p4.(1D).4p""","=""2F*""","=""7/2""",,"=""T926""","=""L11520""",
Ar,2,"=""461.12432""","=""0.00016""","=""461.12444""","=""0.00003""","=""9""","=""""",,"=""174409.8916""","=""196089.9385""","=""3s2.3p4.(1D).3d""","=""2P""","=""3/2""","=""3s2.3p4.(3P<1>).4f""","=""2[2]*""","=""5/2""",,"=""""","=""L11520""",
Ar,2,"=""461.410""","=""0.002""","=""461.41106""","=""0.00004""","=""1h""","=""""",,"=""174409.8916""","=""196076.4715""","=""3s2.3p4.(1D).3d""","=""2P""","=""3/2""","=""3s2.3p4.(3P<1>).4f""","=""2[2]*""","=""3/2""",,"=""""","=""L14821""",
Ar,5,"=""462.547""","=""0.004""","=""462.539""","=""0.007""","=""""","=""3.8e+00""",D,"=""16298.66""","=""37912.4""","=""3s2.3p2""","=""1D""","=""2""","=""3s2.3p2""","=""1S""","=""0""",E2,"=""T761""","=""L16109""",
Ar,1,"=""462.8441""","=""""","=""462.84409""","=""""","=""7""","=""3.83e+04""",B+,"=""95399.8276""","=""116999.3259""","=""3s2.3p5.(2P*<1/2>).4s""","=""2[1/2]*""","=""1""","=""3s2.3p5.(2P*<3/2>).5p""","=""2[5/2]""","=""2""",,"=""T5223""","=""L2634""",
Ar,8,"=""463.08""","=""0.04""","=""463.1""","=""0.5""","=""""","=""""",,"=""1086703.""","=""1108291.""","=""2p6.10f""","=""2F*""","=""7/2""","=""2p6.12g""","=""2G""","=""9/2""",,"=""""","=""L16099""",
Ar,2,"=""463.72324""","=""0.00001""","=""463.723239""","=""0.000007""","=""148""","=""7.1e+06""",A,"=""148842.4674""","=""170401.0170""","=""3s2.3p4.(1D).4s""","=""2D""","=""5/2""","=""3s2.3p4.(1D).4p""","=""2F*""","=""5/2""",,"=""T926""","=""L11520""",
Ar,1,"=""""","=""""","=""464.2137""","=""""","=""""","=""9.6e+04""",E,"=""104102.0990""","=""125637.87""","=""3s2.3p5.(2P*<3/2>).4p""","=""2[1/2]""","=""1""","=""3s2.3p5.(2P*<3/2>).9d""","=""2[3/2]*""","=""2""",,"=""T1164n""","=""""",
Ar,1,"=""""","=""""","=""464.7489""","=""""","=""""","=""1.2e+05""",E,"=""104102.0990""","=""125613.07""","=""3s2.3p5.(2P*<3/2>).4p""","=""2[1/2]""","=""1""","=""3s2.3p5.(2P*<3/2>).9d""","=""2[1/2]*""","=""1""",,"=""T1164n""","=""""",
Ar,8,"=""464.80""","=""0.04""","=""464.8""","=""0.3""","=""*""","=""""",,"=""1086860.""","=""1108370.""","=""2p6.10g""","=""2G""","=""7/2""","=""2p6.12h""","=""2H*""","=""9/2""",,"=""""","=""L16099""",
Ar,8,"=""464.80""","=""0.04""","=""464.8""","=""0.3""","=""*""","=""""",,"=""1086860.""","=""1108370.""","=""2p6.10g""","=""2G""","=""9/2""","=""2p6.12h""","=""2H*""","=""11/2""",,"=""""","=""L16099""",
Ar,2,"=""465.79009""","=""0.00001""","=""465.790090""","=""0.000007""","=""1445""","=""8.92e+07""",B,"=""138243.6444""","=""159706.5337""","=""3s2.3p4.(3P).4s""","=""2P""","=""3/2""","=""3s2.3p4.(3P).4p""","=""2P*""","=""1/2""",,"=""T926""","=""L11520""",
Ar,2,"=""466.6260""","=""0.0008""","=""466.626360""","=""0.000020""","=""1""","=""""",,"=""158167.7999""","=""179592.2248""","=""3s2.3p4.(3P).4p""","=""4D*""","=""3/2""","=""3s2.3p4.(1S).3d""","=""2D""","=""5/2""",,"=""""","=""L14821""",
Ar,2,"=""468.14971""","=""0.00004""","=""468.149686""","=""0.000007""","=""5""","=""""",,"=""160239.4280""","=""181594.1404""","=""3s2.3p4.(3P).4p""","=""2P*""","=""3/2""","=""3s2.3p4.(3P).5s""","=""4P""","=""5/2""",,"=""""","=""L2634""",
Ar,2,"=""468.22759""","=""0.00004""","=""468.227587""","=""0.000007""","=""21""","=""8.e+05""",C+,"=""149179.2444""","=""170530.4040""","=""3s2.3p4.(3P).3d""","=""2F""","=""7/2""","=""3s2.3p4.(1D).4p""","=""2F*""","=""7/2""",,"=""T926""","=""L11520""",
Ar,3,"=""468.7618""","=""0.0020""","=""468.75929""","=""0.00013""","=""5""","=""""",,"=""187823.939""","=""209150.8807""","=""3s2.3p3.(2D*).3d""","=""3D*""","=""2""","=""3s2.3p3.(4S*).4p""","=""3P""","=""2""",,"=""""","=""L9366""",
Ar,1,"=""470.2316""","=""""","=""470.23164""","=""""","=""15""","=""1.09e+05""",B,"=""95399.8276""","=""116659.9934""","=""3s2.3p5.(2P*<1/2>).4s""","=""2[1/2]*""","=""1""","=""3s2.3p5.(2P*<3/2>).5p""","=""2[1/2]""","=""1""",,"=""T5223""","=""L2634""",
Ar,2,"=""470.33576""","=""0.00008""","=""470.33571""","=""0.00004""","=""15""","=""""",,"=""174821.0098""","=""196076.4715""","=""3s2.3p4.(1D).3d""","=""2P""","=""1/2""","=""3s2.3p4.(3P<1>).4f""","=""2[2]*""","=""3/2""",,"=""""","=""L11520""",
Ar,2,"=""471.08230""","=""0.00004""","=""471.082366""","=""0.000007""","=""14""","=""5.e+05""",C+,"=""149179.2444""","=""170401.0170""","=""3s2.3p4.(3P).3d""","=""2F""","=""7/2""","=""3s2.3p4.(1D).4p""","=""2F*""","=""5/2""",,"=""T926""","=""L11520""",
Ar,4,"=""471.135""","=""0.002""","=""471.126""","=""0.009""","=""*""","=""9.6e-03""",D,"=""0.0""","=""21219.8""","=""3s2.3p3""","=""4S*""","=""3/2""","=""3s2.3p3""","=""2D*""","=""5/2""",M1+E2,"=""T761""","=""L3452""",
Ar,2,"=""472.15913""","=""0.00005""","=""472.159064""","=""0.000009""","=""32""","=""1.5e+07""",D,"=""161048.7411""","=""182222.1209""","=""3s2.3p4.(3P).4p""","=""4S*""","=""3/2""","=""3s2.3p4.(3P).5s""","=""4P""","=""3/2""",,"=""T1240""","=""L11520""",
Ar,2,"=""472.68681""","=""0.00001""","=""472.686807""","=""0.000007""","=""23442""","=""5.88e+07""",A,"=""138243.6444""","=""159393.3850""","=""3s2.3p4.(3P).4s""","=""2P""","=""3/2""","=""3s2.3p4.(3P).4p""","=""2D*""","=""3/2""",,"=""T926""","=""L11520""",
Ar,2,"=""473.0672""","=""0.0002""","=""473.067157""","=""0.000007""","=""7""","=""""",,"=""161089.3846""","=""182222.1209""","=""3s2.3p4.(3P).4p""","=""2S*""","=""1/2""","=""3s2.3p4.(3P).5s""","=""4P""","=""3/2""",,"=""""","=""L11520""",
Ar,3,"=""473.1386""","=""0.0020""","=""473.141""","=""0.003""","=""7""","=""""",,"=""210212.72""","=""231342.1658""","=""3s2.3p3.(2P*).3d""","=""3D*""","=""3""","=""3s2.3p3.(2D*).4p""","=""3P""","=""2""",,"=""""","=""L9366""",
Ar,2,"=""473.20530""","=""0.00001""","=""473.205302""","=""0.000007""","=""200""","=""6.7e+06""",B,"=""151087.3128""","=""172213.8798""","=""3s2.3p4.(3P).3d""","=""2D""","=""5/2""","=""3s2.3p4.(1D).4p""","=""2P*""","=""3/2""",,"=""T926""","=""L11520""",
Ar,2,"=""473.59055""","=""0.00001""","=""473.590548""","=""0.000009""","=""1000""","=""5.80e+07""",A,"=""134241.7389""","=""155351.1206""","=""3s2.3p4.(3P).4s""","=""4P""","=""5/2""","=""3s2.3p4.(3P).4p""","=""4P*""","=""3/2""",,"=""T926""","=""L11520""",
Ar,4,"=""474.020""","=""0.002""","=""474.012""","=""0.010""","=""*""","=""7.2e-02""",C,"=""0.0""","=""21090.6""","=""3s2.3p3""","=""4S*""","=""3/2""","=""3s2.3p3""","=""2D*""","=""3/2""",M1,"=""T761""","=""L3452""",
Ar,4,"=""474.020""","=""0.002""","=""474.012""","=""0.010""","=""*""","=""5.1e-03""",D,"=""0.0""","=""21090.6""","=""3s2.3p3""","=""4S*""","=""3/2""","=""3s2.3p3""","=""2D*""","=""3/2""",E2,"=""T761""","=""L3452""",
Ar,2,"=""474.319""","=""0.002""","=""474.3195""","=""0.0005""","=""0?""","=""""",,"=""190592.2306""","=""211669.17""","=""3s2.3p4.(3P).4d""","=""2P""","=""3/2""","=""3s2.3p4.(3P<1>).6f""","=""2[3]*""","=""5/2""",,"=""""","=""L14821""",
Ar,1,"=""""","=""""","=""474.6821""","=""""","=""""","=""3.6e+05""",E,"=""104102.0990""","=""125162.94""","=""3s2.3p5.(2P*<3/2>).4p""","=""2[1/2]""","=""1""","=""3s2.3p5.(2P*<3/2>).8d""","=""2[1/2]*""","=""0""",,"=""T1164n""","=""""",
Ar,1,"=""""","=""""","=""475.29388""","=""""","=""""","=""4.5e+05""",E,"=""104102.0990""","=""125135.831""","=""3s2.3p5.(2P*<3/2>).4p""","=""2[1/2]""","=""1""","=""3s2.3p5.(2P*<3/2>).8d""","=""2[1/2]*""","=""1""",,"=""T1164n""","=""""",
Ar,2,"=""475.72197""","=""0.00005""","=""475.721993""","=""0.000009""","=""5""","=""""",,"=""183914.6440""","=""204929.4477""","=""3s2.3p4.(3P).5s""","=""2P""","=""1/2""","=""3s2.3p4.(3P).6p""","=""2S*""","=""1/2""",,"=""""","=""L2634""",
Ar,2,"=""476.48644""","=""0.00001""","=""476.486444""","=""0.000007""","=""2344""","=""6.4e+07""",B,"=""139258.3389""","=""160239.4280""","=""3s2.3p4.(3P).4s""","=""2P""","=""1/2""","=""3s2.3p4.(3P).4p""","=""2P*""","=""3/2""",,"=""T926""","=""L11520""",
Ar,1,"=""""","=""""","=""476.86729""","=""""","=""""","=""8.6e+05""",D,"=""104102.0990""","=""125066.432""","=""3s2.3p5.(2P*<3/2>).4p""","=""2[1/2]""","=""1""","=""3s2.3p5.(2P*<1/2>).6d""","=""2[3/2]*""","=""2""",,"=""T1218n""","=""""",
Ar,3,"=""477.2166""","=""0.0020""","=""477.2189""","=""0.0003""","=""4""","=""""",,"=""231627.364""","=""252576.253""","=""3s2.3p3.(2D*).4p""","=""3P""","=""1""","=""3s2.3p3.(4S*).5s""","=""3S*""","=""1""",,"=""""","=""L9366""",
Ar,2,"=""478.6150""","=""0.0002""","=""478.61483""","=""0.00004""","=""6""","=""""",,"=""174409.8916""","=""195297.6798""","=""3s2.3p4.(1D).3d""","=""2P""","=""3/2""","=""3s2.3p4.(3P<2>).4f""","=""2[1]*""","=""3/2""",,"=""""","=""L11520""",
Ar,2,"=""479.20818""","=""0.00006""","=""479.208185""","=""0.000019""","=""17""","=""""",,"=""158730.2995""","=""179592.2248""","=""3s2.3p4.(3P).4p""","=""2D*""","=""5/2""","=""3s2.3p4.(1S).3d""","=""2D""","=""5/2""",,"=""""","=""L11520""",
Ar,2,"=""479.259""","=""0.002""","=""479.2590""","=""0.0021""","=""0h""","=""""",,"=""195123.6464""","=""215983.36""","=""3s2.3p4.(3P<2>).4f""","=""2[5]*""","=""11/2""","=""3s2.3p4.(3P<2>).8g""","=""2[6]""","=""13/2""",,"=""""","=""L14821""",
Ar,2,"=""479.371""","=""0.002""","=""479.3711""","=""0.0021""","=""0h""","=""""",,"=""195128.3735""","=""215983.21""","=""3s2.3p4.(3P<2>).4f""","=""2[5]*""","=""9/2""","=""3s2.3p4.(3P<2>).8g""","=""2[6]""","=""11/2""",,"=""""","=""L14821""",
Ar,1,"=""""","=""""","=""479.8742""","=""""","=""""","=""8.8e+04""",E,"=""105462.7596""","=""126295.73""","=""3s2.3p5.(2P*<3/2>).4p""","=""2[5/2]""","=""3""","=""3s2.3p5.(2P*<3/2>).12d""","=""2[7/2]*""","=""4""",,"=""T1164n""","=""""",
Ar,3,"=""480.1368""","=""0.0020""","=""480.1405""","=""0.0003""","=""2""","=""""",,"=""231754.836""","=""252576.253""","=""3s2.3p3.(2D*).4p""","=""3P""","=""0""","=""3s2.3p3.(4S*).5s""","=""3S*""","=""1""",,"=""""","=""L9366""",
Ar,2,"=""480.60202""","=""0.00001""","=""480.602014""","=""0.000010""","=""1820""","=""7.80e+07""",A,"=""134241.7389""","=""155043.1619""","=""3s2.3p4.(3P).4s""","=""4P""","=""5/2""","=""3s2.3p4.(3P).4p""","=""4P*""","=""5/2""",,"=""T926""","=""L11520""",
Ar,1,"=""""","=""""","=""483.5970""","=""""","=""""","=""9.3e+04""",E,"=""105462.7596""","=""126135.36""","=""3s2.3p5.(2P*<3/2>).4p""","=""2[5/2]""","=""3""","=""3s2.3p5.(2P*<3/2>).11d""","=""2[7/2]*""","=""4""",,"=""T1164n""","=""""",
Ar,1,"=""""","=""""","=""483.6697""","=""""","=""""","=""1.02e+05""",C,"=""104102.0990""","=""124771.59""","=""3s2.3p5.(2P*<3/2>).4p""","=""2[1/2]""","=""1""","=""3s2.3p5.(2P*<3/2>).9s""","=""2[3/2]*""","=""2""",,"=""T1164n""","=""""",
Ar,2,"=""484.120""","=""0.002""","=""484.1197""","=""0.0007""","=""0.5?""","=""""",,"=""189934.6322""","=""210584.91""","=""3s2.3p4.(3P).4d""","=""2P""","=""1/2""","=""3s2.3p4.(3P<2>).6f""","=""2[1]*""","=""3/2""",,"=""""","=""L14821""",
Ar,2,"=""484.78095""","=""0.00001""","=""484.780955""","=""0.000007""","=""832""","=""8.49e+07""",B,"=""135085.9958""","=""155708.1075""","=""3s2.3p4.(3P).4s""","=""4P""","=""3/2""","=""3s2.3p4.(3P).4p""","=""4P*""","=""1/2""",,"=""T926""","=""L11520""",
Ar,3,"=""484.7846""","=""0.0020""","=""484.788""","=""0.003""","=""11""","=""""",,"=""211005.56""","=""231627.364""","=""3s2.3p3.(2P*).3d""","=""3D*""","=""2""","=""3s2.3p3.(2D*).4p""","=""3P""","=""1""",,"=""""","=""L9366""",
Ar,2,"=""484.79991""","=""0.00011""","=""484.79977""","=""0.00004""","=""9""","=""""",,"=""174409.8916""","=""195031.2028""","=""3s2.3p4.(1D).3d""","=""2P""","=""3/2""","=""3s2.3p4.(3P<2>).4f""","=""2[2]*""","=""5/2""",,"=""""","=""L11520""",
Ar,2,"=""485.6156""","=""0.0008""","=""485.61557""","=""0.00004""","=""1""","=""""",,"=""174409.8916""","=""194996.5613""","=""3s2.3p4.(1D).3d""","=""2P""","=""3/2""","=""3s2.3p4.(3P<2>).4f""","=""2[2]*""","=""3/2""",,"=""""","=""L14821""",
Ar,2,"=""486.59109""","=""0.00002""","=""486.591056""","=""0.000010""","=""83""","=""1.5e+07""",D,"=""161048.7411""","=""181594.1404""","=""3s2.3p4.(3P).4p""","=""4S*""","=""3/2""","=""3s2.3p4.(3P).5s""","=""4P""","=""5/2""",,"=""T1240""","=""L11520""",
Ar,2,"=""486.75554""","=""0.00006""","=""486.75560""","=""0.00003""","=""17""","=""""",,"=""159393.3850""","=""179931.8393""","=""3s2.3p4.(3P).4p""","=""2D*""","=""3/2""","=""3s2.3p4.(1S).3d""","=""2D""","=""3/2""",,"=""""","=""L11520""",
Ar,1,"=""""","=""""","=""487.62607""","=""""","=""""","=""7.8e+05""",D,"=""104102.0990""","=""124603.890""","=""3s2.3p5.(2P*<3/2>).4p""","=""2[1/2]""","=""1""","=""3s2.3p5.(2P*<3/2>).7d""","=""2[3/2]*""","=""2""",,"=""T1218n""","=""""",
Ar,2,"=""487.7120""","=""0.0005""","=""487.71202""","=""0.00005""","=""4""","=""""",,"=""172213.8798""","=""192712.058""","=""3s2.3p4.(1D).4p""","=""2P*""","=""3/2""","=""3s2.3p4.(3P).4d""","=""2D""","=""3/2""",,"=""""","=""L11520""",
Ar,2,"=""487.98634""","=""0.00001""","=""487.986345""","=""0.000008""","=""2239""","=""8.23e+07""",A,"=""138243.6444""","=""158730.2995""","=""3s2.3p4.(3P).4s""","=""2P""","=""3/2""","=""3s2.3p4.(3P).4p""","=""2D*""","=""5/2""",,"=""T926""","=""L11520""",
Ar,2,"=""488.22424""","=""0.00007""","=""488.22431""","=""0.00005""","=""21""","=""""",,"=""174821.0098""","=""195297.6798""","=""3s2.3p4.(1D).3d""","=""2P""","=""1/2""","=""3s2.3p4.(3P<2>).4f""","=""2[1]*""","=""3/2""",,"=""""","=""L11520""",
Ar,1,"=""""","=""""","=""488.6290""","=""""","=""""","=""1.2e+05""",E,"=""105462.7596""","=""125922.47""","=""3s2.3p5.(2P*<3/2>).4p""","=""2[5/2]""","=""3""","=""3s2.3p5.(2P*<3/2>).10d""","=""2[7/2]*""","=""4""",,"=""T1164n""","=""""",
Ar,1,"=""""","=""""","=""488.79471""","=""""","=""""","=""1.3e+06""",D,"=""104102.0990""","=""124554.874""","=""3s2.3p5.(2P*<3/2>).4p""","=""2[1/2]""","=""1""","=""3s2.3p5.(2P*<3/2>).7d""","=""2[1/2]*""","=""1""",,"=""T1218n""","=""""",
Ar,2,"=""488.82605""","=""0.00015""","=""488.82611""","=""0.00004""","=""8""","=""""",,"=""174409.8916""","=""194861.3529""","=""3s2.3p4.(1D).3d""","=""2P""","=""3/2""","=""3s2.3p4.(3P<2>).4f""","=""2[3]*""","=""5/2""",,"=""""","=""L11520""",
Ar,2,"=""488.90419""","=""0.00001""","=""488.904194""","=""0.000008""","=""288""","=""1.9e+07""",C,"=""139258.3389""","=""159706.5337""","=""3s2.3p4.(3P).4s""","=""2P""","=""1/2""","=""3s2.3p4.(3P).4p""","=""2P*""","=""1/2""",,"=""T926""","=""L11520""",
Ar,3,"=""489.1984""","=""0.0020""","=""489.19581""","=""0.00010""","=""6""","=""""",,"=""188714.875""","=""209150.8807""","=""3s2.3p3.(2D*).3d""","=""3D*""","=""3""","=""3s2.3p3.(4S*).4p""","=""3P""","=""2""",,"=""""","=""L9366""",
Ar,1,"=""""","=""""","=""489.46909""","=""""","=""""","=""1.8e+06""",D,"=""104102.0990""","=""124526.695""","=""3s2.3p5.(2P*<3/2>).4p""","=""2[1/2]""","=""1""","=""3s2.3p5.(2P*<3/2>).7d""","=""2[1/2]*""","=""0""",,"=""T1218n""","=""""",
Ar,2,"=""490.47514""","=""0.00001""","=""490.475143""","=""0.000008""","=""107""","=""3.7e+06""",B+,"=""150147.7021""","=""170530.4040""","=""3s2.3p4.(3P).3d""","=""2F""","=""5/2""","=""3s2.3p4.(1D).4p""","=""2F*""","=""7/2""",,"=""T926""","=""L11520""",
Ar,2,"=""491.43151""","=""0.00019""","=""491.431459""","=""0.000015""","=""7""","=""""",,"=""172213.8798""","=""192556.9179""","=""3s2.3p4.(1D).4p""","=""2P*""","=""3/2""","=""3s2.3p4.(3P).4d""","=""2D""","=""5/2""",,"=""""","=""L11520""",
Ar,1,"=""""","=""""","=""492.1034""","=""""","=""""","=""5.9e+04""",E,"=""105617.2700""","=""125932.53""","=""3s2.3p5.(2P*<3/2>).4p""","=""2[5/2]""","=""2""","=""3s2.3p5.(2P*<3/2>).10d""","=""2[7/2]*""","=""3""",,"=""T1164n""","=""""",
Ar,2,"=""493.32089""","=""0.00001""","=""493.320891""","=""0.000005""","=""251""","=""1.44e+07""",A,"=""135085.9958""","=""155351.1206""","=""3s2.3p4.(3P).4s""","=""4P""","=""3/2""","=""3s2.3p4.(3P).4p""","=""4P*""","=""3/2""",,"=""T926""","=""L11520""",
Ar,2,"=""493.6083""","=""0.0008""","=""493.608555""","=""0.000008""","=""3""","=""7.e+05""",C+,"=""150147.7021""","=""170401.0170""","=""3s2.3p4.(3P).3d""","=""2F""","=""5/2""","=""3s2.3p4.(1D).4p""","=""2F*""","=""5/2""",,"=""T926""","=""L14821""",
Ar,1,"=""""","=""""","=""493.7720""","=""""","=""""","=""3.6e+04""",E,"=""105462.7596""","=""125709.37""","=""3s2.3p5.(2P*<3/2>).4p""","=""2[5/2]""","=""3""","=""3s2.3p5.(2P*<3/2>).11s""","=""2[3/2]*""","=""2""",,"=""T1164n""","=""""",
Ar,2,"=""494.29210""","=""0.00006""","=""494.29215""","=""0.00003""","=""19""","=""""",,"=""159706.5337""","=""179931.8393""","=""3s2.3p4.(3P).4p""","=""2P*""","=""1/2""","=""3s2.3p4.(1S).3d""","=""2D""","=""3/2""",,"=""""","=""L11520""",
Ar,2,"=""494.93999""","=""0.00015""","=""494.939807""","=""0.000020""","=""6""","=""""",,"=""159393.3850""","=""179592.2248""","=""3s2.3p4.(3P).4p""","=""2D*""","=""3/2""","=""3s2.3p4.(1S).3d""","=""2D""","=""5/2""",,"=""""","=""L11520""",
Ar,2,"=""495.2924""","=""0.0008""","=""495.292311""","=""0.000010""","=""2""","=""6.e+05""",D,"=""138243.6444""","=""158428.1087""","=""3s2.3p4.(3P).4s""","=""2P""","=""3/2""","=""3s2.3p4.(3P).4p""","=""4D*""","=""1/2""",,"=""T926""","=""L14821""",
Ar,2,"=""495.51096""","=""0.00017""","=""495.51112""","=""0.00005""","=""8""","=""""",,"=""174821.0098""","=""194996.5613""","=""3s2.3p4.(1D).3d""","=""2P""","=""1/2""","=""3s2.3p4.(3P<2>).4f""","=""2[2]*""","=""3/2""",,"=""""","=""L11520""",
Ar,1,"=""""","=""""","=""495.6750""","=""""","=""""","=""1.8e+05""",E,"=""105462.7596""","=""125631.64""","=""3s2.3p5.(2P*<3/2>).4p""","=""2[5/2]""","=""3""","=""3s2.3p5.(2P*<3/2>).9d""","=""2[7/2]*""","=""4""",,"=""T1164n""","=""""",
Ar,2,"=""495.9478""","=""0.0008""","=""495.948667""","=""0.000020""","=""1""","=""""",,"=""189040.9351""","=""209198.6869""","=""3s2.3p4.(3P).5p""","=""4P*""","=""3/2""","=""3s2.3p4.(3P).6d""","=""4P""","=""5/2""",,"=""""","=""L14821""",
Ar,2,"=""496.50794""","=""0.00001""","=""496.507942""","=""0.000008""","=""891""","=""3.94e+07""",A,"=""139258.3389""","=""159393.3850""","=""3s2.3p4.(3P).4s""","=""2P""","=""1/2""","=""3s2.3p4.(3P).4p""","=""2D*""","=""3/2""",,"=""T926""","=""L11520""",
Ar,2,"=""497.21599""","=""0.00001""","=""497.215984""","=""0.000010""","=""100""","=""9.7e+06""",B+,"=""135601.7336""","=""155708.1075""","=""3s2.3p4.(3P).4s""","=""4P""","=""1/2""","=""3s2.3p4.(3P).4p""","=""4P*""","=""1/2""",,"=""T926""","=""L11520""",
Ar,2,"=""498.0025""","=""0.0008""","=""498.003313""","=""0.000010""","=""0.5""","=""""",,"=""186074.4375""","=""206149.0242""","=""3s2.3p4.(3P).4d""","=""4F""","=""5/2""","=""3s2.3p4.(3P<1>).5f""","=""2[4]*""","=""7/2""",,"=""""","=""L14821""",
Ar,1,"=""""","=""""","=""498.9943""","=""""","=""""","=""1.1e+05""",E,"=""105617.2700""","=""125651.99""","=""3s2.3p5.(2P*<3/2>).4p""","=""2[5/2]""","=""2""","=""3s2.3p5.(2P*<3/2>).9d""","=""2[7/2]*""","=""3""",,"=""T1164n""","=""""",
Ar,2,"=""499.072""","=""0.002""","=""499.073652""","=""0.000008""","=""0.5?""","=""""",,"=""182222.1209""","=""202253.6552""","=""3s2.3p4.(3P).5s""","=""4P""","=""3/2""","=""3s2.3p4.(3P).6p""","=""4P*""","=""3/2""",,"=""""","=""L14821""",
Ar,3,"=""499.2617""","=""0.0020""","=""499.2617""","=""0.0020""","=""10""","=""""",,"=""224334.09""","=""244358.081""","=""3s2.3p3.(2D*).3d""","=""1F*""","=""3""","=""3s2.3p3.(2P*).4p""","=""1D""","=""2""",,"=""""","=""L9366""",
Ar,2,"=""499.345""","=""0.002""","=""499.345575""","=""0.000015""","=""0.5""","=""""",,"=""184093.1337""","=""204113.7598""","=""3s2.3p4.(1D).3d""","=""2S""","=""1/2""","=""3s2.3p4.(1D).5p""","=""2D*""","=""3/2""",,"=""""","=""L14821""",
Ar,2,"=""499.3746""","=""0.0008""","=""499.37552""","=""0.00004""","=""2""","=""""",,"=""190106.3000""","=""210125.7255""","=""3s2.3p4.(3P).5p""","=""4D*""","=""3/2""","=""3s2.3p4.(3P).6d""","=""2D""","=""5/2""",,"=""""","=""L14821""",
Ar,2,"=""499.6782""","=""0.0008""","=""499.679301""","=""0.000018""","=""2""","=""""",,"=""185093.3298""","=""205100.5847""","=""3s2.3p4.(3P).4d""","=""4F""","=""9/2""","=""3s2.3p4.(3P<2>).5f""","=""2[5]*""","=""11/2""",,"=""""","=""L14821""",
Ar,2,"=""500.93342""","=""0.00001""","=""500.933420""","=""0.000006""","=""355""","=""1.51e+07""",B,"=""135085.9958""","=""155043.1619""","=""3s2.3p4.(3P).4s""","=""4P""","=""3/2""","=""3s2.3p4.(3P).4p""","=""4P*""","=""5/2""",,"=""T926""","=""L11520""",
Ar,2,"=""501.492""","=""0.002""","=""501.4932""","=""0.0004""","=""1h""","=""""",,"=""190592.2306""","=""210527.119""","=""3s2.3p4.(3P).4d""","=""2P""","=""3/2""","=""3s2.3p4.(3P<2>).6f""","=""2[2]*""","=""5/2""",,"=""""","=""L14821""",
Ar,2,"=""501.71626""","=""0.00001""","=""501.716264""","=""0.000008""","=""7413""","=""2.07e+07""",B,"=""150474.9903""","=""170401.0170""","=""3s2.3p4.(3P).3d""","=""2D""","=""3/2""","=""3s2.3p4.(1D).4p""","=""2F*""","=""5/2""",,"=""T926""","=""L11520""",
Ar,2,"=""501.76337""","=""0.00007""","=""501.763384""","=""0.000010""","=""14""","=""1.1e+06""",B,"=""138243.6444""","=""158167.7999""","=""3s2.3p4.(3P).4s""","=""2P""","=""3/2""","=""3s2.3p4.(3P).4p""","=""4D*""","=""3/2""",,"=""T926""","=""L11520""",
Ar,2,"=""502.4778""","=""0.0008""","=""502.47938""","=""0.00005""","=""1""","=""""",,"=""172816.2926""","=""192712.058""","=""3s2.3p4.(1D).4p""","=""2P*""","=""1/2""","=""3s2.3p4.(3P).4d""","=""2D""","=""3/2""",,"=""""","=""L14821""",
Ar,2,"=""503.0700""","=""0.0008""","=""503.06820""","=""0.00010""","=""1h""","=""""",,"=""190592.2306""","=""210464.709""","=""3s2.3p4.(3P).4d""","=""2P""","=""3/2""","=""3s2.3p4.(3P<2>).6f""","=""2[3]*""","=""5/2""",,"=""""","=""L14821""",
Ar,1,"=""""","=""""","=""503.2024""","=""""","=""""","=""8.2e+04""",E,"=""105462.7596""","=""125329.94""","=""3s2.3p5.(2P*<3/2>).4p""","=""2[5/2]""","=""3""","=""3s2.3p5.(2P*<3/2>).10s""","=""2[3/2]*""","=""2""",,"=""T1164n""","=""""",
Ar,2,"=""503.440""","=""0.002""","=""503.440128""","=""0.000015""","=""0.5""","=""""",,"=""185093.3298""","=""204951.1273""","=""3s2.3p4.(3P).4d""","=""4F""","=""9/2""","=""3s2.3p4.(3P<2>).5f""","=""2[4]*""","=""7/2""",,"=""""","=""L14821""",
Ar,2,"=""503.777""","=""0.004""","=""503.777036""","=""0.000015""","=""0.5bl""","=""""",,"=""185093.3298""","=""204937.8473""","=""3s2.3p4.(3P).4d""","=""4F""","=""9/2""","=""3s2.3p4.(3P<2>).5f""","=""2[4]*""","=""9/2""",,"=""""","=""L14821""",
Ar,2,"=""504.2416""","=""0.0008""","=""504.241985""","=""0.000010""","=""1""","=""""",,"=""183675.6614""","=""203501.8810""","=""3s2.3p4.(3P).4d""","=""4D""","=""7/2""","=""3s2.3p4.(3P).6p""","=""2D*""","=""5/2""",,"=""""","=""L14821""",
Ar,2,"=""504.511""","=""0.004""","=""504.510468""","=""0.000010""","=""0.5w,bl""","=""""",,"=""186816.0496""","=""206631.7185""","=""3s2.3p4.(3P).4d""","=""2F""","=""7/2""","=""3s2.3p4.(3P<0>).5f""","=""2[3]*""","=""5/2""",,"=""""","=""L14821""",
Ar,1,"=""""","=""""","=""504.8811""","=""""","=""""","=""4.6e+05""",D,"=""104102.0990""","=""123903.220""","=""3s2.3p5.(2P*<3/2>).4p""","=""2[1/2]""","=""1""","=""3s2.3p5.(2P*<3/2>).8s""","=""2[3/2]*""","=""2""",,"=""T1218n""","=""""",
Ar,1,"=""""","=""""","=""505.4176""","=""""","=""""","=""4.5e+05""",D,"=""104102.0990""","=""123882.203""","=""3s2.3p5.(2P*<3/2>).4p""","=""2[1/2]""","=""1""","=""3s2.3p5.(2P*<1/2>).7s""","=""2[1/2]*""","=""1""",,"=""T1218n""","=""""",
Ar,1,"=""""","=""""","=""505.6529""","=""""","=""""","=""5.7e+05""",D,"=""104102.0990""","=""123873.000""","=""3s2.3p5.(2P*<3/2>).4p""","=""2[1/2]""","=""1""","=""3s2.3p5.(2P*<1/2>).7s""","=""2[1/2]*""","=""0""",,"=""T1218n""","=""""",
Ar,1,"=""""","=""""","=""506.0079""","=""""","=""""","=""3.7e+05""",E,"=""105462.7596""","=""125219.788""","=""3s2.3p5.(2P*<3/2>).4p""","=""2[5/2]""","=""3""","=""3s2.3p5.(2P*<3/2>).8d""","=""2[7/2]*""","=""4""",,"=""T1164n""","=""""",
Ar,2,"=""506.20370""","=""0.00001""","=""506.203703""","=""0.000011""","=""398""","=""2.23e+07""",B,"=""135601.7336""","=""155351.1206""","=""3s2.3p4.(3P).4s""","=""4P""","=""1/2""","=""3s2.3p4.(3P).4p""","=""4P*""","=""3/2""",,"=""T926""","=""L11520""",
Ar,1,"=""""","=""""","=""507.0977""","=""""","=""""","=""2.6e+05""",E,"=""105617.2700""","=""125331.84""","=""3s2.3p5.(2P*<3/2>).4p""","=""2[5/2]""","=""2""","=""3s2.3p5.(2P*<3/2>).10s""","=""2[3/2]*""","=""1""",,"=""T1164n""","=""""",
Ar,1,"=""""","=""""","=""507.3076""","=""""","=""""","=""5.9e+04""",D,"=""104102.0990""","=""123808.513""","=""3s2.3p5.(2P*<3/2>).4p""","=""2[1/2]""","=""1""","=""3s2.3p5.(2P*<3/2>).6d""","=""2[3/2]*""","=""2""",,"=""T1164n""","=""""",
Ar,1,"=""""","=""""","=""507.8033""","=""""","=""""","=""4.7e+04""",E,"=""105462.7596""","=""125149.937""","=""3s2.3p5.(2P*<3/2>).4p""","=""2[5/2]""","=""3""","=""3s2.3p5.(2P*<1/2>).6d""","=""2[5/2]*""","=""3""",,"=""T1164n""","=""""",
Ar,1,"=""""","=""""","=""508.7084""","=""""","=""""","=""1.6e+05""",E,"=""105617.2700""","=""125269.42""","=""3s2.3p5.(2P*<3/2>).4p""","=""2[5/2]""","=""2""","=""3s2.3p5.(2P*<3/2>).8d""","=""2[7/2]*""","=""3""",,"=""T1164n""","=""""",
Ar,2,"=""508.764""","=""0.002""","=""508.763614""","=""0.000011""","=""0.5""","=""""",,"=""186470.3603""","=""206120.3769""","=""3s2.3p4.(3P).4d""","=""4P""","=""3/2""","=""3s2.3p4.(3P<1>).5f""","=""2[2]*""","=""5/2""",,"=""""","=""L14821""",
Ar,2,"=""509.04948""","=""0.00003""","=""509.04949""","=""0.00003""","=""45""","=""""",,"=""172335.5985""","=""191974.5800""","=""3s2.3p4.(1D).3d""","=""2D""","=""5/2""","=""3s2.3p4.(1S).4p""","=""2P*""","=""3/2""",,"=""""","=""L11520""",
Ar,2,"=""509.2174""","=""0.0008""","=""509.218711""","=""0.000023""","=""1""","=""""",,"=""189040.9351""","=""208673.3904""","=""3s2.3p4.(3P).5p""","=""4P*""","=""3/2""","=""3s2.3p4.(3P).6d""","=""4F""","=""5/2""",,"=""""","=""L14821""",
Ar,2,"=""509.5845""","=""0.0008""","=""509.58581""","=""0.00005""","=""2""","=""""",,"=""190507.4128""","=""210125.7255""","=""3s2.3p4.(3P).5p""","=""2P*""","=""3/2""","=""3s2.3p4.(3P).6d""","=""2D""","=""5/2""",,"=""""","=""L14821""",
Ar,2,"=""509.6851""","=""0.0008""","=""509.68595""","=""0.00005""","=""1""","=""""",,"=""190511.2674""","=""210125.7255""","=""3s2.3p4.(3P).5p""","=""2D*""","=""5/2""","=""3s2.3p4.(3P).6d""","=""2D""","=""5/2""",,"=""""","=""L14821""",
Ar,2,"=""510.045""","=""0.002""","=""510.044206""","=""0.000011""","=""0.5""","=""""",,"=""189415.0280""","=""209015.7090""","=""3s2.3p4.(3P).5p""","=""4D*""","=""7/2""","=""3s2.3p4.(3P).6d""","=""2F""","=""7/2""",,"=""""","=""L14821""",
Ar,1,"=""""","=""""","=""510.4729""","=""""","=""""","=""8.7e+04""",E,"=""106087.2598""","=""125671.48""","=""3s2.3p5.(2P*<3/2>).4p""","=""2[3/2]""","=""1""","=""3s2.3p5.(2P*<3/2>).9d""","=""2[5/2]*""","=""2""",,"=""T1164n""","=""""",
Ar,1,"=""""","=""""","=""511.8202""","=""""","=""""","=""2.7e+05""",D+,"=""105617.2700""","=""125149.937""","=""3s2.3p5.(2P*<3/2>).4p""","=""2[5/2]""","=""2""","=""3s2.3p5.(2P*<1/2>).6d""","=""2[5/2]*""","=""3""",,"=""T1218n""","=""""",
Ar,2,"=""512.14804""","=""0.00005""","=""512.14805""","=""0.00006""","=""5""","=""""",,"=""192556.9179""","=""212077.0827""","=""3s2.3p4.(3P).4d""","=""2D""","=""5/2""","=""3s2.3p4.(3P<0>).6f""","=""2[3]*""","=""5/2""",,"=""""","=""L2634""",
Ar,2,"=""512.259""","=""0.002""","=""512.259683""","=""0.000008""","=""0.5*""","=""""",,"=""182951.2609""","=""202467.1718""","=""3s2.3p4.(3P).5s""","=""4P""","=""1/2""","=""3s2.3p4.(3P).6p""","=""4D*""","=""3/2""",,"=""""","=""L14821""",
Ar,2,"=""512.259""","=""0.002""","=""512.260827""","=""0.000011""","=""0.5*""","=""""",,"=""183986.0137""","=""203501.8810""","=""3s2.3p4.(3P).4d""","=""4D""","=""3/2""","=""3s2.3p4.(3P).6p""","=""2D*""","=""5/2""",,"=""""","=""L14821""",
Ar,2,"=""512.2972""","=""0.0008""","=""512.29809""","=""0.00003""","=""2""","=""""",,"=""192556.9179""","=""212071.3657""","=""3s2.3p4.(3P).4d""","=""2D""","=""5/2""","=""3s2.3p4.(3P<0>).6f""","=""2[3]*""","=""7/2""",,"=""""","=""L14821""",
Ar,2,"=""512.57663""","=""0.00007""","=""512.57660""","=""0.00004""","=""17""","=""""",,"=""172829.6539""","=""192333.4986""","=""3s2.3p4.(1D).3d""","=""2D""","=""3/2""","=""3s2.3p4.(1S).4p""","=""2P*""","=""1/2""",,"=""""","=""L11520""",
Ar,1,"=""""","=""""","=""512.7801""","=""""","=""""","=""3.3e+04""",D,"=""105617.2700""","=""125113.376""","=""3s2.3p5.(2P*<3/2>).4p""","=""2[5/2]""","=""2""","=""3s2.3p5.(2P*<1/2>).6d""","=""2[5/2]*""","=""2""",,"=""T1218n""","=""""",
Ar,2,"=""512.9083""","=""0.0008""","=""512.90918""","=""0.00004""","=""2""","=""""",,"=""190106.3000""","=""209597.4982""","=""3s2.3p4.(3P).5p""","=""4D*""","=""3/2""","=""3s2.3p4.(3P).6d""","=""2P""","=""3/2""",,"=""""","=""L14821""",
Ar,2,"=""513.1106""","=""0.0008""","=""513.109604""","=""0.000011""","=""1""","=""""",,"=""188766.2129""","=""208249.7978""","=""3s2.3p4.(3P).5p""","=""4P*""","=""5/2""","=""3s2.3p4.(3P).7s""","=""2P""","=""3/2""",,"=""""","=""L14821""",
Ar,2,"=""513.2145""","=""0.0008""","=""513.214532""","=""0.000011""","=""2""","=""""",,"=""185624.8282""","=""205104.4297""","=""3s2.3p4.(3P).4d""","=""4F""","=""7/2""","=""3s2.3p4.(3P<2>).5f""","=""2[5]*""","=""9/2""",,"=""""","=""L14821""",
Ar,2,"=""514.17826""","=""0.00001""","=""514.178260""","=""0.000008""","=""224""","=""8.1e+06""",A,"=""151087.3128""","=""170530.4040""","=""3s2.3p4.(3P).3d""","=""2D""","=""5/2""","=""3s2.3p4.(1D).4p""","=""2F*""","=""7/2""",,"=""T926""","=""L11520""",
Ar,2,"=""514.53080""","=""0.00001""","=""514.530815""","=""0.000008""","=""162""","=""1.06e+07""",B,"=""138243.6444""","=""157673.4134""","=""3s2.3p4.(3P).4s""","=""2P""","=""3/2""","=""3s2.3p4.(3P).4p""","=""4D*""","=""5/2""",,"=""T926""","=""L11520""",
Ar,1,"=""515.1391""","=""""","=""515.1391""","=""""","=""5""","=""2.39e+06""",C,"=""104102.0990""","=""123508.927""","=""3s2.3p5.(2P*<3/2>).4p""","=""2[1/2]""","=""1""","=""3s2.3p5.(2P*<3/2>).6d""","=""2[1/2]*""","=""0""",,"=""T1218n""","=""L2634""",
Ar,1,"=""""","=""""","=""515.23031""","=""""","=""""","=""1.1e+05""",D,"=""104102.0990""","=""123505.4896""","=""3s2.3p5.(2P*<3/2>).4p""","=""2[1/2]""","=""1""","=""3s2.3p5.(2P*<1/2>).5d""","=""2[5/2]*""","=""2""",,"=""T1218n""","=""""",
Ar,2,"=""515.28606""","=""0.00005""","=""515.28606""","=""0.00005""","=""5""","=""""",,"=""190196.2066""","=""209597.4982""","=""3s2.3p4.(3P).5p""","=""2P*""","=""1/2""","=""3s2.3p4.(3P).6d""","=""2P""","=""3/2""",,"=""""","=""L2634""",
Ar,2,"=""515.9505""","=""0.0008""","=""515.951240""","=""0.000006""","=""1""","=""""",,"=""183090.8927""","=""202467.1718""","=""3s2.3p4.(3P).5s""","=""2P""","=""3/2""","=""3s2.3p4.(3P).6p""","=""4D*""","=""3/2""",,"=""""","=""L14821""",
Ar,2,"=""516.081""","=""0.004""","=""516.082641""","=""0.000011""","=""0bl""","=""""",,"=""185624.8282""","=""204996.1739""","=""3s2.3p4.(3P).4d""","=""4F""","=""7/2""","=""3s2.3p4.(3P<2>).5f""","=""2[3]*""","=""7/2""",,"=""""","=""L14821""",
Ar,1,"=""516.2285""","=""""","=""516.22845""","=""""","=""15""","=""1.90e+06""",C,"=""104102.0990""","=""123467.9733""","=""3s2.3p5.(2P*<3/2>).4p""","=""2[1/2]""","=""1""","=""3s2.3p5.(2P*<3/2>).6d""","=""2[1/2]*""","=""1""",,"=""T1218n""","=""L2634""",
Ar,2,"=""516.27467""","=""0.00009""","=""516.27463""","=""0.00005""","=""14""","=""""",,"=""173347.9158""","=""192712.058""","=""3s2.3p4.(1D).4p""","=""2D*""","=""3/2""","=""3s2.3p4.(3P).4d""","=""2D""","=""3/2""",,"=""""","=""L11520""",
Ar,2,"=""516.57727""","=""0.00002""","=""516.577292""","=""0.000022""","=""48""","=""""",,"=""160239.4280""","=""179592.2248""","=""3s2.3p4.(3P).4p""","=""2P*""","=""3/2""","=""3s2.3p4.(1S).3d""","=""2D""","=""5/2""",,"=""""","=""L11520""",
Ar,2,"=""517.5426""","=""0.0008""","=""517.541477""","=""0.000011""","=""2""","=""""",,"=""186816.0496""","=""206132.7924""","=""3s2.3p4.(3P).4d""","=""2F""","=""7/2""","=""3s2.3p4.(3P<1>).5f""","=""2[4]*""","=""9/2""",,"=""""","=""L14821""",
Ar,2,"=""517.62290""","=""0.00004""","=""517.622902""","=""0.000008""","=""26""","=""1.7e+06""",B,"=""151087.3128""","=""170401.0170""","=""3s2.3p4.(3P).3d""","=""2D""","=""5/2""","=""3s2.3p4.(1D).4p""","=""2F*""","=""5/2""",,"=""T926""","=""L11520""",
Ar,1,"=""""","=""""","=""517.7536""","=""""","=""""","=""2.4e+05""",D,"=""105462.7596""","=""124771.59""","=""3s2.3p5.(2P*<3/2>).4p""","=""2[5/2]""","=""3""","=""3s2.3p5.(2P*<3/2>).9s""","=""2[3/2]*""","=""2""",,"=""T1218n""","=""""",
Ar,2,"=""517.924""","=""0.002""","=""517.926198""","=""0.000008""","=""0h""","=""""",,"=""182951.2609""","=""202253.6552""","=""3s2.3p4.(3P).5s""","=""4P""","=""1/2""","=""3s2.3p4.(3P).6p""","=""4P*""","=""3/2""",,"=""""","=""L14821""",
Ar,2,"=""518.309""","=""0.004""","=""518.308019""","=""0.000019""","=""1bl,i""","=""""",,"=""189040.9351""","=""208329.1101""","=""3s2.3p4.(3P).5p""","=""4P*""","=""3/2""","=""3s2.3p4.(3P).7s""","=""4P""","=""1/2""",,"=""""","=""L14821""",
Ar,1,"=""518.7746""","=""""","=""518.77464""","=""""","=""20""","=""1.38e+06""",C,"=""104102.0990""","=""123372.9253""","=""3s2.3p5.(2P*<3/2>).4p""","=""2[1/2]""","=""1""","=""3s2.3p5.(2P*<1/2>).5d""","=""2[3/2]*""","=""2""",,"=""T1218n,T1164n""","=""L2634""",
Ar,2,"=""519.13656""","=""0.00009""","=""519.136565""","=""0.000024""","=""10""","=""""",,"=""189437.7396""","=""208695.1309""","=""3s2.3p4.(3P).5p""","=""4P*""","=""1/2""","=""3s2.3p4.(3P).6d""","=""4P""","=""3/2""",,"=""""","=""L11520""",
Ar,3,"=""519.182""","=""0.010""","=""519.182""","=""0.011""","=""""","=""3.10e+00""",C,"=""14010.00""","=""33265.7""","=""3s2.3p4""","=""1D""","=""2""","=""3s2.3p4""","=""1S""","=""0""",E2,"=""T761""","=""L3452""",
Ar,1,"=""""","=""""","=""519.2733""","=""""","=""""","=""1.2e+04""",D,"=""105462.7596""","=""124715.081""","=""3s2.3p5.(2P*<3/2>).4p""","=""2[5/2]""","=""3""","=""3s2.3p5.(2P*<3/2>).7d""","=""2[5/2]*""","=""3""",,"=""T1218n""","=""""",
Ar,1,"=""""","=""""","=""519.4052""","=""""","=""""","=""7.8e+05""",D,"=""106087.2598""","=""125334.69""","=""3s2.3p5.(2P*<3/2>).4p""","=""2[3/2]""","=""1""","=""3s2.3p5.(2P*<1/2>).8s""","=""2[1/2]*""","=""0""",,"=""T1218n""","=""""",
Ar,2,"=""520.2193""","=""0.0002""","=""520.21929""","=""0.00003""","=""5""","=""""",,"=""190196.2066""","=""209413.5184""","=""3s2.3p4.(3P).5p""","=""2P*""","=""1/2""","=""3s2.3p4.(3P).6d""","=""2D""","=""3/2""",,"=""""","=""L11520""",
Ar,2,"=""520.44432""","=""0.00005""","=""520.444333""","=""0.000016""","=""7""","=""""",,"=""173347.9158""","=""192556.9179""","=""3s2.3p4.(1D).4p""","=""2D*""","=""3/2""","=""3s2.3p4.(3P).4d""","=""2D""","=""5/2""",,"=""""","=""L2634""",
Ar,1,"=""""","=""""","=""521.0486""","=""""","=""""","=""1.1e+05""",D,"=""105462.7596""","=""124649.485""","=""3s2.3p5.(2P*<3/2>).4p""","=""2[5/2]""","=""3""","=""3s2.3p5.(2P*<3/2>).7d""","=""2[7/2]*""","=""3""",,"=""T1164n""","=""""",
Ar,1,"=""""","=""""","=""521.4774""","=""""","=""""","=""2.1e+05""",D,"=""105617.2700""","=""124788.22""","=""3s2.3p5.(2P*<3/2>).4p""","=""2[5/2]""","=""2""","=""3s2.3p5.(2P*<3/2>).7d""","=""2[3/2]*""","=""1""",,"=""T1164n""","=""""",
Ar,2,"=""521.511""","=""0.002""","=""521.509472""","=""0.000011""","=""0.5""","=""1.6e+04""",E,"=""139258.3389""","=""158428.1087""","=""3s2.3p4.(3P).4s""","=""2P""","=""1/2""","=""3s2.3p4.(3P).4p""","=""4D*""","=""1/2""",,"=""T997n""","=""L14821""",
Ar,1,"=""""","=""""","=""521.6300""","=""""","=""""","=""1.3e+05""",D,"=""105617.2700""","=""124782.61""","=""3s2.3p5.(2P*<3/2>).4p""","=""2[5/2]""","=""2""","=""3s2.3p5.(2P*<3/2>).9s""","=""2[3/2]*""","=""1""",,"=""T1164n""","=""""",
Ar,2,"=""521.68140""","=""0.00005""","=""521.681402""","=""0.000017""","=""28""","=""""",,"=""173393.4658""","=""192556.9179""","=""3s2.3p4.(1D).4p""","=""2D*""","=""5/2""","=""3s2.3p4.(3P).4d""","=""2D""","=""5/2""",,"=""""","=""L11520""",
Ar,2,"=""521.9589""","=""0.0008""","=""521.959514""","=""0.000017""","=""1""","=""""",,"=""184191.7917""","=""203345.0332""","=""3s2.3p4.(3P).4d""","=""4D""","=""1/2""","=""3s2.3p4.(3P).6p""","=""2D*""","=""3/2""",,"=""""","=""L14821""",
Ar,1,"=""522.1271""","=""""","=""522.1270""","=""""","=""7""","=""8.8e+05""",D,"=""105462.7596""","=""124609.856""","=""3s2.3p5.(2P*<3/2>).4p""","=""2[5/2]""","=""3""","=""3s2.3p5.(2P*<3/2>).7d""","=""2[7/2]*""","=""4""",,"=""T1164n""","=""L2634""",
Ar,2,"=""522.1864""","=""0.0002""","=""522.18622""","=""0.00004""","=""6""","=""""",,"=""172829.6539""","=""191974.5800""","=""3s2.3p4.(1D).3d""","=""2D""","=""3/2""","=""3s2.3p4.(1S).4p""","=""2P*""","=""3/2""",,"=""""","=""L11520""",
Ar,2,"=""523.05008""","=""0.00019""","=""523.05025""","=""0.00005""","=""6""","=""""",,"=""191012.4246""","=""210125.7255""","=""3s2.3p4.(3P).5p""","=""2D*""","=""3/2""","=""3s2.3p4.(3P).6d""","=""2D""","=""5/2""",,"=""""","=""L11520""",
Ar,2,"=""523.075""","=""0.002""","=""523.0790""","=""0.0005""","=""0.5""","=""""",,"=""192556.9179""","=""211669.17""","=""3s2.3p4.(3P).4d""","=""2D""","=""5/2""","=""3s2.3p4.(3P<1>).6f""","=""2[3]*""","=""5/2""",,"=""""","=""L14821""",
Ar,2,"=""523.603""","=""0.002""","=""523.601955""","=""0.000009""","=""1""","=""""",,"=""183914.6440""","=""203007.8061""","=""3s2.3p4.(3P).5s""","=""2P""","=""1/2""","=""3s2.3p4.(1D).5p""","=""2P*""","=""3/2""",,"=""""","=""L14821""",
Ar,2,"=""523.6231""","=""0.0016""","=""523.623215""","=""0.000022""","=""2bl""","=""""",,"=""190106.3000""","=""209198.6869""","=""3s2.3p4.(3P).5p""","=""4D*""","=""3/2""","=""3s2.3p4.(3P).6d""","=""4P""","=""5/2""",,"=""""","=""L14821""",
Ar,2,"=""523.6853""","=""0.0008""","=""523.68634""","=""0.00005""","=""1""","=""""",,"=""190507.4128""","=""209597.4982""","=""3s2.3p4.(3P).5p""","=""2P*""","=""3/2""","=""3s2.3p4.(3P).6d""","=""2P""","=""3/2""",,"=""""","=""L14821""",
Ar,2,"=""523.792""","=""0.002""","=""523.79211""","=""0.00005""","=""0""","=""""",,"=""190511.2674""","=""209597.4982""","=""3s2.3p4.(3P).5p""","=""2D*""","=""5/2""","=""3s2.3p4.(3P).6d""","=""2P""","=""3/2""",,"=""""","=""L14821""",
Ar,1,"=""""","=""""","=""524.1093""","=""""","=""""","=""1.3e+05""",D,"=""105617.2700""","=""124691.951""","=""3s2.3p5.(2P*<3/2>).4p""","=""2[5/2]""","=""2""","=""3s2.3p5.(2P*<3/2>).7d""","=""2[5/2]*""","=""2""",,"=""T1164n""","=""""",
Ar,2,"=""524.1786""","=""0.0008""","=""524.178891""","=""0.000025""","=""2""","=""""",,"=""190196.2066""","=""209268.3541""","=""3s2.3p4.(3P).5p""","=""2P*""","=""1/2""","=""3s2.3p4.(3P).6d""","=""4F""","=""3/2""",,"=""""","=""L14821""",
Ar,2,"=""524.509""","=""0.002""","=""524.50676""","=""0.00008""","=""1""","=""""",,"=""194800.2662""","=""213860.492""","=""3s2.3p4.(3P<2>).4f""","=""2[4]*""","=""9/2""","=""3s2.3p4.(3P<2>).7g""","=""2[4]""","=""9/2""",,"=""""","=""L14821""",
Ar,2,"=""524.53778""","=""0.00016""","=""524.53780""","=""0.00017""","=""7""","=""""",,"=""194800.2662""","=""213859.364""","=""3s2.3p4.(3P<2>).4f""","=""2[4]*""","=""9/2""","=""3s2.3p4.(3P<2>).7g""","=""2[5]""","=""11/2""",,"=""""","=""L11520""",
Ar,1,"=""""","=""""","=""524.6198""","=""""","=""""","=""1.2e+05""",E,"=""106237.5518""","=""125293.67""","=""3s2.3p5.(2P*<3/2>).4p""","=""2[3/2]""","=""2""","=""3s2.3p5.(2P*<3/2>).8d""","=""2[5/2]*""","=""3""",,"=""T1164n""","=""""",
Ar,2,"=""524.7469""","=""0.0008""","=""524.7472""","=""0.0003""","=""1""","=""""",,"=""194822.1833""","=""213873.677""","=""3s2.3p4.(3P<2>).4f""","=""2[4]*""","=""7/2""","=""3s2.3p4.(3P<2>).7g""","=""2[3]""","=""7/2""",,"=""""","=""L14821""",
Ar,2,"=""524.7986""","=""0.0008""","=""524.79866""","=""0.00005""","=""3""","=""""",,"=""192556.9179""","=""211606.5420""","=""3s2.3p4.(3P).4d""","=""2D""","=""5/2""","=""3s2.3p4.(3P<1>).6f""","=""2[4]*""","=""7/2""",,"=""""","=""L14821""",
Ar,1,"=""""","=""""","=""524.9165""","=""""","=""""","=""7.9e+04""",E,"=""106237.5518""","=""125282.90""","=""3s2.3p5.(2P*<3/2>).4p""","=""2[3/2]""","=""2""","=""3s2.3p5.(2P*<3/2>).8d""","=""2[3/2]*""","=""2""",,"=""T1164n""","=""""",
Ar,2,"=""524.95457""","=""0.00009""","=""524.95456""","=""0.00004""","=""11""","=""""",,"=""189437.7396""","=""208481.7065""","=""3s2.3p4.(3P).5p""","=""4P*""","=""1/2""","=""3s2.3p4.(3P).6d""","=""4P""","=""1/2""",,"=""""","=""L11520""",
Ar,2,"=""525.057""","=""0.002""","=""525.056154""","=""0.000022""","=""0""","=""""",,"=""189654.8487""","=""208695.1309""","=""3s2.3p4.(3P).5p""","=""4D*""","=""5/2""","=""3s2.3p4.(3P).6d""","=""4P""","=""3/2""",,"=""""","=""L14821""",
Ar,2,"=""525.11051""","=""0.00005""","=""525.11058""","=""0.00009""","=""12""","=""""",,"=""194822.1833""","=""213860.492""","=""3s2.3p4.(3P<2>).4f""","=""2[4]*""","=""7/2""","=""3s2.3p4.(3P<2>).7g""","=""2[4]""","=""9/2""",,"=""""","=""L11520""",
Ar,2,"=""525.14029""","=""0.00011""","=""525.14026""","=""0.00011""","=""11""","=""""",,"=""194822.1833""","=""213859.416""","=""3s2.3p4.(3P<2>).4f""","=""2[4]*""","=""7/2""","=""3s2.3p4.(3P<2>).7g""","=""2[5]""","=""9/2""",,"=""""","=""L11520""",
Ar,2,"=""525.2138""","=""0.0008""","=""525.213571""","=""0.000014""","=""1""","=""""",,"=""187589.3383""","=""206623.9138""","=""3s2.3p4.(3P).4d""","=""2F""","=""5/2""","=""3s2.3p4.(3P<0>).5f""","=""2[3]*""","=""7/2""",,"=""""","=""L14821""",
Ar,1,"=""""","=""""","=""525.2787""","=""""","=""""","=""5.4e+05""",D,"=""105617.2700""","=""124649.485""","=""3s2.3p5.(2P*<3/2>).4p""","=""2[5/2]""","=""2""","=""3s2.3p5.(2P*<3/2>).7d""","=""2[7/2]*""","=""3""",,"=""T1164n""","=""""",
Ar,1,"=""""","=""""","=""525.4471""","=""""","=""""","=""3.6e+05""",E,"=""106087.2598""","=""125113.376""","=""3s2.3p5.(2P*<3/2>).4p""","=""2[3/2]""","=""1""","=""3s2.3p5.(2P*<1/2>).6d""","=""2[5/2]*""","=""2""",,"=""T1164n""","=""""",
Ar,2,"=""525.539""","=""0.002""","=""525.539665""","=""0.000025""","=""0.5""","=""""",,"=""186171.3330""","=""205194.0978""","=""3s2.3p4.(3P).4d""","=""4P""","=""1/2""","=""3s2.3p4.(3P<2>).5f""","=""2[1]*""","=""3/2""",,"=""""","=""L14821""",
Ar,2,"=""525.5677""","=""0.0008""","=""525.566531""","=""0.000011""","=""1*""","=""""",,"=""183986.0137""","=""203007.8061""","=""3s2.3p4.(3P).4d""","=""4D""","=""3/2""","=""3s2.3p4.(1D).5p""","=""2P*""","=""3/2""",,"=""""","=""L14821""",
Ar,2,"=""525.5677""","=""0.0008""","=""525.5680""","=""0.0008""","=""1*""","=""""",,"=""200138.9307""","=""219160.67""","=""3s2.3p4.(1D).4d""","=""2F""","=""7/2""","=""3s2.3p4.(1D<2>).5f""","=""2[3]*""","=""7/2""",,"=""""","=""L14821""",
Ar,2,"=""525.5677""","=""0.0008""","=""525.5681""","=""0.0008""","=""1*""","=""""",,"=""199982.0244""","=""219003.76""","=""3s2.3p4.(1D).4d""","=""2D""","=""3/2""","=""3s2.3p4.(1D<2>).5f""","=""2[2]*""","=""3/2""",,"=""""","=""L14821""",
Ar,2,"=""525.65648""","=""0.00010""","=""525.656363""","=""0.000025""","=""8""","=""""",,"=""189654.8487""","=""208673.3904""","=""3s2.3p4.(3P).5p""","=""4D*""","=""5/2""","=""3s2.3p4.(3P).6d""","=""4F""","=""5/2""",,"=""""","=""L11520""",
Ar,2,"=""525.8223""","=""0.0008""","=""525.8249""","=""0.0006""","=""1""","=""""",,"=""194861.3529""","=""213873.80""","=""3s2.3p4.(3P<2>).4f""","=""2[3]*""","=""5/2""","=""3s2.3p4.(3P<2>).7g""","=""2[3]""","=""5/2""",,"=""""","=""L14821""",
Ar,2,"=""525.9174""","=""0.0008""","=""525.91803""","=""0.00003""","=""1""","=""""",,"=""186171.3330""","=""205180.4124""","=""3s2.3p4.(3P).4d""","=""4P""","=""1/2""","=""3s2.3p4.(3P<2>).5f""","=""2[1]*""","=""1/2""",,"=""""","=""L14821""",
Ar,2,"=""526.18987""","=""0.00006""","=""526.18981""","=""0.00008""","=""7""","=""""",,"=""194861.3529""","=""213860.614""","=""3s2.3p4.(3P<2>).4f""","=""2[3]*""","=""5/2""","=""3s2.3p4.(3P<2>).7g""","=""2[4]""","=""7/2""",,"=""""","=""L2634""",
Ar,2,"=""526.4305""","=""0.0008""","=""526.4302""","=""0.0003""","=""1""","=""""",,"=""194883.0921""","=""213873.677""","=""3s2.3p4.(3P<2>).4f""","=""2[3]*""","=""7/2""","=""3s2.3p4.(3P<2>).7g""","=""2[3]""","=""7/2""",,"=""""","=""L14821""",
Ar,2,"=""526.47819""","=""0.00007""","=""526.47824""","=""0.00005""","=""17""","=""""",,"=""189934.6322""","=""208923.4846""","=""3s2.3p4.(3P).4d""","=""2P""","=""1/2""","=""3s2.3p4.(1D<2>).4f""","=""2[2]*""","=""3/2""",,"=""""","=""L11520""",
Ar,2,"=""526.71634""","=""0.00008""","=""526.71651""","=""0.00003""","=""14""","=""""",,"=""188766.2129""","=""207746.4757""","=""3s2.3p4.(3P).5p""","=""4P*""","=""5/2""","=""3s2.3p4.(3P).6d""","=""4D""","=""5/2""",,"=""""","=""L11520""",
Ar,2,"=""526.7958""","=""0.0008""","=""526.79597""","=""0.00008""","=""3""","=""""",,"=""194883.0921""","=""213860.492""","=""3s2.3p4.(3P<2>).4f""","=""2[3]*""","=""7/2""","=""3s2.3p4.(3P<2>).7g""","=""2[4]""","=""9/2""",,"=""""","=""L14821""",
Ar,2,"=""526.8246""","=""0.0008""","=""526.82584""","=""0.00011""","=""3""","=""""",,"=""194883.0921""","=""213859.416""","=""3s2.3p4.(3P<2>).4f""","=""2[3]*""","=""7/2""","=""3s2.3p4.(3P<2>).7g""","=""2[5]""","=""9/2""",,"=""""","=""L14821""",
Ar,2,"=""526.9761""","=""0.0003""","=""526.97569""","=""0.00004""","=""4""","=""""",,"=""189040.9351""","=""208011.8628""","=""3s2.3p4.(3P).5p""","=""4P*""","=""3/2""","=""3s2.3p4.(3P).6d""","=""4D""","=""3/2""",,"=""""","=""L11520""",
Ar,2,"=""527.3580""","=""0.0008""","=""527.3598""","=""0.0006""","=""1""","=""""",,"=""192712.058""","=""211669.17""","=""3s2.3p4.(3P).4d""","=""2D""","=""3/2""","=""3s2.3p4.(3P<1>).6f""","=""2[3]*""","=""5/2""",,"=""""","=""L14821""",
Ar,2,"=""527.385""","=""0.002""","=""527.38704""","=""0.00005""","=""0.5""","=""""",,"=""191169.5946""","=""210125.7255""","=""3s2.3p4.(3P).5p""","=""4S*""","=""3/2""","=""3s2.3p4.(3P).6d""","=""2D""","=""5/2""",,"=""""","=""L14821""",
Ar,2,"=""528.16295""","=""0.00005""","=""528.162946""","=""0.000011""","=""21""","=""""",,"=""188766.2129""","=""207694.4965""","=""3s2.3p4.(3P).5p""","=""4P*""","=""5/2""","=""3s2.3p4.(3P).6d""","=""4D""","=""7/2""",,"=""""","=""L11520""",
Ar,2,"=""528.3437""","=""0.0016""","=""528.345700""","=""0.000011""","=""1bl""","=""""",,"=""186074.4375""","=""204996.1739""","=""3s2.3p4.(3P).4d""","=""4F""","=""5/2""","=""3s2.3p4.(3P<2>).5f""","=""2[3]*""","=""7/2""",,"=""""","=""L14821""",
Ar,2,"=""528.5438""","=""0.0008""","=""528.543022""","=""0.000014""","=""2""","=""""",,"=""184093.1337""","=""203007.8061""","=""3s2.3p4.(1D).3d""","=""2S""","=""1/2""","=""3s2.3p4.(1D).5p""","=""2P*""","=""3/2""",,"=""""","=""L14821""",
Ar,1,"=""""","=""""","=""528.6069""","=""""","=""""","=""9.6e+04""",E,"=""106237.5518""","=""125149.937""","=""3s2.3p5.(2P*<3/2>).4p""","=""2[3/2]""","=""2""","=""3s2.3p5.(2P*<1/2>).6d""","=""2[5/2]*""","=""3""",,"=""T1164n""","=""""",
Ar,2,"=""528.68866""","=""0.00008""","=""528.688689""","=""0.000011""","=""18""","=""2.e+05""",C,"=""139258.3389""","=""158167.7999""","=""3s2.3p4.(3P).4s""","=""2P""","=""1/2""","=""3s2.3p4.(3P).4p""","=""4D*""","=""3/2""",,"=""T926""","=""L11520""",
Ar,2,"=""528.8634""","=""0.0008""","=""528.863551""","=""0.000012""","=""1""","=""""",,"=""186074.4375""","=""204977.6464""","=""3s2.3p4.(3P).4d""","=""4F""","=""5/2""","=""3s2.3p4.(3P<2>).5f""","=""2[3]*""","=""5/2""",,"=""""","=""L14821""",
Ar,1,"=""""","=""""","=""529.0015""","=""""","=""""","=""9.0e+04""",E,"=""106237.5518""","=""125135.831""","=""3s2.3p5.(2P*<3/2>).4p""","=""2[3/2]""","=""2""","=""3s2.3p5.(2P*<3/2>).8d""","=""2[1/2]*""","=""1""",,"=""T1164n""","=""""",
Ar,2,"=""529.00551""","=""0.00013""","=""529.00553""","=""0.00014""","=""9""","=""""",,"=""196076.4715""","=""214974.607""","=""3s2.3p4.(3P<1>).4f""","=""2[2]*""","=""3/2""","=""3s2.3p4.(3P<1>).7g""","=""2[3]""","=""5/2""",,"=""""","=""L11520""",
Ar,2,"=""529.099""","=""0.002""","=""529.1006""","=""0.0008""","=""0.5p""","=""""",,"=""194996.5613""","=""213891.30""","=""3s2.3p4.(3P<2>).4f""","=""2[2]*""","=""3/2""","=""3s2.3p4.(3P<2>).7g""","=""2[2]""","=""3/2""",,"=""""","=""L14821""",
Ar,2,"=""529.197""","=""0.002""","=""529.194971""","=""0.000023""","=""0.5""","=""""",,"=""189437.7396""","=""208329.1101""","=""3s2.3p4.(3P).5p""","=""4P*""","=""1/2""","=""3s2.3p4.(3P).7s""","=""4P""","=""1/2""",,"=""""","=""L14821""",
Ar,2,"=""529.38157""","=""0.00018""","=""529.38155""","=""0.00017""","=""6""","=""""",,"=""196089.9385""","=""214974.651""","=""3s2.3p4.(3P<1>).4f""","=""2[2]*""","=""5/2""","=""3s2.3p4.(3P<1>).7g""","=""2[3]""","=""7/2""",,"=""""","=""L11520""",
Ar,2,"=""529.5892""","=""0.0008""","=""529.5911""","=""0.0006""","=""3""","=""""",,"=""194996.5613""","=""213873.80""","=""3s2.3p4.(3P<2>).4f""","=""2[2]*""","=""3/2""","=""3s2.3p4.(3P<2>).7g""","=""2[3]""","=""5/2""",,"=""""","=""L14821""",
Ar,2,"=""529.63883""","=""0.00018""","=""529.63885""","=""0.00014""","=""7""","=""""",,"=""196103.4029""","=""214978.941""","=""3s2.3p4.(3P<1>).4f""","=""2[4]*""","=""9/2""","=""3s2.3p4.(3P<1>).7g""","=""2[5]""","=""11/2""",,"=""""","=""L11520""",
Ar,2,"=""529.6791""","=""0.002""","=""529.67949""","=""0.00008""","=""3""","=""""",,"=""192712.058""","=""211586.1480""","=""3s2.3p4.(3P).4d""","=""2D""","=""3/2""","=""3s2.3p4.(3P<1>).6f""","=""2[2]*""","=""5/2""",,"=""""","=""L14821""",
Ar,2,"=""529.8001""","=""0.0014""","=""529.799994""","=""0.000023""","=""2""","=""""",,"=""190507.4128""","=""209377.2099""","=""3s2.3p4.(3P).5p""","=""2P*""","=""3/2""","=""3s2.3p4.(3P).6d""","=""2F""","=""5/2""",,"=""""","=""L11520""",
Ar,2,"=""529.90805""","=""0.00006""","=""529.908241""","=""0.000023""","=""5""","=""""",,"=""190511.2674""","=""209377.2099""","=""3s2.3p4.(3P).5p""","=""2D*""","=""5/2""","=""3s2.3p4.(3P).6d""","=""2F""","=""5/2""",,"=""""","=""L2634""",
Ar,2,"=""529.948""","=""0.002""","=""529.94925""","=""0.00005""","=""0""","=""""",,"=""190733.0156""","=""209597.4982""","=""3s2.3p4.(3P).5p""","=""4D*""","=""1/2""","=""3s2.3p4.(3P).6d""","=""2P""","=""3/2""",,"=""""","=""L14821""",
Ar,2,"=""530.07745""","=""0.00011""","=""530.07752""","=""0.00008""","=""8""","=""""",,"=""196119.1021""","=""214979.020""","=""3s2.3p4.(3P<1>).4f""","=""2[4]*""","=""7/2""","=""3s2.3p4.(3P<1>).7g""","=""2[5]""","=""9/2""",,"=""""","=""L11520""",
Ar,2,"=""530.256""","=""0.002""","=""530.256944""","=""0.000023""","=""0""","=""""",,"=""186340.5616""","=""205194.0978""","=""3s2.3p4.(3P).4d""","=""4F""","=""3/2""","=""3s2.3p4.(3P<2>).5f""","=""2[1]*""","=""3/2""",,"=""""","=""L14821""",
Ar,2,"=""530.56856""","=""0.00009""","=""530.5682""","=""0.0003""","=""15*""","=""""",,"=""195031.2028""","=""213873.677""","=""3s2.3p4.(3P<2>).4f""","=""2[2]*""","=""5/2""","=""3s2.3p4.(3P<2>).7g""","=""2[3]""","=""7/2""",,"=""""","=""L11520""",
Ar,2,"=""530.56856""","=""0.00009""","=""530.56880""","=""0.00003""","=""15*""","=""""",,"=""161089.3846""","=""179931.8393""","=""3s2.3p4.(3P).4p""","=""2S*""","=""1/2""","=""3s2.3p4.(1S).3d""","=""2D""","=""3/2""",,"=""""","=""L11520""",
Ar,2,"=""530.8074""","=""0.0008""","=""530.80709""","=""0.00003""","=""5""","=""""",,"=""172335.5985""","=""191169.5946""","=""3s2.3p4.(1D).3d""","=""2D""","=""5/2""","=""3s2.3p4.(3P).5p""","=""4S*""","=""3/2""",,"=""""","=""L14821""",
Ar,1,"=""""","=""""","=""530.9513""","=""""","=""""","=""1.2e+05""",E,"=""106237.5518""","=""125066.432""","=""3s2.3p5.(2P*<3/2>).4p""","=""2[3/2]""","=""2""","=""3s2.3p5.(2P*<1/2>).6d""","=""2[3/2]*""","=""2""",,"=""T1164n""","=""""",
Ar,2,"=""531.19816""","=""0.00020""","=""531.19817""","=""0.00020""","=""5""","=""""",,"=""196621.9658""","=""215442.096""","=""3s2.3p4.(3P<0>).4f""","=""2[3]*""","=""7/2""","=""3s2.3p4.(3P<0>).7g""","=""2[4]""","=""9/2""",,"=""""","=""L11520""",
Ar,2,"=""531.2078""","=""0.0003""","=""531.20779""","=""0.00023""","=""5""","=""""",,"=""196621.9658""","=""215441.755""","=""3s2.3p4.(3P<0>).4f""","=""2[3]*""","=""7/2""","=""3s2.3p4.(3P<0>).7g""","=""2[4]""","=""7/2""",,"=""""","=""L11520""",
Ar,2,"=""531.4258""","=""0.0008""","=""531.426101""","=""0.000012""","=""2""","=""""",,"=""189437.7396""","=""208249.7978""","=""3s2.3p4.(3P).5p""","=""4P*""","=""1/2""","=""3s2.3p4.(3P).7s""","=""2P""","=""3/2""",,"=""""","=""L14821""",
Ar,2,"=""531.5215""","=""0.0008""","=""531.52227""","=""0.00023""","=""4bl""","=""""",,"=""196633.1005""","=""215441.755""","=""3s2.3p4.(3P<0>).4f""","=""2[3]*""","=""5/2""","=""3s2.3p4.(3P<0>).7g""","=""2[4]""","=""7/2""",,"=""""","=""L11520""",
Ar,2,"=""531.611""","=""0.002""","=""531.6083""","=""0.0020""","=""0*""","=""""",,"=""190592.2306""","=""209397.84""","=""3s2.3p4.(3P).4d""","=""2P""","=""3/2""","=""3s2.3p4.(3P).7p""","=""1*""","=""3/2""",,"=""""","=""L14821""",
Ar,2,"=""531.611""","=""0.002""","=""531.6106""","=""0.0008""","=""0*""","=""""",,"=""190592.2306""","=""209397.76""","=""3s2.3p4.(3P).4d""","=""2P""","=""3/2""","=""3s2.3p4.(3P).7p""","=""1*""","=""5/2""",,"=""""","=""L14821""",
Ar,1,"=""""","=""""","=""531.7715""","=""""","=""""","=""2.6e+05""",E,"=""107289.7001""","=""126089.54""","=""3s2.3p5.(2P*<1/2>).4p""","=""2[3/2]""","=""2""","=""3s2.3p5.(2P*<1/2>).7d""","=""2[5/2]*""","=""3""",,"=""T1164n""","=""""",
Ar,8,"=""532.690""","=""0.008""","=""532.69""","=""0.04""","=""""","=""""",,"=""1044645.1""","=""1063412.6""","=""2p6.8d""","=""2D""","=""5/2""","=""2p6.9p""","=""2P*""","=""3/2""",,"=""""","=""L7203""",
Ar,2,"=""532.8758""","=""0.0016""","=""532.874065""","=""0.000020""","=""1bl""","=""""",,"=""190507.4128""","=""209268.3541""","=""3s2.3p4.(3P).5p""","=""2P*""","=""3/2""","=""3s2.3p4.(3P).6d""","=""4F""","=""3/2""",,"=""""","=""L14821""",
Ar,2,"=""532.96992""","=""0.00010""","=""532.96991""","=""0.00011""","=""10""","=""""",,"=""195123.6464""","=""213881.214""","=""3s2.3p4.(3P<2>).4f""","=""2[5]*""","=""11/2""","=""3s2.3p4.(3P<2>).7g""","=""2[6]""","=""13/2""",,"=""""","=""L11520""",
Ar,2,"=""533.0664""","=""0.0008""","=""533.064535""","=""0.000012""","=""3bl,i,G""","=""""",,"=""183675.6614""","=""202429.8993""","=""3s2.3p4.(3P).4d""","=""4D""","=""7/2""","=""3s2.3p4.(3P).6p""","=""4D*""","=""7/2""",,"=""""","=""L14821""",
Ar,2,"=""533.1042""","=""0.0002""","=""533.10417""","=""0.00017""","=""6""","=""""",,"=""195128.3735""","=""213881.217""","=""3s2.3p4.(3P<2>).4f""","=""2[5]*""","=""9/2""","=""3s2.3p4.(3P<2>).7g""","=""2[6]""","=""11/2""",,"=""""","=""L11520""",
Ar,2,"=""533.270""","=""0.002""","=""533.271548""","=""0.000012""","=""0""","=""""",,"=""183797.4473""","=""202544.4050""","=""3s2.3p4.(3P).4d""","=""4D""","=""5/2""","=""3s2.3p4.(3P).6p""","=""4D*""","=""5/2""",,"=""""","=""L14821""",
Ar,2,"=""533.512""","=""0.002""","=""533.510209""","=""0.000017""","=""0.5""","=""""",,"=""186340.5616""","=""205079.1331""","=""3s2.3p4.(3P).4d""","=""4F""","=""3/2""","=""3s2.3p4.(3P<2>).5f""","=""2[2]*""","=""5/2""",,"=""""","=""L14821""",
Ar,2,"=""533.5916""","=""0.0008""","=""533.59148""","=""0.00017""","=""1""","=""""",,"=""195123.6464""","=""213859.364""","=""3s2.3p4.(3P<2>).4f""","=""2[5]*""","=""11/2""","=""3s2.3p4.(3P<2>).7g""","=""2[5]""","=""11/2""",,"=""""","=""L14821""",
Ar,2,"=""533.7250""","=""0.0008""","=""533.72466""","=""0.00011""","=""1""","=""""",,"=""195128.3735""","=""213859.416""","=""3s2.3p4.(3P<2>).4f""","=""2[5]*""","=""9/2""","=""3s2.3p4.(3P<2>).7g""","=""2[5]""","=""9/2""",,"=""""","=""L14821""",
Ar,2,"=""533.8106""","=""0.0008""","=""533.810080""","=""0.000015""","=""1""","=""""",,"=""189415.0280""","=""208143.0731""","=""3s2.3p4.(3P).5p""","=""4D*""","=""7/2""","=""3s2.3p4.(3P).6d""","=""4F""","=""7/2""",,"=""""","=""L14821""",
Ar,2,"=""533.933""","=""0.002""","=""533.93289""","=""0.00003""","=""1""","=""""",,"=""186470.3603""","=""205194.0978""","=""3s2.3p4.(3P).4d""","=""4P""","=""3/2""","=""3s2.3p4.(3P<2>).5f""","=""2[1]*""","=""3/2""",,"=""""","=""L14821""",
Ar,8,"=""534.20""","=""0.04""","=""534.32""","=""0.20""","=""""","=""""",,"=""1044625.""","=""1063335.""","=""2p6.8d""","=""2D""","=""3/2""","=""2p6.9p""","=""2P*""","=""1/2""",,"=""""","=""L11180""",
Ar,2,"=""534.326""","=""0.002""","=""534.32344""","=""0.00003""","=""0?""","=""""",,"=""186470.3603""","=""205180.4124""","=""3s2.3p4.(3P).4d""","=""4P""","=""3/2""","=""3s2.3p4.(3P<2>).5f""","=""2[1]*""","=""1/2""",,"=""""","=""L14821""",
Ar,2,"=""534.45228""","=""0.00018""","=""534.45231""","=""0.00003""","=""7""","=""""",,"=""189040.9351""","=""207746.4757""","=""3s2.3p4.(3P).5p""","=""4P*""","=""3/2""","=""3s2.3p4.(3P).6d""","=""4D""","=""5/2""",,"=""""","=""L11520""",
Ar,2,"=""534.5609""","=""0.0008""","=""534.55966""","=""0.00004""","=""1""","=""""",,"=""155708.1075""","=""174409.8916""","=""3s2.3p4.(3P).4p""","=""4P*""","=""1/2""","=""3s2.3p4.(1D).3d""","=""2P""","=""3/2""",,"=""""","=""L14821""",
Ar,2,"=""534.82636""","=""0.00010""","=""534.82634""","=""0.00011""","=""13""","=""""",,"=""196305.1289""","=""214997.588""","=""3s2.3p4.(3P<1>).4f""","=""2[3]*""","=""7/2""","=""3s2.3p4.(3P<1>).7g""","=""2[4]""","=""9/2""",,"=""""","=""L11520""",
Ar,2,"=""534.8604""","=""0.0008""","=""534.860247""","=""0.000023""","=""2""","=""""",,"=""190507.4128""","=""209198.6869""","=""3s2.3p4.(3P).5p""","=""2P*""","=""3/2""","=""3s2.3p4.(3P).6d""","=""4P""","=""5/2""",,"=""""","=""L14821""",
Ar,2,"=""534.9717""","=""0.0008""","=""534.970572""","=""0.000023""","=""2""","=""""",,"=""190511.2674""","=""209198.6869""","=""3s2.3p4.(3P).5p""","=""2D*""","=""5/2""","=""3s2.3p4.(3P).6d""","=""4P""","=""5/2""",,"=""""","=""L14821""",
Ar,2,"=""535.1449""","=""0.0008""","=""535.1433""","=""0.0011""","=""4l""","=""""",,"=""196315.5916""","=""214996.98""","=""3s2.3p4.(3P<1>).4f""","=""2[3]*""","=""5/2""","=""3s2.3p4.(3P<1>).7g""","=""2[4]""","=""7/2""",,"=""""","=""L14821""",
Ar,2,"=""535.482""","=""0.002""","=""535.48342""","=""0.00017""","=""1""","=""""",,"=""196305.1289""","=""214974.651""","=""3s2.3p4.(3P<1>).4f""","=""2[3]*""","=""7/2""","=""3s2.3p4.(3P<1>).7g""","=""2[3]""","=""7/2""",,"=""""","=""L14821""",
Ar,2,"=""535.781""","=""0.002""","=""535.77757""","=""0.00004""","=""1*""","=""""",,"=""190592.2306""","=""209251.5031""","=""3s2.3p4.(3P).4d""","=""2P""","=""3/2""","=""3s2.3p4.(1D<2>).4f""","=""2[3]*""","=""5/2""",,"=""""","=""L14821""",
Ar,2,"=""535.781""","=""0.002""","=""535.78369""","=""0.00017""","=""1*""","=""""",,"=""196315.5916""","=""214974.651""","=""3s2.3p4.(3P<1>).4f""","=""2[3]*""","=""5/2""","=""3s2.3p4.(3P<1>).7g""","=""2[3]""","=""7/2""",,"=""""","=""L14821""",
Ar,2,"=""535.781""","=""0.002""","=""535.78495""","=""0.00014""","=""1*""","=""""",,"=""196315.5916""","=""214974.607""","=""3s2.3p4.(3P<1>).4f""","=""2[3]*""","=""5/2""","=""3s2.3p4.(3P<1>).7g""","=""2[3]""","=""5/2""",,"=""""","=""L14821""",
Ar,2,"=""535.83797""","=""0.00009""","=""535.83790""","=""0.00003""","=""14""","=""""",,"=""189934.6322""","=""208591.8039""","=""3s2.3p4.(3P).4d""","=""2P""","=""1/2""","=""3s2.3p4.(1D<2>).4f""","=""2[1]*""","=""1/2""",,"=""""","=""L11520""",
Ar,2,"=""535.8616""","=""0.0008""","=""535.862916""","=""0.000012""","=""2""","=""""",,"=""187589.3383""","=""206245.6390""","=""3s2.3p4.(3P).4d""","=""2F""","=""5/2""","=""3s2.3p4.(3P<1>).5f""","=""2[3]*""","=""7/2""",,"=""""","=""L14821""",
Ar,2,"=""535.90657""","=""0.00006""","=""535.90671""","=""0.00005""","=""6""","=""""",,"=""190942.7220""","=""209597.4982""","=""3s2.3p4.(3P).5p""","=""2S*""","=""1/2""","=""3s2.3p4.(3P).6d""","=""2P""","=""3/2""",,"=""""","=""L2634""",
Ar,2,"=""536.4142""","=""0.0008""","=""536.415428""","=""0.000012""","=""1""","=""""",,"=""186340.5616""","=""204977.6464""","=""3s2.3p4.(3P).4d""","=""4F""","=""3/2""","=""3s2.3p4.(3P<2>).5f""","=""2[3]*""","=""5/2""",,"=""""","=""L14821""",
Ar,2,"=""536.5485""","=""0.0008""","=""536.548804""","=""0.000012""","=""1""","=""""",,"=""183797.4473""","=""202429.8993""","=""3s2.3p4.(3P).4d""","=""4D""","=""5/2""","=""3s2.3p4.(3P).6p""","=""4D*""","=""7/2""",,"=""""","=""L14821""",
Ar,2,"=""537.2007""","=""0.0008""","=""537.2005""","=""0.0009""","=""2""","=""""",,"=""195281.4505""","=""213891.30""","=""3s2.3p4.(3P<2>).4f""","=""2[1]*""","=""1/2""","=""3s2.3p4.(3P<2>).7g""","=""2[2]""","=""3/2""",,"=""""","=""L14821""",
Ar,2,"=""537.233""","=""0.002""","=""537.231557""","=""0.000020""","=""0""","=""""",,"=""186470.3603""","=""205079.1331""","=""3s2.3p4.(3P).4d""","=""4P""","=""3/2""","=""3s2.3p4.(3P<2>).5f""","=""2[2]*""","=""5/2""",,"=""""","=""L14821""",
Ar,1,"=""""","=""""","=""537.3494""","=""""","=""""","=""2.7e+05""",D,"=""106087.2598""","=""124691.951""","=""3s2.3p5.(2P*<3/2>).4p""","=""2[3/2]""","=""1""","=""3s2.3p5.(2P*<3/2>).7d""","=""2[5/2]*""","=""2""",,"=""T1164n""","=""""",
Ar,2,"=""537.66347""","=""0.00009""","=""537.66347""","=""0.00009""","=""12""","=""""",,"=""195297.6798""","=""213891.504""","=""3s2.3p4.(3P<2>).4f""","=""2[1]*""","=""3/2""","=""3s2.3p4.(3P<2>).7g""","=""2[2]""","=""5/2""",,"=""""","=""L11520""",
Ar,2,"=""537.8077""","=""0.0002""","=""537.807900""","=""0.000023""","=""7""","=""""",,"=""190106.3000""","=""208695.1309""","=""3s2.3p4.(3P).5p""","=""4D*""","=""3/2""","=""3s2.3p4.(3P).6d""","=""4P""","=""3/2""",,"=""""","=""L11520""",
Ar,2,"=""537.894""","=""0.002""","=""537.891246""","=""0.000018""","=""0""","=""""",,"=""186470.3603""","=""205056.3109""","=""3s2.3p4.(3P).4d""","=""4P""","=""3/2""","=""3s2.3p4.(3P<2>).5f""","=""2[2]*""","=""3/2""",,"=""""","=""L14821""",
Ar,2,"=""537.91666""","=""0.00006""","=""537.91663""","=""0.00005""","=""2""","=""""",,"=""191012.4246""","=""209597.4982""","=""3s2.3p4.(3P).5p""","=""2D*""","=""3/2""","=""3s2.3p4.(3P).6d""","=""2P""","=""3/2""",,"=""""","=""L2634""",
Ar,2,"=""538.2330""","=""0.0008""","=""538.23376""","=""0.00004""","=""2""","=""""",,"=""189437.7396""","=""208011.8628""","=""3s2.3p4.(3P).5p""","=""4P*""","=""1/2""","=""3s2.3p4.(3P).6d""","=""4D""","=""3/2""",,"=""""","=""L14821""",
Ar,2,"=""538.43742""","=""0.00013""","=""538.43763""","=""0.00003""","=""8""","=""""",,"=""190106.3000""","=""208673.3904""","=""3s2.3p4.(3P).5p""","=""4D*""","=""3/2""","=""3s2.3p4.(3P).6d""","=""4F""","=""5/2""",,"=""""","=""L11520""",
Ar,2,"=""538.6519""","=""0.0008""","=""538.652450""","=""0.000012""","=""2""","=""""",,"=""187589.3383""","=""206149.0242""","=""3s2.3p4.(3P).4d""","=""2F""","=""5/2""","=""3s2.3p4.(3P<1>).5f""","=""2[4]*""","=""7/2""",,"=""""","=""L14821""",
Ar,2,"=""539.122""","=""0.002""","=""539.12310""","=""0.00003""","=""0""","=""""",,"=""161048.7411""","=""179592.2248""","=""3s2.3p4.(3P).4p""","=""4S*""","=""3/2""","=""3s2.3p4.(1S).3d""","=""2D""","=""5/2""",,"=""""","=""L14821""",
Ar,2,"=""539.36015""","=""0.00013""","=""539.360014""","=""0.000023""","=""8""","=""""",,"=""190733.0156""","=""209268.3541""","=""3s2.3p4.(3P).5p""","=""4D*""","=""1/2""","=""3s2.3p4.(3P).6d""","=""4F""","=""3/2""",,"=""""","=""L11520""",
Ar,1,"=""""","=""""","=""539.3979""","=""""","=""""","=""9.6e+04""",D,"=""106237.5518""","=""124771.59""","=""3s2.3p5.(2P*<3/2>).4p""","=""2[3/2]""","=""2""","=""3s2.3p5.(2P*<3/2>).9s""","=""2[3/2]*""","=""2""",,"=""T1164n""","=""""",
Ar,2,"=""539.481""","=""0.002""","=""539.485167""","=""0.000012""","=""1""","=""""",,"=""187589.3383""","=""206120.3769""","=""3s2.3p4.(3P).4d""","=""2F""","=""5/2""","=""3s2.3p4.(3P<1>).5f""","=""2[2]*""","=""5/2""",,"=""""","=""L14821""",
Ar,2,"=""539.75164""","=""0.00003""","=""539.751766""","=""0.000021""","=""35""","=""""",,"=""189415.0280""","=""207936.9137""","=""3s2.3p4.(3P).5p""","=""4D*""","=""7/2""","=""3s2.3p4.(3P).6d""","=""4F""","=""9/2""",,"=""""","=""L11520""",
Ar,2,"=""540.062""","=""0.002""","=""540.064103""","=""0.000012""","=""1""","=""""",,"=""188766.2129""","=""207277.3869""","=""3s2.3p4.(3P).5p""","=""4P*""","=""5/2""","=""3s2.3p4.(3P).7s""","=""4P""","=""3/2""",,"=""""","=""L14821""",
Ar,2,"=""540.2170""","=""0.0008""","=""540.217101""","=""0.000012""","=""1""","=""""",,"=""183914.6440""","=""202420.5754""","=""3s2.3p4.(3P).5s""","=""2P""","=""1/2""","=""3s2.3p4.(3P).6p""","=""4P*""","=""1/2""",,"=""""","=""L14821""",
Ar,2,"=""540.26051""","=""0.00007""","=""540.260594""","=""0.000012""","=""15""","=""""",,"=""190511.2674""","=""209015.7090""","=""3s2.3p4.(3P).5p""","=""2D*""","=""5/2""","=""3s2.3p4.(3P).6d""","=""2F""","=""7/2""",,"=""""","=""L11520""",
Ar,2,"=""540.73448""","=""0.00004""","=""540.734497""","=""0.000015""","=""24""","=""""",,"=""189654.8487""","=""208143.0731""","=""3s2.3p4.(3P).5p""","=""4D*""","=""5/2""","=""3s2.3p4.(3P).6d""","=""4F""","=""7/2""",,"=""""","=""L11520""",
Ar,2,"=""540.9401""","=""0.0008""","=""540.941250""","=""0.000012""","=""1""","=""""",,"=""183986.0137""","=""202467.1718""","=""3s2.3p4.(3P).4d""","=""4D""","=""3/2""","=""3s2.3p4.(3P).6p""","=""4D*""","=""3/2""",,"=""""","=""L14821""",
Ar,1,"=""""","=""""","=""541.0475""","=""""","=""""","=""2.0e+05""",D,"=""106237.5518""","=""124715.081""","=""3s2.3p5.(2P*<3/2>).4p""","=""2[3/2]""","=""2""","=""3s2.3p5.(2P*<3/2>).7d""","=""2[5/2]*""","=""3""",,"=""T1164n""","=""""",
Ar,2,"=""541.1646""","=""0.0008""","=""541.165623""","=""0.000012""","=""3""","=""""",,"=""183675.6614""","=""202149.1571""","=""3s2.3p4.(3P).4d""","=""4D""","=""7/2""","=""3s2.3p4.(3P).6p""","=""4P*""","=""5/2""",,"=""""","=""L14821""",
Ar,2,"=""541.24465""","=""0.00006""","=""541.24471""","=""0.00003""","=""6""","=""""",,"=""190942.7220""","=""209413.5184""","=""3s2.3p4.(3P).5p""","=""2S*""","=""1/2""","=""3s2.3p4.(3P).6d""","=""2D""","=""3/2""",,"=""""","=""L2634""",
Ar,2,"=""541.6710""","=""0.0008""","=""541.672534""","=""0.000012""","=""1""","=""""",,"=""183797.4473""","=""202253.6552""","=""3s2.3p4.(3P).4d""","=""4D""","=""5/2""","=""3s2.3p4.(3P).6p""","=""4P*""","=""3/2""",,"=""""","=""L14821""",
Ar,1,"=""542.1352""","=""""","=""542.1351""","=""""","=""5""","=""6.0e+05""",D,"=""105462.7596""","=""123903.220""","=""3s2.3p5.(2P*<3/2>).4p""","=""2[5/2]""","=""3""","=""3s2.3p5.(2P*<3/2>).8s""","=""2[3/2]*""","=""2""",,"=""T1164n""","=""L2634""",
Ar,2,"=""542.503""","=""0.002""","=""542.50452""","=""0.00005""","=""0""","=""""",,"=""191169.5946""","=""209597.4982""","=""3s2.3p4.(3P).5p""","=""4S*""","=""3/2""","=""3s2.3p4.(3P).6d""","=""2P""","=""3/2""",,"=""""","=""L14821""",
Ar,2,"=""543.294""","=""0.002""","=""543.29494""","=""0.00003""","=""1""","=""""",,"=""191012.4246""","=""209413.5184""","=""3s2.3p4.(3P).5p""","=""2D*""","=""3/2""","=""3s2.3p4.(3P).6d""","=""2D""","=""3/2""",,"=""""","=""L14821""",
Ar,2,"=""543.9676""","=""0.0008""","=""543.967273""","=""0.000021""","=""3""","=""""",,"=""172213.8798""","=""190592.2306""","=""3s2.3p4.(1D).4p""","=""2P*""","=""3/2""","=""3s2.3p4.(3P).4d""","=""2P""","=""3/2""",,"=""""","=""L14821""",
Ar,1,"=""""","=""""","=""543.99888""","=""""","=""""","=""1.9e+05""",D+,"=""104102.0990""","=""122479.3820""","=""3s2.3p5.(2P*<3/2>).4p""","=""2[1/2]""","=""1""","=""3s2.3p5.(2P*<3/2>).7s""","=""2[3/2]*""","=""1""",,"=""T1218n""","=""""",
Ar,2,"=""544.0524""","=""0.0008""","=""544.05443""","=""0.00004""","=""1""","=""""",,"=""190106.3000""","=""208481.7065""","=""3s2.3p4.(3P).5p""","=""4D*""","=""3/2""","=""3s2.3p4.(3P).6d""","=""4P""","=""1/2""",,"=""""","=""L14821""",
Ar,2,"=""544.0932""","=""0.0008""","=""544.094953""","=""0.000015""","=""2""","=""""",,"=""184093.1337""","=""202467.1718""","=""3s2.3p4.(1D).3d""","=""2S""","=""1/2""","=""3s2.3p4.(3P).6p""","=""4D*""","=""3/2""",,"=""""","=""L14821""",
Ar,1,"=""""","=""""","=""544.2246""","=""""","=""""","=""9.3e+04""",D,"=""105462.7596""","=""123832.419""","=""3s2.3p5.(2P*<3/2>).4p""","=""2[5/2]""","=""3""","=""3s2.3p5.(2P*<3/2>).6d""","=""2[5/2]*""","=""3""",,"=""T1164n""","=""""",
Ar,2,"=""544.36893""","=""0.00016""","=""544.369090""","=""0.000024""","=""7""","=""""",,"=""191012.4246""","=""209377.2099""","=""3s2.3p4.(3P).5p""","=""2D*""","=""3/2""","=""3s2.3p4.(3P).6d""","=""2F""","=""5/2""",,"=""""","=""L11520""",
Ar,2,"=""544.7556""","=""0.0008""","=""544.756954""","=""0.000012""","=""2""","=""""",,"=""183797.4473""","=""202149.1571""","=""3s2.3p4.(3P).4d""","=""4D""","=""5/2""","=""3s2.3p4.(3P).6p""","=""4P*""","=""5/2""",,"=""""","=""L14821""",
Ar,2,"=""545.111""","=""0.002""","=""545.10654""","=""0.00004""","=""0.5""","=""""",,"=""172829.6539""","=""191169.5946""","=""3s2.3p4.(1D).3d""","=""2D""","=""3/2""","=""3s2.3p4.(3P).5p""","=""4S*""","=""3/2""",,"=""""","=""L14821""",
Ar,1,"=""545.1652""","=""""","=""545.16517""","=""""","=""10""","=""4.7e+05""",D+,"=""104102.0990""","=""122440.0672""","=""3s2.3p5.(2P*<3/2>).4p""","=""2[1/2]""","=""1""","=""3s2.3p5.(2P*<3/2>).7s""","=""2[3/2]*""","=""2""",,"=""T1218n""","=""L2634""",
Ar,2,"=""545.3634""","=""0.0008""","=""545.35909""","=""0.00004""","=""5*""","=""""",,"=""189415.0280""","=""207746.4757""","=""3s2.3p4.(3P).5p""","=""4D*""","=""7/2""","=""3s2.3p4.(3P).6d""","=""4D""","=""5/2""",,"=""""","=""L14821""",
Ar,2,"=""545.3634""","=""0.0008""","=""545.36485""","=""0.00005""","=""5*""","=""""",,"=""190592.2306""","=""208923.4846""","=""3s2.3p4.(3P).4d""","=""2P""","=""3/2""","=""3s2.3p4.(1D<2>).4f""","=""2[2]*""","=""3/2""",,"=""""","=""L14821""",
Ar,2,"=""545.43052""","=""0.00013""","=""545.429787""","=""0.000012""","=""11*""","=""""",,"=""188766.2129""","=""207095.2846""","=""3s2.3p4.(3P).5p""","=""4P*""","=""5/2""","=""3s2.3p4.(3P).7s""","=""4P""","=""5/2""",,"=""""","=""L11520""",
Ar,2,"=""545.43052""","=""0.00013""","=""545.43091""","=""0.00005""","=""11*""","=""""",,"=""190592.2306""","=""208921.2645""","=""3s2.3p4.(3P).4d""","=""2P""","=""3/2""","=""3s2.3p4.(1D<2>).4f""","=""2[2]*""","=""5/2""",,"=""""","=""L11520""",
Ar,2,"=""545.4757""","=""0.0008""","=""545.478297""","=""0.000018""","=""1""","=""""",,"=""184093.1337""","=""202420.5754""","=""3s2.3p4.(1D).3d""","=""2S""","=""1/2""","=""3s2.3p4.(3P).6p""","=""4P*""","=""1/2""",,"=""""","=""L14821""",
Ar,2,"=""545.6382""","=""0.0008""","=""545.63726""","=""0.00024""","=""5""","=""""",,"=""190592.2306""","=""208914.333""","=""3s2.3p4.(3P).4d""","=""2P""","=""3/2""","=""3s2.3p4.(3P<2>).7p""","=""2[2]*""","=""5/2""",,"=""""","=""L14821""",
Ar,1,"=""""","=""""","=""545.7416""","=""""","=""""","=""3.6e+05""",D,"=""105617.2700""","=""123935.870""","=""3s2.3p5.(2P*<3/2>).4p""","=""2[5/2]""","=""2""","=""3s2.3p5.(2P*<3/2>).8s""","=""2[3/2]*""","=""1""",,"=""T1218n""","=""""",
Ar,1,"=""""","=""""","=""545.96506""","=""""","=""""","=""3.8e+04""",D,"=""105462.7596""","=""123773.8614""","=""3s2.3p5.(2P*<3/2>).4p""","=""2[5/2]""","=""3""","=""3s2.3p5.(2P*<3/2>).6d""","=""2[7/2]*""","=""3""",,"=""T1218n""","=""""",
Ar,2,"=""546.64338""","=""0.00006""","=""546.643380""","=""0.000012""","=""6""","=""""",,"=""186816.0496""","=""205104.4297""","=""3s2.3p4.(3P).4d""","=""2F""","=""7/2""","=""3s2.3p4.(3P<2>).5f""","=""2[5]*""","=""9/2""",,"=""""","=""L2634""",
Ar,1,"=""""","=""""","=""546.7160""","=""""","=""""","=""7.6e+04""",D,"=""105617.2700""","=""123903.220""","=""3s2.3p5.(2P*<3/2>).4p""","=""2[5/2]""","=""2""","=""3s2.3p5.(2P*<3/2>).8s""","=""2[3/2]*""","=""2""",,"=""T1218n""","=""""",
Ar,2,"=""546.9098""","=""0.0003""","=""546.909882""","=""0.000012""","=""4""","=""""",,"=""189415.0280""","=""207694.4965""","=""3s2.3p4.(3P).5p""","=""4D*""","=""7/2""","=""3s2.3p4.(3P).6d""","=""4D""","=""7/2""",,"=""""","=""L11520""",
Ar,2,"=""547.0307""","=""0.0008""","=""547.032233""","=""0.000018""","=""2""","=""""",,"=""184191.7917""","=""202467.1718""","=""3s2.3p4.(3P).4d""","=""4D""","=""1/2""","=""3s2.3p4.(3P).6p""","=""4D*""","=""3/2""",,"=""""","=""L14821""",
Ar,2,"=""547.2642""","=""0.0008""","=""547.263971""","=""0.000012""","=""1""","=""""",,"=""183986.0137""","=""202253.6552""","=""3s2.3p4.(3P).4d""","=""4D""","=""3/2""","=""3s2.3p4.(3P).6p""","=""4P*""","=""3/2""",,"=""""","=""L14821""",
Ar,1,"=""""","=""""","=""547.3451""","=""""","=""""","=""2.0e+05""",D,"=""105617.2700""","=""123882.203""","=""3s2.3p5.(2P*<3/2>).4p""","=""2[5/2]""","=""2""","=""3s2.3p5.(2P*<1/2>).7s""","=""2[1/2]*""","=""1""",,"=""T1218n""","=""""",
Ar,2,"=""547.612""","=""0.002""","=""547.615070""","=""0.000021""","=""0""","=""""",,"=""191012.4246""","=""209268.3541""","=""3s2.3p4.(3P).5p""","=""2D*""","=""3/2""","=""3s2.3p4.(3P).6d""","=""4F""","=""3/2""",,"=""""","=""L14821""",
Ar,2,"=""548.1997""","=""0.0008""","=""548.199964""","=""0.000012""","=""1""","=""""",,"=""189040.9351""","=""207277.3869""","=""3s2.3p4.(3P).5p""","=""4P*""","=""3/2""","=""3s2.3p4.(3P).7s""","=""4P""","=""3/2""",,"=""""","=""L14821""",
Ar,2,"=""548.4311""","=""0.0008""","=""548.430572""","=""0.000021""","=""1""","=""""",,"=""184191.7917""","=""202420.5754""","=""3s2.3p4.(3P).4d""","=""4D""","=""1/2""","=""3s2.3p4.(3P).6p""","=""4P*""","=""1/2""",,"=""""","=""L14821""",
Ar,2,"=""548.6102""","=""0.0008""","=""548.610354""","=""0.000021""","=""1""","=""""",,"=""190106.3000""","=""208329.1101""","=""3s2.3p4.(3P).5p""","=""4D*""","=""3/2""","=""3s2.3p4.(3P).7s""","=""4P""","=""1/2""",,"=""""","=""L14821""",
Ar,1,"=""""","=""""","=""549.0120""","=""""","=""""","=""8.5e+04""",D,"=""105617.2700""","=""123826.750""","=""3s2.3p5.(2P*<3/2>).4p""","=""2[5/2]""","=""2""","=""3s2.3p5.(2P*<3/2>).6d""","=""2[5/2]*""","=""2""",,"=""T1164n""","=""""",
Ar,2,"=""549.0667""","=""0.0008""","=""549.068191""","=""0.000024""","=""1""","=""""",,"=""191169.5946""","=""209377.2099""","=""3s2.3p4.(3P).5p""","=""4S*""","=""3/2""","=""3s2.3p4.(3P).6d""","=""2F""","=""5/2""",,"=""""","=""L14821""",
Ar,1,"=""""","=""""","=""549.2080""","=""""","=""""","=""5.6e+05""",E,"=""107131.7086""","=""125334.69""","=""3s2.3p5.(2P*<1/2>).4p""","=""2[3/2]""","=""1""","=""3s2.3p5.(2P*<1/2>).8s""","=""2[1/2]*""","=""0""",,"=""T1164n""","=""""",
Ar,1,"=""549.5874""","=""""","=""549.5873""","=""""","=""25""","=""1.69e+06""",C,"=""105462.7596""","=""123653.177""","=""3s2.3p5.(2P*<3/2>).4p""","=""2[5/2]""","=""3""","=""3s2.3p5.(2P*<3/2>).6d""","=""2[7/2]*""","=""4""",,"=""T1218n""","=""L2634""",
Ar,2,"=""549.7123""","=""0.0008""","=""549.712874""","=""0.000024""","=""3""","=""""",,"=""191012.4246""","=""209198.6869""","=""3s2.3p4.(3P).5p""","=""2D*""","=""3/2""","=""3s2.3p4.(3P).6d""","=""4P""","=""5/2""",,"=""""","=""L14821""",
Ar,2,"=""549.81838""","=""0.00019""","=""549.81844""","=""0.00005""","=""8""","=""""",,"=""172829.6539""","=""191012.4246""","=""3s2.3p4.(1D).3d""","=""2D""","=""3/2""","=""3s2.3p4.(3P).5p""","=""2D*""","=""3/2""",,"=""""","=""L11520""",
Ar,2,"=""549.8972""","=""0.0016""","=""549.898471""","=""0.000012""","=""2bl""","=""""",,"=""186816.0496""","=""204996.1739""","=""3s2.3p4.(3P).4d""","=""2F""","=""7/2""","=""3s2.3p4.(3P<2>).5f""","=""2[3]*""","=""7/2""",,"=""""","=""L14821""",
Ar,2,"=""550.03323""","=""0.00014""","=""550.03327""","=""0.00003""","=""10""","=""""",,"=""172335.5985""","=""190511.2674""","=""3s2.3p4.(1D).3d""","=""2D""","=""5/2""","=""3s2.3p4.(3P).5p""","=""2D*""","=""5/2""",,"=""""","=""L11520""",
Ar,2,"=""550.1480""","=""0.0008""","=""550.14994""","=""0.00003""","=""2l""","=""""",,"=""172335.5985""","=""190507.4128""","=""3s2.3p4.(1D).3d""","=""2D""","=""5/2""","=""3s2.3p4.(3P).5p""","=""2P*""","=""3/2""",,"=""""","=""L14821""",
Ar,3,"=""550.22""","=""0.05""","=""550.17130""","=""0.00013""","=""""","=""""",,"=""207233.003""","=""225404.1120""","=""3s2.3p3.(2P*).4s""","=""3P*""","=""2""","=""3s2.3p3.(2D*).4p""","=""3D""","=""3""",,"=""""","=""L16082""",
Ar,2,"=""550.3256""","=""0.0008""","=""550.32671""","=""0.00003""","=""3""","=""""",,"=""190507.4128""","=""208673.3904""","=""3s2.3p4.(3P).5p""","=""2P*""","=""3/2""","=""3s2.3p4.(3P).6d""","=""4F""","=""5/2""",,"=""""","=""L14821""",
Ar,2,"=""550.413""","=""0.0008""","=""550.412582""","=""0.000012""","=""0""","=""""",,"=""183986.0137""","=""202149.1571""","=""3s2.3p4.(3P).4d""","=""4D""","=""3/2""","=""3s2.3p4.(3P).6p""","=""4P*""","=""5/2""",,"=""""","=""L14821""",
Ar,2,"=""550.445""","=""0.0008""","=""550.44351""","=""0.00003""","=""0""","=""""",,"=""190511.2674""","=""208673.3904""","=""3s2.3p4.(3P).5p""","=""2D*""","=""5/2""","=""3s2.3p4.(3P).6d""","=""4F""","=""5/2""",,"=""""","=""L14821""",
Ar,2,"=""550.4917""","=""0.0008""","=""550.492048""","=""0.000015""","=""3""","=""""",,"=""184093.1337""","=""202253.6552""","=""3s2.3p4.(1D).3d""","=""2S""","=""1/2""","=""3s2.3p4.(3P).6p""","=""4P*""","=""3/2""",,"=""""","=""L14821""",
Ar,1,"=""550.6113""","=""""","=""550.61121""","=""""","=""5""","=""3.6e+05""",D+,"=""105617.2700""","=""123773.8614""","=""3s2.3p5.(2P*<3/2>).4p""","=""2[5/2]""","=""2""","=""3s2.3p5.(2P*<3/2>).6d""","=""2[7/2]*""","=""3""",,"=""T1218n""","=""L2634""",
Ar,2,"=""550.7762""","=""0.0002""","=""550.77641""","=""0.00006""","=""6""","=""""",,"=""191974.5800""","=""210125.7255""","=""3s2.3p4.(1S).4p""","=""2P*""","=""3/2""","=""3s2.3p4.(3P).6d""","=""2D""","=""5/2""",,"=""""","=""L11520""",
Ar,2,"=""551.3303""","=""0.0008""","=""551.33050""","=""0.00003""","=""1""","=""""",,"=""190196.2066""","=""208329.1101""","=""3s2.3p4.(3P).5p""","=""2P*""","=""1/2""","=""3s2.3p4.(3P).7s""","=""4P""","=""1/2""",,"=""""","=""L14821""",
Ar,2,"=""551.6668""","=""0.0008""","=""551.668386""","=""0.000012""","=""2""","=""""",,"=""186816.0496""","=""204937.8473""","=""3s2.3p4.(3P).4d""","=""2F""","=""7/2""","=""3s2.3p4.(3P<2>).5f""","=""2[4]*""","=""9/2""",,"=""""","=""L14821""",
Ar,2,"=""551.9337""","=""0.0008""","=""551.93427""","=""0.00005""","=""4""","=""""",,"=""172829.6539""","=""190942.7220""","=""3s2.3p4.(1D).3d""","=""2D""","=""3/2""","=""3s2.3p4.(3P).5p""","=""2S*""","=""1/2""",,"=""""","=""L14821""",
Ar,2,"=""552.174""","=""0.0008""","=""552.176121""","=""0.000013""","=""1""","=""""",,"=""186891.0393""","=""204996.1739""","=""3s2.3p4.(3P).4d""","=""4P""","=""5/2""","=""3s2.3p4.(3P<2>).5f""","=""2[3]*""","=""7/2""",,"=""""","=""L14821""",
Ar,2,"=""552.3690""","=""0.0008""","=""552.370621""","=""0.000022""","=""2""","=""""",,"=""191169.5946""","=""209268.3541""","=""3s2.3p4.(3P).5p""","=""4S*""","=""3/2""","=""3s2.3p4.(3P).6d""","=""4F""","=""3/2""",,"=""""","=""L14821""",
Ar,1,"=""""","=""""","=""552.49567""","=""""","=""""","=""1.7e+05""",D+,"=""105462.7596""","=""123557.4227""","=""3s2.3p5.(2P*<3/2>).4p""","=""2[5/2]""","=""3""","=""3s2.3p5.(2P*<1/2>).5d""","=""2[5/2]*""","=""3""",,"=""T1218n""","=""""",
Ar,2,"=""552.5856""","=""0.0008""","=""552.58839""","=""0.00004""","=""2""","=""""",,"=""189654.8487""","=""207746.4757""","=""3s2.3p4.(3P).5p""","=""4D*""","=""5/2""","=""3s2.3p4.(3P).6d""","=""4D""","=""5/2""",,"=""""","=""L14821""",
Ar,1,"=""""","=""""","=""552.8961""","=""""","=""""","=""1.2e+05""",E,"=""107054.2720""","=""125135.831""","=""3s2.3p5.(2P*<3/2>).4p""","=""2[1/2]""","=""0""","=""3s2.3p5.(2P*<3/2>).8d""","=""2[1/2]*""","=""1""",,"=""T1164n""","=""""",
Ar,10,"=""553.3265""","=""0.0002""","=""553.32650""","=""0.00018""","=""""","=""1.06e+02""",B,"=""0.000""","=""18067.494""","=""2s2.2p5""","=""2P*""","=""3/2""","=""2s2.2p5""","=""2P*""","=""1/2""",M1,"=""T335""","=""L11956""",
Ar,1,"=""""","=""""","=""553.4479""","=""""","=""""","=""2.7e+05""",D+,"=""107289.7001""","=""125353.23""","=""3s2.3p5.(2P*<1/2>).4p""","=""2[3/2]""","=""2""","=""3s2.3p5.(2P*<1/2>).8s""","=""2[1/2]*""","=""1""",,"=""T1218n""","=""""",
Ar,2,"=""553.496""","=""0.0008""","=""553.498992""","=""0.000019""","=""0h""","=""""",,"=""184191.7917""","=""202253.6552""","=""3s2.3p4.(3P).4d""","=""4D""","=""1/2""","=""3s2.3p4.(3P).6p""","=""4P*""","=""3/2""",,"=""""","=""L14821""",
Ar,2,"=""553.551""","=""0.0008""","=""553.553408""","=""0.000013""","=""1h""","=""""",,"=""186891.0393""","=""204951.1273""","=""3s2.3p4.(3P).4d""","=""4P""","=""5/2""","=""3s2.3p4.(3P<2>).5f""","=""2[4]*""","=""7/2""",,"=""""","=""L14821""",
Ar,2,"=""553.7290""","=""0.0008""","=""553.729354""","=""0.000013""","=""5""","=""""",,"=""189040.9351""","=""207095.2846""","=""3s2.3p4.(3P).5p""","=""4P*""","=""3/2""","=""3s2.3p4.(3P).7s""","=""4P""","=""5/2""",,"=""""","=""L14821""",
Ar,1,"=""""","=""""","=""554.08596""","=""""","=""""","=""4.1e+04""",D,"=""105462.7596""","=""123505.4896""","=""3s2.3p5.(2P*<3/2>).4p""","=""2[5/2]""","=""3""","=""3s2.3p5.(2P*<1/2>).5d""","=""2[5/2]*""","=""2""",,"=""T1218n""","=""""",
Ar,2,"=""554.3880""","=""0.0008""","=""554.390429""","=""0.000022""","=""1""","=""""",,"=""190733.0156""","=""208765.8367""","=""3s2.3p4.(3P).5p""","=""4D*""","=""1/2""","=""3s2.3p4.(3P).7s""","=""2P""","=""1/2""",,"=""""","=""L14821""",
Ar,2,"=""554.50492""","=""0.00019""","=""554.505090""","=""0.000025""","=""7""","=""""",,"=""191169.5946""","=""209198.6869""","=""3s2.3p4.(3P).5p""","=""4S*""","=""3/2""","=""3s2.3p4.(3P).6d""","=""4P""","=""5/2""",,"=""""","=""L11520""",
Ar,1,"=""""","=""""","=""555.2741""","=""""","=""""","=""7.9e+04""",E,"=""107131.7086""","=""125135.831""","=""3s2.3p5.(2P*<1/2>).4p""","=""2[3/2]""","=""1""","=""3s2.3p5.(2P*<3/2>).8d""","=""2[1/2]*""","=""1""",,"=""T1164n""","=""""",
Ar,2,"=""555.40227""","=""0.00005""","=""555.40221""","=""0.00003""","=""29""","=""""",,"=""190592.2306""","=""208592.2016""","=""3s2.3p4.(3P).4d""","=""2P""","=""3/2""","=""3s2.3p4.(1D<2>).4f""","=""2[1]*""","=""3/2""",,"=""""","=""L11520""",
Ar,2,"=""555.4146""","=""0.0002""","=""555.41448""","=""0.00004""","=""9""","=""""",,"=""190592.2306""","=""208591.8039""","=""3s2.3p4.(3P).4d""","=""2P""","=""3/2""","=""3s2.3p4.(1D<2>).4f""","=""2[1]*""","=""1/2""",,"=""""","=""L11520""",
Ar,1,"=""555.8702""","=""""","=""555.87018""","=""""","=""25""","=""1.42e+06""",C,"=""104102.0990""","=""122086.9164""","=""3s2.3p5.(2P*<3/2>).4p""","=""2[1/2]""","=""1""","=""3s2.3p5.(2P*<3/2>).5d""","=""2[3/2]*""","=""2""",,"=""T1218n""","=""L2634""",
Ar,1,"=""""","=""""","=""555.9676""","=""""","=""""","=""2.2e+05""",D+,"=""107131.7086""","=""125113.376""","=""3s2.3p5.(2P*<1/2>).4p""","=""2[3/2]""","=""1""","=""3s2.3p5.(2P*<1/2>).6d""","=""2[5/2]*""","=""2""",,"=""T1218n""","=""""",
Ar,2,"=""556.3196""","=""0.0008""","=""556.3223""","=""0.0004""","=""2""","=""""",,"=""192556.9179""","=""210527.119""","=""3s2.3p4.(3P).4d""","=""2D""","=""5/2""","=""3s2.3p4.(3P<2>).6f""","=""2[2]*""","=""5/2""",,"=""""","=""L14821""",
Ar,1,"=""557.2541""","=""""","=""557.25412""","=""""","=""10""","=""6.6e+05""",C,"=""105617.2700""","=""123557.4227""","=""3s2.3p5.(2P*<3/2>).4p""","=""2[5/2]""","=""2""","=""3s2.3p5.(2P*<1/2>).5d""","=""2[5/2]*""","=""3""",,"=""T1218n""","=""L2634""",
Ar,1,"=""""","=""""","=""557.4228""","=""""","=""""","=""4.6e+04""",D,"=""107131.7086""","=""125066.432""","=""3s2.3p5.(2P*<1/2>).4p""","=""2[3/2]""","=""1""","=""3s2.3p5.(2P*<1/2>).6d""","=""2[3/2]*""","=""2""",,"=""T1218n""","=""""",
Ar,2,"=""557.76857""","=""0.00013""","=""557.76854""","=""0.00005""","=""9""","=""""",,"=""174409.8916""","=""192333.4986""","=""3s2.3p4.(1D).3d""","=""2P""","=""3/2""","=""3s2.3p4.(1S).4p""","=""2P*""","=""1/2""",,"=""""","=""L11520""",
Ar,2,"=""557.8521""","=""0.0004""","=""557.85266""","=""0.00012""","=""4""","=""""",,"=""192556.9179""","=""210477.822""","=""3s2.3p4.(3P).4d""","=""2D""","=""5/2""","=""3s2.3p4.(3P<2>).6f""","=""2[3]*""","=""7/2""",,"=""""","=""L11520""",
Ar,1,"=""""","=""""","=""558.18714""","=""""","=""""","=""5.6e+04""",D+,"=""105462.7596""","=""123372.9253""","=""3s2.3p5.(2P*<3/2>).4p""","=""2[5/2]""","=""3""","=""3s2.3p5.(2P*<1/2>).5d""","=""2[3/2]*""","=""2""",,"=""T1218n""","=""""",
Ar,2,"=""558.261""","=""0.002""","=""558.26116""","=""0.00012""","=""1""","=""""",,"=""192556.9179""","=""210464.709""","=""3s2.3p4.(3P).4d""","=""2D""","=""5/2""","=""3s2.3p4.(3P<2>).6f""","=""2[3]*""","=""5/2""",,"=""""","=""L14821""",
Ar,2,"=""558.810""","=""0.0008""","=""558.81021""","=""0.00007""","=""0.5""","=""""",,"=""192556.9179""","=""210447.1140""","=""3s2.3p4.(3P).4d""","=""2D""","=""5/2""","=""3s2.3p4.(3P<2>).6f""","=""2[4]*""","=""7/2""",,"=""""","=""L14821""",
Ar,1,"=""""","=""""","=""558.87196""","=""""","=""""","=""1.5e+05""",D+,"=""105617.2700""","=""123505.4896""","=""3s2.3p5.(2P*<3/2>).4p""","=""2[5/2]""","=""2""","=""3s2.3p5.(2P*<1/2>).5d""","=""2[5/2]*""","=""2""",,"=""T1218n""","=""""",
Ar,2,"=""559.2200""","=""0.0008""","=""559.221055""","=""0.000013""","=""1""","=""""",,"=""185624.8282""","=""203501.8810""","=""3s2.3p4.(3P).4d""","=""4F""","=""7/2""","=""3s2.3p4.(3P).6p""","=""2D*""","=""5/2""",,"=""""","=""L14821""",
Ar,2,"=""559.352""","=""0.002""","=""559.3525""","=""0.0009""","=""1""","=""""",,"=""192712.058""","=""210584.91""","=""3s2.3p4.(3P).4d""","=""2D""","=""3/2""","=""3s2.3p4.(3P<2>).6f""","=""2[1]*""","=""3/2""",,"=""""","=""L14821""",
Ar,1,"=""""","=""""","=""559.7476""","=""""","=""""","=""4.2e+05""",E,"=""107289.7001""","=""125149.937""","=""3s2.3p5.(2P*<1/2>).4p""","=""2[3/2]""","=""2""","=""3s2.3p5.(2P*<1/2>).6d""","=""2[5/2]*""","=""3""",,"=""T1164n""","=""""",
Ar,2,"=""560.262""","=""0.002""","=""560.265158""","=""0.000010""","=""0.5""","=""""",,"=""186074.4375""","=""203918.1752""","=""3s2.3p4.(3P).4d""","=""4F""","=""5/2""","=""3s2.3p4.(3P).6p""","=""4S*""","=""3/2""",,"=""""","=""L14821""",
Ar,2,"=""560.39355""","=""0.00006""","=""560.393621""","=""0.000013""","=""3""","=""""",,"=""189437.7396""","=""207277.3869""","=""3s2.3p4.(3P).5p""","=""4P*""","=""1/2""","=""3s2.3p4.(3P).7s""","=""4P""","=""3/2""",,"=""""","=""L2634""",
Ar,1,"=""560.6733""","=""""","=""560.67329""","=""""","=""35""","=""2.20e+06""",C,"=""104102.0990""","=""121932.8477""","=""3s2.3p5.(2P*<3/2>).4p""","=""2[1/2]""","=""1""","=""3s2.3p5.(2P*<3/2>).5d""","=""2[1/2]*""","=""1""",,"=""T1218n""","=""L2634""",
Ar,2,"=""560.95799""","=""0.00006""","=""560.958055""","=""0.000022""","=""5""","=""""",,"=""190507.4128""","=""208329.1101""","=""3s2.3p4.(3P).5p""","=""2P*""","=""3/2""","=""3s2.3p4.(3P).7s""","=""4P""","=""1/2""",,"=""""","=""L2634""",
Ar,2,"=""561.1667""","=""0.0008""","=""561.1670""","=""0.0004""","=""2""","=""""",,"=""192712.058""","=""210527.119""","=""3s2.3p4.(3P).4d""","=""2D""","=""3/2""","=""3s2.3p4.(3P<2>).6f""","=""2[2]*""","=""5/2""",,"=""""","=""L14821""",
Ar,2,"=""561.726""","=""0.0008""","=""561.7261""","=""0.0006""","=""0""","=""""",,"=""196076.4715""","=""213873.80""","=""3s2.3p4.(3P<1>).4f""","=""2[2]*""","=""3/2""","=""3s2.3p4.(3P<2>).7g""","=""2[3]""","=""5/2""",,"=""""","=""L14821""",
Ar,1,"=""""","=""""","=""561.8014""","=""""","=""""","=""2.1e+05""",D,"=""106087.2598""","=""123882.203""","=""3s2.3p5.(2P*<3/2>).4p""","=""2[3/2]""","=""1""","=""3s2.3p5.(2P*<1/2>).7s""","=""2[1/2]*""","=""1""",,"=""T1218n""","=""""",
Ar,1,"=""""","=""""","=""562.0921""","=""""","=""""","=""3.6e+05""",D,"=""106087.2598""","=""123873.000""","=""3s2.3p5.(2P*<3/2>).4p""","=""2[3/2]""","=""1""","=""3s2.3p5.(2P*<1/2>).7s""","=""2[1/2]*""","=""0""",,"=""T1218n""","=""""",
Ar,2,"=""562.151""","=""0.0008""","=""562.1515""","=""0.0006""","=""0*""","=""""",,"=""196089.9385""","=""213873.80""","=""3s2.3p4.(3P<1>).4f""","=""2[2]*""","=""5/2""","=""3s2.3p4.(3P<2>).7g""","=""2[3]""","=""5/2""",,"=""""","=""L14821""",
Ar,2,"=""562.151""","=""0.0008""","=""562.1554""","=""0.0004""","=""0*""","=""""",,"=""196089.9385""","=""213873.677""","=""3s2.3p4.(3P<1>).4f""","=""2[2]*""","=""5/2""","=""3s2.3p4.(3P<2>).7g""","=""2[3]""","=""7/2""",,"=""""","=""L14821""",
Ar,1,"=""""","=""""","=""562.3770""","=""""","=""""","=""1.4e+05""",D,"=""107289.7001""","=""125066.432""","=""3s2.3p5.(2P*<1/2>).4p""","=""2[3/2]""","=""2""","=""3s2.3p5.(2P*<1/2>).6d""","=""2[3/2]*""","=""2""",,"=""T1218n""","=""""",
Ar,2,"=""562.4005""","=""0.0008""","=""562.40210""","=""0.00003""","=""1""","=""""",,"=""172816.2926""","=""190592.2306""","=""3s2.3p4.(1D).4p""","=""2P*""","=""1/2""","=""3s2.3p4.(3P).4d""","=""2P""","=""3/2""",,"=""""","=""L14821""",
Ar,2,"=""562.56764""","=""0.00013""","=""562.56783""","=""0.00003""","=""10""","=""""",,"=""172335.5985""","=""190106.3000""","=""3s2.3p4.(1D).3d""","=""2D""","=""5/2""","=""3s2.3p4.(3P).5p""","=""4D*""","=""3/2""",,"=""""","=""L11520""",
Ar,2,"=""563.11568""","=""0.00011""","=""563.115698""","=""0.000019""","=""8""","=""""",,"=""191012.4246""","=""208765.8367""","=""3s2.3p4.(3P).5p""","=""2D*""","=""3/2""","=""3s2.3p4.(3P).7s""","=""2P""","=""1/2""",,"=""""","=""L11520""",
Ar,2,"=""563.1381""","=""0.0008""","=""563.13984""","=""0.00014""","=""1""","=""""",,"=""192712.058""","=""210464.709""","=""3s2.3p4.(3P).4d""","=""2D""","=""3/2""","=""3s2.3p4.(3P<2>).6f""","=""2[3]*""","=""5/2""",,"=""""","=""L14821""",
Ar,2,"=""563.4661""","=""0.0008""","=""563.465684""","=""0.000013""","=""2""","=""""",,"=""190507.4128""","=""208249.7978""","=""3s2.3p4.(3P).5p""","=""2P*""","=""3/2""","=""3s2.3p4.(3P).7s""","=""2P""","=""3/2""",,"=""""","=""L14821""",
Ar,1,"=""""","=""""","=""563.5576""","=""""","=""""","=""9.6e+04""",D,"=""106087.2598""","=""123826.750""","=""3s2.3p5.(2P*<3/2>).4p""","=""2[3/2]""","=""1""","=""3s2.3p5.(2P*<3/2>).6d""","=""2[5/2]*""","=""2""",,"=""T1164n""","=""""",
Ar,2,"=""563.58812""","=""0.00006""","=""563.588127""","=""0.000013""","=""13""","=""""",,"=""190511.2674""","=""208249.7978""","=""3s2.3p4.(3P).5p""","=""2D*""","=""5/2""","=""3s2.3p4.(3P).7s""","=""2P""","=""3/2""",,"=""""","=""L11520""",
Ar,1,"=""""","=""""","=""563.734""","=""""","=""""","=""9.1e+04""",D,"=""107054.2720""","=""124788.22""","=""3s2.3p5.(2P*<3/2>).4p""","=""2[1/2]""","=""0""","=""3s2.3p5.(2P*<3/2>).7d""","=""2[3/2]*""","=""1""",,"=""T1164n""","=""""",
Ar,1,"=""""","=""""","=""563.912""","=""""","=""""","=""2.1e+05""",D,"=""107054.2720""","=""124782.61""","=""3s2.3p5.(2P*<3/2>).4p""","=""2[1/2]""","=""0""","=""3s2.3p5.(2P*<3/2>).9s""","=""2[3/2]*""","=""1""",,"=""T1164n""","=""""",
Ar,1,"=""""","=""""","=""564.1376""","=""""","=""""","=""8.7e+04""",D,"=""106087.2598""","=""123808.513""","=""3s2.3p5.(2P*<3/2>).4p""","=""2[3/2]""","=""1""","=""3s2.3p5.(2P*<3/2>).6d""","=""2[3/2]*""","=""2""",,"=""T1164n""","=""""",
Ar,2,"=""564.2413""","=""0.0008""","=""564.242831""","=""0.000016""","=""2""","=""2.e+05""",C,"=""143371.4364""","=""161089.3846""","=""3s2.3p4.(3P).3d""","=""4F""","=""3/2""","=""3s2.3p4.(3P).4p""","=""2S*""","=""1/2""",,"=""T926""","=""L14821""",
Ar,1,"=""""","=""""","=""564.8687""","=""""","=""""","=""1.2e+05""",D,"=""106237.5518""","=""123935.870""","=""3s2.3p5.(2P*<3/2>).4p""","=""2[3/2]""","=""2""","=""3s2.3p5.(2P*<3/2>).8s""","=""2[3/2]*""","=""1""",,"=""T1218n""","=""""",
Ar,1,"=""565.0704""","=""""","=""565.07040""","=""""","=""20""","=""3.20e+06""",C,"=""104102.0990""","=""121794.0988""","=""3s2.3p5.(2P*<3/2>).4p""","=""2[1/2]""","=""1""","=""3s2.3p5.(2P*<3/2>).5d""","=""2[1/2]*""","=""0""",,"=""T1218n""","=""L2634""",
Ar,2,"=""565.368""","=""0.0008""","=""565.36739""","=""0.00003""","=""0""","=""""",,"=""191012.4246""","=""208695.1309""","=""3s2.3p4.(3P).5p""","=""2D*""","=""3/2""","=""3s2.3p4.(3P).6d""","=""4P""","=""3/2""",,"=""""","=""L14821""",
Ar,2,"=""565.4020""","=""0.0008""","=""565.40233""","=""0.00005""","=""2""","=""""",,"=""172829.6539""","=""190511.2674""","=""3s2.3p4.(1D).3d""","=""2D""","=""3/2""","=""3s2.3p4.(3P).5p""","=""2D*""","=""5/2""",,"=""""","=""L14821""",
Ar,2,"=""565.44555""","=""0.00014""","=""565.445722""","=""0.000013""","=""8""","=""""",,"=""189415.0280""","=""207095.2846""","=""3s2.3p4.(3P).5p""","=""4D*""","=""7/2""","=""3s2.3p4.(3P).7s""","=""4P""","=""5/2""",,"=""""","=""L11520""",
Ar,2,"=""565.5236""","=""0.0008""","=""565.52562""","=""0.00005""","=""2""","=""""",,"=""172829.6539""","=""190507.4128""","=""3s2.3p4.(1D).3d""","=""2D""","=""3/2""","=""3s2.3p4.(3P).5p""","=""2P*""","=""3/2""",,"=""""","=""L14821""",
Ar,1,"=""""","=""""","=""565.9127""","=""""","=""""","=""2.6e+05""",D,"=""106237.5518""","=""123903.220""","=""3s2.3p5.(2P*<3/2>).4p""","=""2[3/2]""","=""2""","=""3s2.3p5.(2P*<3/2>).8s""","=""2[3/2]*""","=""2""",,"=""T1218n""","=""""",
Ar,2,"=""566.729""","=""0.0008""","=""566.73051""","=""0.00004""","=""0""","=""""",,"=""190106.3000""","=""207746.4757""","=""3s2.3p4.(3P).5p""","=""4D*""","=""3/2""","=""3s2.3p4.(3P).6d""","=""4D""","=""5/2""",,"=""""","=""L14821""",
Ar,2,"=""566.996""","=""0.0008""","=""566.999541""","=""0.000016""","=""0""","=""""",,"=""190511.2674""","=""208143.0731""","=""3s2.3p4.(3P).5p""","=""2D*""","=""5/2""","=""3s2.3p4.(3P).6d""","=""4F""","=""7/2""",,"=""""","=""L14821""",
Ar,2,"=""567.29766""","=""0.00019""","=""567.297723""","=""0.000013""","=""6""","=""""",,"=""189654.8487""","=""207277.3869""","=""3s2.3p4.(3P).5p""","=""4D*""","=""5/2""","=""3s2.3p4.(3P).7s""","=""4P""","=""3/2""",,"=""""","=""L11520""",
Ar,2,"=""568.1480""","=""0.0008""","=""568.145510""","=""0.000020""","=""2*""","=""""",,"=""191169.5946""","=""208765.8367""","=""3s2.3p4.(3P).5p""","=""4S*""","=""3/2""","=""3s2.3p4.(3P).7s""","=""2P""","=""1/2""",,"=""""","=""L14821""",
Ar,2,"=""568.1480""","=""0.0008""","=""568.15028""","=""0.00003""","=""2*""","=""""",,"=""190733.0156""","=""208329.1101""","=""3s2.3p4.(3P).5p""","=""4D*""","=""1/2""","=""3s2.3p4.(3P).7s""","=""4P""","=""1/2""",,"=""""","=""L14821""",
Ar,1,"=""""","=""""","=""568.1899""","=""""","=""""","=""2.0e+05""",D,"=""106237.5518""","=""123832.419""","=""3s2.3p5.(2P*<3/2>).4p""","=""2[3/2]""","=""2""","=""3s2.3p5.(2P*<3/2>).6d""","=""2[5/2]*""","=""3""",,"=""T1218n""","=""""",
Ar,1,"=""""","=""""","=""568.3730""","=""""","=""""","=""2.0e+05""",D,"=""106237.5518""","=""123826.750""","=""3s2.3p5.(2P*<3/2>).4p""","=""2[3/2]""","=""2""","=""3s2.3p5.(2P*<3/2>).6d""","=""2[5/2]*""","=""2""",,"=""T1218n""","=""""",
Ar,2,"=""569.16630""","=""0.00016""","=""569.16615""","=""0.00005""","=""11""","=""""",,"=""174409.8916""","=""191974.5800""","=""3s2.3p4.(1D).3d""","=""2P""","=""3/2""","=""3s2.3p4.(1S).4p""","=""2P*""","=""3/2""",,"=""""","=""L11520""",
Ar,2,"=""569.330""","=""0.0008""","=""569.331570""","=""0.000013""","=""0""","=""""",,"=""186171.3330""","=""203730.9181""","=""3s2.3p4.(3P).4d""","=""4P""","=""1/2""","=""3s2.3p4.(3P).6p""","=""2P*""","=""3/2""",,"=""""","=""L14821""",
Ar,1,"=""""","=""""","=""570.08724""","=""""","=""""","=""5.9e+05""",D,"=""106237.5518""","=""123773.8614""","=""3s2.3p5.(2P*<3/2>).4p""","=""2[3/2]""","=""2""","=""3s2.3p5.(2P*<3/2>).6d""","=""2[7/2]*""","=""3""",,"=""T1218n""","=""""",
Ar,2,"=""570.43766""","=""0.00007""","=""570.43768""","=""0.00003""","=""5""","=""""",,"=""191169.5946""","=""208695.1309""","=""3s2.3p4.(3P).5p""","=""4S*""","=""3/2""","=""3s2.3p4.(3P).6d""","=""4P""","=""3/2""",,"=""""","=""L2634""",
Ar,2,"=""570.7215""","=""0.0008""","=""570.722766""","=""0.000017""","=""1""","=""""",,"=""190733.0156""","=""208249.7978""","=""3s2.3p4.(3P).5p""","=""4D*""","=""1/2""","=""3s2.3p4.(3P).7s""","=""2P""","=""3/2""",,"=""""","=""L14821""",
Ar,2,"=""570.8616""","=""0.0008""","=""570.86269""","=""0.00006""","=""1""","=""""",,"=""174821.0098""","=""192333.4986""","=""3s2.3p4.(1D).3d""","=""2P""","=""1/2""","=""3s2.3p4.(1S).4p""","=""2P*""","=""1/2""",,"=""""","=""L14821""",
Ar,2,"=""571.1453""","=""0.0008""","=""571.14620""","=""0.00003""","=""1""","=""""",,"=""191169.5946""","=""208673.3904""","=""3s2.3p4.(3P).5p""","=""4S*""","=""3/2""","=""3s2.3p4.(3P).6d""","=""4F""","=""5/2""",,"=""""","=""L14821""",
Ar,1,"=""""","=""""","=""571.2504""","=""""","=""""","=""8.7e+04""",D,"=""107054.2720""","=""124554.874""","=""3s2.3p5.(2P*<3/2>).4p""","=""2[1/2]""","=""0""","=""3s2.3p5.(2P*<3/2>).7d""","=""2[1/2]*""","=""1""",,"=""T1164n""","=""""",
Ar,2,"=""571.6029""","=""0.0008""","=""571.603421""","=""0.000020""","=""1""","=""""",,"=""187589.3383""","=""205079.1331""","=""3s2.3p4.(3P).4d""","=""2F""","=""5/2""","=""3s2.3p4.(3P<2>).5f""","=""2[2]*""","=""5/2""",,"=""""","=""L14821""",
Ar,2,"=""572.4325""","=""0.0008""","=""572.432524""","=""0.000013""","=""5""","=""4.e+05""",C,"=""138243.6444""","=""155708.1075""","=""3s2.3p4.(3P).4s""","=""2P""","=""3/2""","=""3s2.3p4.(3P).4p""","=""4P*""","=""1/2""",,"=""T926""","=""L14821""",
Ar,2,"=""573.2210""","=""0.0008""","=""573.221156""","=""0.000013""","=""1""","=""""",,"=""189654.8487""","=""207095.2846""","=""3s2.3p4.(3P).5p""","=""4D*""","=""5/2""","=""3s2.3p4.(3P).7s""","=""4P""","=""5/2""",,"=""""","=""L14821""",
Ar,2,"=""573.2694""","=""0.0008""","=""573.27038""","=""0.00004""","=""1""","=""""",,"=""191974.5800""","=""209413.5184""","=""3s2.3p4.(1S).4p""","=""2P*""","=""3/2""","=""3s2.3p4.(3P).6d""","=""2D""","=""3/2""",,"=""""","=""L14821""",
Ar,1,"=""573.9520""","=""""","=""573.95195""","=""""","=""10""","=""8.7e+05""",D,"=""106087.2598""","=""123505.4896""","=""3s2.3p5.(2P*<3/2>).4p""","=""2[3/2]""","=""1""","=""3s2.3p5.(2P*<1/2>).5d""","=""2[5/2]*""","=""2""",,"=""T1218n""","=""L2634""",
Ar,3,"=""574.3147""","=""0.0020""","=""574.31441""","=""0.00019""","=""1""","=""""",,"=""214347.599""","=""231754.836""","=""3s2.3p3.(2D*).3d""","=""3P*""","=""1""","=""3s2.3p3.(2D*).4p""","=""3P""","=""0""",,"=""""","=""L9366""",
Ar,2,"=""574.32756""","=""0.00007""","=""574.327652""","=""0.000014""","=""4""","=""""",,"=""187589.3383""","=""204996.1739""","=""3s2.3p4.(3P).4d""","=""2F""","=""5/2""","=""3s2.3p4.(3P<2>).5f""","=""2[3]*""","=""7/2""",,"=""""","=""L2634""",
Ar,2,"=""574.939""","=""0.0008""","=""574.939612""","=""0.000014""","=""0""","=""""",,"=""187589.3383""","=""204977.6464""","=""3s2.3p4.(3P).4d""","=""2F""","=""5/2""","=""3s2.3p4.(3P<2>).5f""","=""2[3]*""","=""5/2""",,"=""""","=""L14821""",
Ar,2,"=""575.354""","=""0.0008""","=""575.35512""","=""0.00005""","=""1""","=""""",,"=""194822.1833""","=""212197.9340""","=""3s2.3p4.(3P<2>).4f""","=""2[4]*""","=""7/2""","=""3s2.3p4.(3P<0>).6g""","=""2[4]""","=""9/2""",,"=""""","=""L14821""",
Ar,2,"=""575.6600""","=""0.0008""","=""575.65986""","=""0.00005""","=""3""","=""""",,"=""172829.6539""","=""190196.2066""","=""3s2.3p4.(1D).3d""","=""2D""","=""3/2""","=""3s2.3p4.(3P).5p""","=""2P*""","=""1/2""",,"=""""","=""L14821""",
Ar,2,"=""576.6542""","=""0.0008""","=""576.64977""","=""0.00007""","=""2*""","=""""",,"=""194861.3529""","=""212198.0935""","=""3s2.3p4.(3P<2>).4f""","=""2[3]*""","=""5/2""","=""3s2.3p4.(3P<0>).6g""","=""2[4]""","=""7/2""",,"=""""","=""L14821""",
Ar,2,"=""576.6542""","=""0.0008""","=""576.655457""","=""0.000017""","=""2*""","=""""",,"=""185093.3298""","=""202429.8993""","=""3s2.3p4.(3P).4d""","=""4F""","=""9/2""","=""3s2.3p4.(3P).6p""","=""4D*""","=""7/2""",,"=""""","=""L14821""",
Ar,1,"=""""","=""""","=""577.21143""","=""""","=""""","=""2.0e+05""",D,"=""106237.5518""","=""123557.4227""","=""3s2.3p5.(2P*<3/2>).4p""","=""2[3/2]""","=""2""","=""3s2.3p5.(2P*<1/2>).5d""","=""2[5/2]*""","=""3""",,"=""T1218n""","=""""",
Ar,2,"=""577.23230""","=""0.00019""","=""577.23212""","=""0.00003""","=""9""","=""""",,"=""172335.5985""","=""189654.8487""","=""3s2.3p4.(1D).3d""","=""2D""","=""5/2""","=""3s2.3p4.(3P).5p""","=""4D*""","=""5/2""",,"=""""","=""L11520""",
Ar,2,"=""577.318""","=""0.0008""","=""577.317612""","=""0.000024""","=""0h""","=""""",,"=""191012.4246""","=""208329.1101""","=""3s2.3p4.(3P).5p""","=""2D*""","=""3/2""","=""3s2.3p4.(3P).7s""","=""4P""","=""1/2""",,"=""""","=""L14821""",
Ar,1,"=""""","=""""","=""577.4008""","=""""","=""""","=""1.1e+05""",D,"=""107289.7001""","=""124603.890""","=""3s2.3p5.(2P*<1/2>).4p""","=""2[3/2]""","=""2""","=""3s2.3p5.(2P*<3/2>).7d""","=""2[3/2]*""","=""2""",,"=""T1218n""","=""""",
Ar,2,"=""577.4697""","=""0.0008""","=""577.47013""","=""0.00005""","=""1""","=""""",,"=""191169.5946""","=""208481.7065""","=""3s2.3p4.(3P).5p""","=""4S*""","=""3/2""","=""3s2.3p4.(3P).6d""","=""4P""","=""1/2""",,"=""""","=""L14821""",
Ar,2,"=""577.6374""","=""0.0008""","=""577.638169""","=""0.000014""","=""2""","=""""",,"=""190942.7220""","=""208249.7978""","=""3s2.3p4.(3P).5p""","=""2S*""","=""1/2""","=""3s2.3p4.(3P).7s""","=""2P""","=""3/2""",,"=""""","=""L14821""",
Ar,2,"=""578.1268""","=""0.0008""","=""578.12718""","=""0.00003""","=""2""","=""""",,"=""155043.1619""","=""172335.5985""","=""3s2.3p4.(3P).4p""","=""4P*""","=""5/2""","=""3s2.3p4.(1D).3d""","=""2D""","=""5/2""",,"=""""","=""L14821""",
Ar,2,"=""578.235""","=""0.002""","=""578.23472""","=""0.00007""","=""0.5""","=""""",,"=""194800.2662""","=""212089.487""","=""3s2.3p4.(3P<2>).4f""","=""2[4]*""","=""9/2""","=""3s2.3p4.(3P).7d""","=""4D""","=""7/2""",,"=""""","=""L14821""",
Ar,1,"=""""","=""""","=""578.35365""","=""""","=""""","=""8.1e+04""",D,"=""106087.2598""","=""123372.9253""","=""3s2.3p5.(2P*<3/2>).4p""","=""2[3/2]""","=""1""","=""3s2.3p5.(2P*<1/2>).5d""","=""2[3/2]*""","=""2""",,"=""T1218n""","=""""",
Ar,2,"=""578.6561""","=""0.0008""","=""578.65558""","=""0.00005""","=""4bl""","=""""",,"=""172829.6539""","=""190106.3000""","=""3s2.3p4.(1D).3d""","=""2D""","=""3/2""","=""3s2.3p4.(3P).5p""","=""4D*""","=""3/2""",,"=""""","=""L11520""",
Ar,2,"=""578.858""","=""0.002""","=""578.858306""","=""0.000010""","=""0""","=""""",,"=""186074.4375""","=""203345.0332""","=""3s2.3p4.(3P).4d""","=""4F""","=""5/2""","=""3s2.3p4.(3P).6p""","=""2D*""","=""3/2""",,"=""""","=""L14821""",
Ar,1,"=""""","=""""","=""578.94741""","=""""","=""""","=""4.6e+04""",D,"=""106237.5518""","=""123505.4896""","=""3s2.3p5.(2P*<3/2>).4p""","=""2[3/2]""","=""2""","=""3s2.3p5.(2P*<1/2>).5d""","=""2[5/2]*""","=""2""",,"=""T1218n""","=""""",
Ar,1,"=""""","=""""","=""579.0401""","=""""","=""""","=""3.4e+04""",D,"=""107289.7001""","=""124554.874""","=""3s2.3p5.(2P*<1/2>).4p""","=""2[3/2]""","=""2""","=""3s2.3p5.(2P*<3/2>).7d""","=""2[1/2]*""","=""1""",,"=""T1218n""","=""""",
Ar,2,"=""579.97401""","=""0.00007""","=""579.973981""","=""0.000014""","=""3""","=""""",,"=""191012.4246""","=""208249.7978""","=""3s2.3p4.(3P).5p""","=""2D*""","=""3/2""","=""3s2.3p4.(3P).7s""","=""2P""","=""3/2""",,"=""""","=""L2634""",
Ar,2,"=""580.046""","=""0.002""","=""580.04683""","=""0.00004""","=""1""","=""""",,"=""190511.2674""","=""207746.4757""","=""3s2.3p4.(3P).5p""","=""2D*""","=""5/2""","=""3s2.3p4.(3P).6d""","=""4D""","=""5/2""",,"=""""","=""L14821""",
Ar,1,"=""""","=""""","=""580.20798""","=""""","=""""","=""4.2e+05""",D,"=""106237.5518""","=""123467.9733""","=""3s2.3p5.(2P*<3/2>).4p""","=""2[3/2]""","=""2""","=""3s2.3p5.(2P*<3/2>).6d""","=""2[1/2]*""","=""1""",,"=""T1218n""","=""""",
Ar,2,"=""580.7596""","=""0.0008""","=""580.76126""","=""0.00010""","=""1""","=""""",,"=""195128.3735""","=""212342.380""","=""3s2.3p4.(3P<2>).4f""","=""2[5]*""","=""9/2""","=""3s2.3p4.(3P).7d""","=""4F""","=""7/2""",,"=""""","=""L14821""",
Ar,2,"=""581.27604""","=""0.00013""","=""581.275940""","=""0.000024""","=""9""","=""""",,"=""173393.4658""","=""190592.2306""","=""3s2.3p4.(1D).4p""","=""2D*""","=""5/2""","=""3s2.3p4.(3P).4d""","=""2P""","=""3/2""",,"=""""","=""L11520""",
Ar,2,"=""581.356""","=""0.002""","=""581.36054""","=""0.00007""","=""0.5""","=""""",,"=""196103.4029""","=""213299.665""","=""3s2.3p4.(3P<1>).4f""","=""2[4]*""","=""9/2""","=""3s2.3p4.(3P).7d""","=""2F""","=""7/2""",,"=""""","=""L14821""",
Ar,2,"=""581.6272""","=""0.0008""","=""581.629122""","=""0.000011""","=""2""","=""""",,"=""170401.0170""","=""187589.3383""","=""3s2.3p4.(1D).4p""","=""2F*""","=""5/2""","=""3s2.3p4.(3P).4d""","=""2F""","=""5/2""",,"=""""","=""L14821""",
Ar,2,"=""582.21291""","=""0.00007""","=""582.212902""","=""0.000014""","=""5""","=""""",,"=""190106.3000""","=""207277.3869""","=""3s2.3p4.(3P).5p""","=""4D*""","=""3/2""","=""3s2.3p4.(3P).7s""","=""4P""","=""3/2""",,"=""""","=""L2634""",
Ar,2,"=""582.60549""","=""0.00007""","=""582.605517""","=""0.000024""","=""3""","=""""",,"=""191169.5946""","=""208329.1101""","=""3s2.3p4.(3P).5p""","=""4S*""","=""3/2""","=""3s2.3p4.(3P).7s""","=""4P""","=""1/2""",,"=""""","=""L2634""",
Ar,2,"=""582.8059""","=""0.0008""","=""582.80745""","=""0.00006""","=""3""","=""""",,"=""174821.0098""","=""191974.5800""","=""3s2.3p4.(1D).3d""","=""2P""","=""1/2""","=""3s2.3p4.(1S).4p""","=""2P*""","=""3/2""",,"=""""","=""L14821""",
Ar,1,"=""583.4263""","=""""","=""583.42636""","=""""","=""5""","=""5.2e+05""",C,"=""106237.5518""","=""123372.9253""","=""3s2.3p5.(2P*<3/2>).4p""","=""2[3/2]""","=""2""","=""3s2.3p5.(2P*<1/2>).5d""","=""2[3/2]*""","=""2""",,"=""T1218n,T1164n""","=""L2634""",
Ar,2,"=""583.547""","=""0.002""","=""583.549828""","=""0.000014""","=""0""","=""""",,"=""143107.6801""","=""160239.4280""","=""3s2.3p4.(3P).3d""","=""4F""","=""5/2""","=""3s2.3p4.(3P).4p""","=""2P*""","=""3/2""",,"=""""","=""L14821""",
Ar,2,"=""583.896""","=""0.002""","=""583.89753""","=""0.00005""","=""1""","=""""",,"=""155708.1075""","=""172829.6539""","=""3s2.3p4.(3P).4p""","=""4P*""","=""1/2""","=""3s2.3p4.(1D).3d""","=""2D""","=""3/2""",,"=""""","=""L14821""",
Ar,2,"=""584.0048""","=""0.0008""","=""584.00691""","=""0.00003""","=""1""","=""""",,"=""172816.2926""","=""189934.6322""","=""3s2.3p4.(1D).4p""","=""2P*""","=""1/2""","=""3s2.3p4.(3P).4d""","=""2P""","=""1/2""",,"=""""","=""L14821""",
Ar,1,"=""""","=""""","=""584.3779""","=""""","=""""","=""3.3e+04""",D,"=""107496.4166""","=""124603.890""","=""3s2.3p5.(2P*<1/2>).4p""","=""2[1/2]""","=""1""","=""3s2.3p5.(2P*<3/2>).7d""","=""2[3/2]*""","=""2""",,"=""T1218n""","=""""",
Ar,2,"=""584.3781""","=""0.0008""","=""584.377764""","=""0.000011""","=""7""","=""3.8e+04""",E,"=""138243.6444""","=""155351.1206""","=""3s2.3p4.(3P).4s""","=""2P""","=""3/2""","=""3s2.3p4.(3P).4p""","=""4P*""","=""3/2""",,"=""T997n""","=""L14821""",
Ar,2,"=""584.611""","=""0.002""","=""584.6079""","=""0.0003""","=""0.5p""","=""""",,"=""195123.6464""","=""212224.389""","=""3s2.3p4.(3P<2>).4f""","=""2[5]*""","=""11/2""","=""3s2.3p4.(3P).7d""","=""4F""","=""9/2""",,"=""""","=""L14821""",
Ar,2,"=""585.274""","=""0.002""","=""585.277402""","=""0.000021""","=""0""","=""""",,"=""190196.2066""","=""207277.3869""","=""3s2.3p4.(3P).5p""","=""2P*""","=""1/2""","=""3s2.3p4.(3P).7s""","=""4P""","=""3/2""",,"=""""","=""L14821""",
Ar,2,"=""585.310""","=""0.002""","=""585.310884""","=""0.000014""","=""2""","=""""",,"=""191169.5946""","=""208249.7978""","=""3s2.3p4.(3P).5p""","=""4S*""","=""3/2""","=""3s2.3p4.(3P).7s""","=""2P""","=""3/2""",,"=""""","=""L14821""",
Ar,2,"=""585.42728""","=""0.00007""","=""585.426667""","=""0.000014""","=""4""","=""""",,"=""186074.4375""","=""203151.2627""","=""3s2.3p4.(3P).4d""","=""4F""","=""5/2""","=""3s2.3p4.(1D).5p""","=""2F*""","=""5/2""",,"=""""","=""L2634""",
Ar,1,"=""586.0310""","=""""","=""586.03102""","=""""","=""10""","=""2.85e+05""",C,"=""104102.0990""","=""121161.3135""","=""3s2.3p5.(2P*<3/2>).4p""","=""2[1/2]""","=""1""","=""3s2.3p5.(2P*<1/2>).6s""","=""2[1/2]*""","=""1""",,"=""T1218n,T1164n""","=""L2634""",
Ar,2,"=""586.6598""","=""0.0008""","=""586.66170""","=""0.00004""","=""2""","=""""",,"=""179592.2248""","=""196633.1005""","=""3s2.3p4.(1S).3d""","=""2D""","=""5/2""","=""3s2.3p4.(3P<0>).4f""","=""2[3]*""","=""5/2""",,"=""""","=""L14821""",
Ar,2,"=""587.0443""","=""0.0008""","=""587.04528""","=""0.00003""","=""4""","=""""",,"=""179592.2248""","=""196621.9658""","=""3s2.3p4.(1S).3d""","=""2D""","=""5/2""","=""3s2.3p4.(3P<0>).4f""","=""2[3]*""","=""7/2""",,"=""""","=""L14821""",
Ar,1,"=""588.2624""","=""""","=""588.2624""","=""""","=""15""","=""1.23e+06""",C,"=""104102.0990""","=""121096.605""","=""3s2.3p5.(2P*<3/2>).4p""","=""2[1/2]""","=""1""","=""3s2.3p5.(2P*<1/2>).6s""","=""2[1/2]*""","=""0""",,"=""T1218n""","=""L2634""",
Ar,2,"=""588.454""","=""0.002""","=""588.453611""","=""0.000014""","=""0.5""","=""""",,"=""190106.3000""","=""207095.2846""","=""3s2.3p4.(3P).5p""","=""4D*""","=""3/2""","=""3s2.3p4.(3P).7s""","=""4P""","=""5/2""",,"=""""","=""L14821""",
Ar,2,"=""588.6088""","=""0.0008""","=""588.60975""","=""0.00003""","=""3""","=""""",,"=""155351.1206""","=""172335.5985""","=""3s2.3p4.(3P).4p""","=""4P*""","=""3/2""","=""3s2.3p4.(1D).3d""","=""2D""","=""5/2""",,"=""""","=""L14821""",
Ar,1,"=""588.8584""","=""""","=""588.85835""","=""""","=""25""","=""1.29e+06""",C,"=""105462.7596""","=""122440.0672""","=""3s2.3p5.(2P*<3/2>).4p""","=""2[5/2]""","=""3""","=""3s2.3p5.(2P*<3/2>).7s""","=""2[3/2]*""","=""2""",,"=""T1218n""","=""L2634""",
Ar,2,"=""589.416""","=""0.002""","=""589.41748""","=""0.00007""","=""0h*""","=""""",,"=""194800.2662""","=""211761.469""","=""3s2.3p4.(3P<2>).4f""","=""2[4]*""","=""9/2""","=""3s2.3p4.(3P<1>).6g""","=""2[4]""","=""9/2""",,"=""""","=""L14821""",
Ar,2,"=""589.416""","=""0.002""","=""589.42059""","=""0.00007""","=""0h*""","=""""",,"=""195128.3735""","=""212089.487""","=""3s2.3p4.(3P<2>).4f""","=""2[5]*""","=""9/2""","=""3s2.3p4.(3P).7d""","=""4D""","=""7/2""",,"=""""","=""L14821""",
Ar,2,"=""590.178""","=""0.002""","=""590.18008""","=""0.00007""","=""0""","=""""",,"=""194822.1833""","=""211761.470""","=""3s2.3p4.(3P<2>).4f""","=""2[4]*""","=""7/2""","=""3s2.3p4.(3P<1>).6g""","=""2[4]""","=""7/2""",,"=""""","=""L14821""",
Ar,2,"=""590.178""","=""0.002""","=""590.18012""","=""0.00007""","=""0""","=""""",,"=""194822.1833""","=""211761.469""","=""3s2.3p4.(3P<2>).4f""","=""2[4]*""","=""7/2""","=""3s2.3p4.(3P<1>).6g""","=""2[4]""","=""9/2""",,"=""""","=""L14821""",
Ar,2,"=""590.4291""","=""0.002""","=""590.43078""","=""0.00004""","=""2p?""","=""""",,"=""194800.2662""","=""211732.3605""","=""3s2.3p4.(3P<2>).4f""","=""2[4]*""","=""9/2""","=""3s2.3p4.(3P<1>).6g""","=""2[5]""","=""11/2""",,"=""""","=""L14821""",
Ar,2,"=""590.8674""","=""0.0008""","=""590.867599""","=""0.000014""","=""0.5""","=""""",,"=""185624.8282""","=""202544.4050""","=""3s2.3p4.(3P).4d""","=""4F""","=""7/2""","=""3s2.3p4.(3P).6p""","=""4D*""","=""5/2""",,"=""""","=""L14821""",
Ar,1,"=""591.2085""","=""""","=""591.20850""","=""""","=""50""","=""1.05e+06""",C,"=""104102.0990""","=""121011.9198""","=""3s2.3p5.(2P*<3/2>).4p""","=""2[1/2]""","=""1""","=""3s2.3p5.(2P*<1/2>).4d""","=""2[3/2]*""","=""1""",,"=""T1218n,T1164n""","=""L2634""",
Ar,2,"=""591.549""","=""0.002""","=""591.54796""","=""0.00007""","=""0""","=""""",,"=""194861.3529""","=""211761.470""","=""3s2.3p4.(3P<2>).4f""","=""2[3]*""","=""5/2""","=""3s2.3p4.(3P<1>).6g""","=""2[4]""","=""7/2""",,"=""""","=""L14821""",
Ar,1,"=""""","=""""","=""591.6598""","=""""","=""""","=""5.9e+04""",D,"=""105617.2700""","=""122514.192""","=""3s2.3p5.(2P*<3/2>).4p""","=""2[5/2]""","=""2""","=""3s2.3p5.(2P*<3/2>).5d""","=""2[3/2]*""","=""1""",,"=""T1218n""","=""""",
Ar,2,"=""592.308""","=""0.002""","=""592.30988""","=""0.00007""","=""0*""","=""""",,"=""194883.0921""","=""211761.470""","=""3s2.3p4.(3P<2>).4f""","=""2[3]*""","=""7/2""","=""3s2.3p4.(3P<1>).6g""","=""2[4]""","=""7/2""",,"=""""","=""L14821""",
Ar,2,"=""592.308""","=""0.002""","=""592.30991""","=""0.00007""","=""0*""","=""""",,"=""194883.0921""","=""211761.469""","=""3s2.3p4.(3P<2>).4f""","=""2[3]*""","=""7/2""","=""3s2.3p4.(3P<1>).6g""","=""2[4]""","=""9/2""",,"=""""","=""L14821""",
Ar,2,"=""592.677""","=""0.002""","=""592.674589""","=""0.000018""","=""0.5""","=""""",,"=""143371.4364""","=""160239.4280""","=""3s2.3p4.(3P).3d""","=""4F""","=""3/2""","=""3s2.3p4.(3P).4p""","=""2P*""","=""3/2""",,"=""""","=""L14821""",
Ar,1,"=""""","=""""","=""592.7125""","=""""","=""""","=""3.7e+04""",D+,"=""105462.7596""","=""122329.672""","=""3s2.3p5.(2P*<3/2>).4p""","=""2[5/2]""","=""3""","=""3s2.3p5.(2P*<3/2>).5d""","=""2[5/2]*""","=""3""",,"=""T1218n""","=""""",
Ar,1,"=""592.8813""","=""""","=""592.88125""","=""""","=""15""","=""1.1e+06""",D+,"=""105617.2700""","=""122479.3820""","=""3s2.3p5.(2P*<3/2>).4p""","=""2[5/2]""","=""2""","=""3s2.3p5.(2P*<3/2>).7s""","=""2[3/2]*""","=""1""",,"=""T1218n""","=""L2634""",
Ar,2,"=""593.5792""","=""0.0008""","=""593.57980""","=""0.00005""","=""2""","=""""",,"=""191169.5946""","=""208011.8628""","=""3s2.3p4.(3P).5p""","=""4S*""","=""3/2""","=""3s2.3p4.(3P).6d""","=""4D""","=""3/2""",,"=""""","=""L14821""",
Ar,2,"=""593.6309""","=""0.0008""","=""593.6301""","=""0.0011""","=""1""","=""""",,"=""192556.9179""","=""209397.76""","=""3s2.3p4.(3P).4d""","=""2D""","=""5/2""","=""3s2.3p4.(3P).7p""","=""1*""","=""5/2""",,"=""""","=""L14821""",
Ar,2,"=""593.664""","=""0.002""","=""593.664020""","=""0.000014""","=""1""","=""""",,"=""186891.0393""","=""203730.9181""","=""3s2.3p4.(3P).4d""","=""4P""","=""5/2""","=""3s2.3p4.(3P).6p""","=""2P*""","=""3/2""",,"=""""","=""L14821""",
Ar,1,"=""""","=""""","=""594.0855""","=""""","=""""","=""1.2e+05""",D,"=""107054.2720""","=""123882.203""","=""3s2.3p5.(2P*<3/2>).4p""","=""2[1/2]""","=""0""","=""3s2.3p5.(2P*<1/2>).7s""","=""2[1/2]*""","=""1""",,"=""T1218n""","=""""",
Ar,2,"=""594.1825""","=""0.0008""","=""594.18214""","=""0.00005""","=""4""","=""""",,"=""172829.6539""","=""189654.8487""","=""3s2.3p4.(1D).3d""","=""2D""","=""3/2""","=""3s2.3p4.(3P).5p""","=""4D*""","=""5/2""",,"=""""","=""L14821""",
Ar,1,"=""594.2669""","=""""","=""594.26682""","=""""","=""5""","=""1.8e+05""",D,"=""105617.2700""","=""122440.0672""","=""3s2.3p5.(2P*<3/2>).4p""","=""2[5/2]""","=""2""","=""3s2.3p5.(2P*<3/2>).7s""","=""2[3/2]*""","=""2""",,"=""T1218n""","=""L2634""",
Ar,15,"=""594.3879""","=""0.0002""","=""594.38788""","=""0.00021""","=""""","=""""",,"=""235860.182""","=""252679.553""","=""1s2.2s.2p""","=""3P*""","=""1""","=""1s2.2s.2p""","=""3P*""","=""2""",M1,"=""""","=""L8983""",
Ar,1,"=""""","=""""","=""594.3888""","=""""","=""""","=""3.6e+04""",D,"=""105462.7596""","=""122282.104""","=""3s2.3p5.(2P*<3/2>).4p""","=""2[5/2]""","=""3""","=""3s2.3p5.(2P*<3/2>).5d""","=""2[5/2]*""","=""2""",,"=""T1218n""","=""""",
Ar,1,"=""""","=""""","=""594.9259""","=""""","=""""","=""1.5e+05""",D,"=""107131.7086""","=""123935.870""","=""3s2.3p5.(2P*<1/2>).4p""","=""2[3/2]""","=""1""","=""3s2.3p5.(2P*<3/2>).8s""","=""2[3/2]*""","=""1""",,"=""T1218n""","=""""",
Ar,2,"=""595.0905""","=""0.0008""","=""595.090327""","=""0.000011""","=""6""","=""7.e+04""",E,"=""138243.6444""","=""155043.1619""","=""3s2.3p4.(3P).4s""","=""2P""","=""3/2""","=""3s2.3p4.(3P).4p""","=""4P*""","=""5/2""",,"=""T926""","=""L14821""",
Ar,2,"=""595.38303""","=""0.00007""","=""595.38310""","=""0.00003""","=""5""","=""""",,"=""191974.5800""","=""208765.8367""","=""3s2.3p4.(1S).4p""","=""2P*""","=""3/2""","=""3s2.3p4.(3P).7s""","=""2P""","=""1/2""",,"=""""","=""L2634""",
Ar,2,"=""596.137""","=""0.002""","=""596.138698""","=""0.000015""","=""0""","=""""",,"=""190507.4128""","=""207277.3869""","=""3s2.3p4.(3P).5p""","=""2P*""","=""3/2""","=""3s2.3p4.(3P).7s""","=""4P""","=""3/2""",,"=""""","=""L14821""",
Ar,2,"=""596.2744""","=""0.0008""","=""596.275754""","=""0.000015""","=""0.5""","=""""",,"=""190511.2674""","=""207277.3869""","=""3s2.3p4.(3P).5p""","=""2D*""","=""5/2""","=""3s2.3p4.(3P).7s""","=""4P""","=""3/2""",,"=""""","=""L14821""",
Ar,1,"=""""","=""""","=""596.448""","=""""","=""""","=""7.7e+04""",D,"=""107054.2720""","=""123815.56""","=""3s2.3p5.(2P*<3/2>).4p""","=""2[1/2]""","=""0""","=""3s2.3p5.(2P*<1/2>).5d""","=""2[3/2]*""","=""1""",,"=""T1218n""","=""""",
Ar,2,"=""596.5031""","=""0.0008""","=""596.50404""","=""0.00005""","=""3""","=""""",,"=""174409.8916""","=""191169.5946""","=""3s2.3p4.(1D).3d""","=""2P""","=""3/2""","=""3s2.3p4.(3P).5p""","=""4S*""","=""3/2""",,"=""""","=""L14821""",
Ar,1,"=""""","=""""","=""596.8320""","=""""","=""""","=""1.8e+05""",D,"=""107131.7086""","=""123882.203""","=""3s2.3p5.(2P*<1/2>).4p""","=""2[3/2]""","=""1""","=""3s2.3p5.(2P*<1/2>).7s""","=""2[1/2]*""","=""1""",,"=""T1218n""","=""""",
Ar,1,"=""""","=""""","=""597.1601""","=""""","=""""","=""1.1e+06""",D+,"=""107131.7086""","=""123873.000""","=""3s2.3p5.(2P*<1/2>).4p""","=""2[3/2]""","=""1""","=""3s2.3p5.(2P*<1/2>).7s""","=""2[1/2]*""","=""0""",,"=""T1218n""","=""""",
Ar,2,"=""597.3314""","=""0.0008""","=""597.33180""","=""0.00005""","=""2""","=""""",,"=""157673.4134""","=""174409.8916""","=""3s2.3p4.(3P).4p""","=""4D*""","=""5/2""","=""3s2.3p4.(1D).3d""","=""2P""","=""3/2""",,"=""""","=""L14821""",
Ar,2,"=""597.59622""","=""0.00007""","=""597.59530""","=""0.00008""","=""5""","=""""",,"=""194996.5613""","=""211725.660""","=""3s2.3p4.(3P<2>).4f""","=""2[2]*""","=""3/2""","=""3s2.3p4.(3P<1>).6g""","=""2[3]""","=""5/2""",,"=""""","=""L2634""",
Ar,2,"=""597.7995""","=""0.0008""","=""597.80013""","=""0.00003""","=""4""","=""""",,"=""179592.2248""","=""196315.5916""","=""3s2.3p4.(1S).3d""","=""2D""","=""5/2""","=""3s2.3p4.(3P<1>).4f""","=""2[3]*""","=""5/2""",,"=""""","=""L14821""",
Ar,1,"=""""","=""""","=""598.1923""","=""""","=""""","=""1.2e+04""",D,"=""105617.2700""","=""122329.672""","=""3s2.3p5.(2P*<3/2>).4p""","=""2[5/2]""","=""2""","=""3s2.3p5.(2P*<3/2>).5d""","=""2[5/2]*""","=""3""",,"=""T1218n""","=""""",
Ar,2,"=""598.4454""","=""0.0008""","=""598.44534""","=""0.00003""","=""3""","=""""",,"=""172335.5985""","=""189040.9351""","=""3s2.3p4.(1D).3d""","=""2D""","=""5/2""","=""3s2.3p4.(3P).5p""","=""4P*""","=""3/2""",,"=""""","=""L14821""",
Ar,2,"=""598.5912""","=""0.0014""","=""598.59137""","=""0.00005""","=""1""","=""""",,"=""179931.8393""","=""196633.1005""","=""3s2.3p4.(1S).3d""","=""2D""","=""3/2""","=""3s2.3p4.(3P<0>).4f""","=""2[3]*""","=""5/2""",,"=""""","=""L11520""",
Ar,1,"=""598.7302""","=""""","=""598.73013""","=""""","=""7""","=""1.2e+05""",D,"=""105462.7596""","=""122160.1502""","=""3s2.3p5.(2P*<3/2>).4p""","=""2[5/2]""","=""3""","=""3s2.3p5.(2P*<3/2>).5d""","=""2[7/2]*""","=""3""",,"=""T1218n""","=""L2634""",
Ar,1,"=""""","=""""","=""598.8144""","=""""","=""""","=""6.1e+04""",D,"=""107131.7086""","=""123826.750""","=""3s2.3p5.(2P*<1/2>).4p""","=""2[3/2]""","=""1""","=""3s2.3p5.(2P*<3/2>).6d""","=""2[5/2]*""","=""2""",,"=""T1218n""","=""""",
Ar,2,"=""598.8288""","=""0.0008""","=""598.83075""","=""0.00005""","=""3p?*""","=""""",,"=""192556.9179""","=""209251.5031""","=""3s2.3p4.(3P).4d""","=""2D""","=""5/2""","=""3s2.3p4.(1D<2>).4f""","=""2[3]*""","=""5/2""",,"=""""","=""L14821""",
Ar,2,"=""598.8288""","=""0.0008""","=""598.83153""","=""0.00006""","=""3p?*""","=""""",,"=""195031.2028""","=""211725.7661""","=""3s2.3p4.(3P<2>).4f""","=""2[2]*""","=""5/2""","=""3s2.3p4.(3P<1>).6g""","=""2[3]""","=""7/2""",,"=""""","=""L14821""",
Ar,2,"=""598.9339""","=""0.0008""","=""598.93377""","=""0.00004""","=""8""","=""""",,"=""192556.9179""","=""209248.6316""","=""3s2.3p4.(3P).4d""","=""2D""","=""5/2""","=""3s2.3p4.(1D<2>).4f""","=""2[3]*""","=""7/2""",,"=""""","=""L14821""",
Ar,2,"=""599.146""","=""0.002""","=""599.144912""","=""0.000011""","=""0.5""","=""""",,"=""186816.0496""","=""203501.8810""","=""3s2.3p4.(3P).4d""","=""2F""","=""7/2""","=""3s2.3p4.(3P).6p""","=""2D*""","=""5/2""",,"=""""","=""L14821""",
Ar,1,"=""""","=""""","=""599.4692""","=""""","=""""","=""2.6e+04""",D,"=""107131.7086""","=""123808.513""","=""3s2.3p5.(2P*<1/2>).4p""","=""2[3/2]""","=""1""","=""3s2.3p5.(2P*<3/2>).6d""","=""2[3/2]*""","=""2""",,"=""T1164n""","=""""",
Ar,1,"=""599.8999""","=""""","=""599.8998""","=""""","=""5""","=""1.4e+05""",D,"=""105617.2700""","=""122282.104""","=""3s2.3p5.(2P*<3/2>).4p""","=""2[5/2]""","=""2""","=""3s2.3p5.(2P*<3/2>).5d""","=""2[5/2]*""","=""2""",,"=""T1218n""","=""L2634""",
Ar,2,"=""600.3170""","=""0.0008""","=""600.31857""","=""0.00006""","=""1""","=""""",,"=""158167.7999""","=""174821.0098""","=""3s2.3p4.(3P).4p""","=""4D*""","=""3/2""","=""3s2.3p4.(1D).3d""","=""2P""","=""1/2""",,"=""""","=""L14821""",
Ar,1,"=""""","=""""","=""600.5725""","=""""","=""""","=""1.4e+05""",D+,"=""107289.7001""","=""123935.870""","=""3s2.3p5.(2P*<1/2>).4p""","=""2[3/2]""","=""2""","=""3s2.3p5.(2P*<3/2>).8s""","=""2[3/2]*""","=""1""",,"=""T1218n""","=""""",
Ar,1,"=""""","=""""","=""601.36772""","=""""","=""""","=""1.4e+05""",D+,"=""105462.7596""","=""122086.9164""","=""3s2.3p5.(2P*<3/2>).4p""","=""2[5/2]""","=""3""","=""3s2.3p5.(2P*<3/2>).5d""","=""2[3/2]*""","=""2""",,"=""T1218n""","=""""",
Ar,2,"=""601.9493""","=""0.0008""","=""601.94965""","=""0.00005""","=""4""","=""""",,"=""172829.6539""","=""189437.7396""","=""3s2.3p4.(1D).3d""","=""2D""","=""3/2""","=""3s2.3p4.(3P).5p""","=""4P*""","=""1/2""",,"=""""","=""L14821""",
Ar,1,"=""602.5150""","=""""","=""602.5150""","=""""","=""5""","=""9.0e+05""",D+,"=""107289.7001""","=""123882.203""","=""3s2.3p5.(2P*<1/2>).4p""","=""2[3/2]""","=""2""","=""3s2.3p5.(2P*<1/2>).7s""","=""2[1/2]*""","=""1""",,"=""T1218n""","=""L2634""",
Ar,2,"=""602.72513""","=""0.00007""","=""602.72517""","=""0.00003""","=""7""","=""""",,"=""173347.9158""","=""189934.6322""","=""3s2.3p4.(1D).4p""","=""2D*""","=""3/2""","=""3s2.3p4.(3P).4d""","=""2P""","=""1/2""",,"=""""","=""L2634""",
Ar,2,"=""602.8220""","=""0.0008""","=""602.823273""","=""0.000015""","=""1""","=""""",,"=""190511.2674""","=""207095.2846""","=""3s2.3p4.(3P).5p""","=""2D*""","=""5/2""","=""3s2.3p4.(3P).7s""","=""4P""","=""5/2""",,"=""""","=""L14821""",
Ar,8,"=""602.98""","=""0.08""","=""602.9""","=""0.4""","=""""","=""""",,"=""1070277.""","=""1086860.""","=""2p6.9f""","=""2F*""","=""7/2""","=""2p6.10g""","=""2G""","=""9/2""",,"=""""","=""L16099""",
Ar,2,"=""603.0844""","=""0.0008""","=""603.08278""","=""0.00004""","=""1l""","=""""",,"=""191169.5946""","=""207746.4757""","=""3s2.3p4.(3P).5p""","=""4S*""","=""3/2""","=""3s2.3p4.(3P).6d""","=""4D""","=""5/2""",,"=""""","=""L14821""",
Ar,1,"=""603.2127""","=""""","=""603.21270""","=""""","=""70""","=""2.46e+06""",C,"=""105462.7596""","=""122036.0704""","=""3s2.3p5.(2P*<3/2>).4p""","=""2[5/2]""","=""3""","=""3s2.3p5.(2P*<3/2>).5d""","=""2[7/2]*""","=""4""",,"=""T1218n,T1164n""","=""L2634""",
Ar,1,"=""604.3223""","=""""","=""604.32232""","=""""","=""35""","=""1.47e+06""",C,"=""105617.2700""","=""122160.1502""","=""3s2.3p5.(2P*<3/2>).4p""","=""2[5/2]""","=""2""","=""3s2.3p5.(2P*<3/2>).5d""","=""2[7/2]*""","=""3""",,"=""T1218n""","=""L2634""",
Ar,2,"=""604.4468""","=""0.0008""","=""604.44783""","=""0.00009""","=""7""","=""""",,"=""192712.058""","=""209251.5031""","=""3s2.3p4.(3P).4d""","=""2D""","=""3/2""","=""3s2.3p4.(1D<2>).4f""","=""2[3]*""","=""5/2""",,"=""""","=""L14821""",
Ar,2,"=""604.68977""","=""0.00007""","=""604.68967""","=""0.00005""","=""10""","=""""",,"=""174409.8916""","=""190942.7220""","=""3s2.3p4.(1D).3d""","=""2P""","=""3/2""","=""3s2.3p4.(3P).5p""","=""2S*""","=""1/2""",,"=""""","=""L2634""",
Ar,2,"=""604.90750""","=""0.00007""","=""604.90749""","=""0.00003""","=""7""","=""""",,"=""179592.2248""","=""196119.1021""","=""3s2.3p4.(1S).3d""","=""2D""","=""5/2""","=""3s2.3p4.(3P<1>).4f""","=""2[4]*""","=""7/2""",,"=""""","=""L2634""",
Ar,2,"=""605.001""","=""0.002""","=""604.997388""","=""0.000015""","=""0.5h?*""","=""""",,"=""187589.3383""","=""204113.7598""","=""3s2.3p4.(3P).4d""","=""2F""","=""5/2""","=""3s2.3p4.(1D).5p""","=""2D*""","=""3/2""",,"=""""","=""L14821""",
Ar,2,"=""605.001""","=""0.002""","=""605.000778""","=""0.000015""","=""0.5h*""","=""""",,"=""185624.8282""","=""202149.1571""","=""3s2.3p4.(3P).4d""","=""4F""","=""7/2""","=""3s2.3p4.(3P).6p""","=""4P*""","=""5/2""",,"=""""","=""L14821""",
Ar,1,"=""605.2723""","=""""","=""605.27226""","=""""","=""10""","=""1.9e+05""",D+,"=""104102.0990""","=""120619.0162""","=""3s2.3p5.(2P*<3/2>).4p""","=""2[1/2]""","=""1""","=""3s2.3p5.(2P*<1/2>).4d""","=""2[5/2]*""","=""2""",,"=""T1218n""","=""L2634""",
Ar,1,"=""605.9372""","=""""","=""605.93723""","=""""","=""20""","=""4.2e+05""",C,"=""104102.0990""","=""120600.8905""","=""3s2.3p5.(2P*<3/2>).4p""","=""2[1/2]""","=""1""","=""3s2.3p5.(2P*<1/2>).4d""","=""2[3/2]*""","=""2""",,"=""T1218n,T1164n""","=""L2634""",
Ar,1,"=""""","=""""","=""606.47502""","=""""","=""""","=""5.8e+04""",D,"=""107289.7001""","=""123773.8614""","=""3s2.3p5.(2P*<1/2>).4p""","=""2[3/2]""","=""2""","=""3s2.3p5.(2P*<3/2>).6d""","=""2[7/2]*""","=""3""",,"=""T1218n""","=""""",
Ar,2,"=""606.996""","=""0.002""","=""606.997684""","=""0.000015""","=""0""","=""""",,"=""186074.4375""","=""202544.4050""","=""3s2.3p4.(3P).4d""","=""4F""","=""5/2""","=""3s2.3p4.(3P).6p""","=""4D*""","=""5/2""",,"=""""","=""L14821""",
Ar,2,"=""607.7431""","=""0.0008""","=""607.743032""","=""0.000015""","=""6""","=""4.e+05""",C,"=""139258.3389""","=""155708.1075""","=""3s2.3p4.(3P).4s""","=""2P""","=""1/2""","=""3s2.3p4.(3P).4p""","=""4P*""","=""1/2""",,"=""T926""","=""L14821""",
Ar,1,"=""""","=""""","=""608.1244""","=""""","=""""","=""7.5e+04""",D,"=""107496.4166""","=""123935.870""","=""3s2.3p5.(2P*<1/2>).4p""","=""2[1/2]""","=""1""","=""3s2.3p5.(2P*<3/2>).8s""","=""2[3/2]*""","=""1""",,"=""T1218n""","=""""",
Ar,2,"=""608.3875""","=""0.0008""","=""608.38770""","=""0.00003""","=""2""","=""""",,"=""192333.4986""","=""208765.8367""","=""3s2.3p4.(1S).4p""","=""2P*""","=""1/2""","=""3s2.3p4.(3P).7s""","=""2P""","=""1/2""",,"=""""","=""L14821""",
Ar,2,"=""608.4507""","=""0.0008""","=""608.45152""","=""0.00003""","=""2""","=""""",,"=""172335.5985""","=""188766.2129""","=""3s2.3p4.(1D).3d""","=""2D""","=""5/2""","=""3s2.3p4.(3P).5p""","=""4P*""","=""5/2""",,"=""""","=""L14821""",
Ar,1,"=""""","=""""","=""608.5879""","=""""","=""""","=""9.0e+03""",,"=""106087.2598""","=""122514.192""","=""3s2.3p5.(2P*<3/2>).4p""","=""2[3/2]""","=""1""","=""3s2.3p5.(2P*<3/2>).5d""","=""2[3/2]*""","=""1""",,"=""T1218n""","=""""",
Ar,1,"=""""","=""""","=""609.07849""","=""""","=""""","=""3.0e+05""",D,"=""107054.2720""","=""123467.9733""","=""3s2.3p5.(2P*<3/2>).4p""","=""2[1/2]""","=""0""","=""3s2.3p5.(2P*<3/2>).6d""","=""2[1/2]*""","=""1""",,"=""T1218n""","=""""",
Ar,1,"=""609.8803""","=""""","=""609.88031""","=""""","=""7""","=""5.2e+05""",D+,"=""106087.2598""","=""122479.3820""","=""3s2.3p5.(2P*<3/2>).4p""","=""2[3/2]""","=""1""","=""3s2.3p5.(2P*<3/2>).7s""","=""2[3/2]*""","=""1""",,"=""T1218n""","=""L2634""",
Ar,1,"=""""","=""""","=""610.1161""","=""""","=""""","=""3.3e+05""",D+,"=""107496.4166""","=""123882.203""","=""3s2.3p5.(2P*<1/2>).4p""","=""2[1/2]""","=""1""","=""3s2.3p5.(2P*<1/2>).7s""","=""2[1/2]*""","=""1""",,"=""T1218n""","=""""",
Ar,2,"=""610.19192""","=""0.00007""","=""610.19188""","=""0.00005""","=""4""","=""""",,"=""179931.8393""","=""196315.5916""","=""3s2.3p4.(1S).3d""","=""2D""","=""3/2""","=""3s2.3p4.(3P<1>).4f""","=""2[3]*""","=""5/2""",,"=""""","=""L2634""",
Ar,2,"=""610.2765""","=""0.0008""","=""610.274973""","=""0.000012""","=""1""","=""""",,"=""186816.0496""","=""203197.5711""","=""3s2.3p4.(3P).4d""","=""2F""","=""7/2""","=""3s2.3p4.(1D).5p""","=""2F*""","=""7/2""",,"=""""","=""L14821""",
Ar,2,"=""610.35397""","=""0.00005""","=""610.353914""","=""0.000015""","=""26""","=""1.7e+06""",C,"=""144709.9818""","=""161089.3846""","=""3s2.3p4.(3P).3d""","=""2P""","=""1/2""","=""3s2.3p4.(3P).4p""","=""2S*""","=""1/2""",,"=""T926""","=""L11520""",
Ar,1,"=""""","=""""","=""610.4590""","=""""","=""""","=""3.4e+05""",D,"=""107496.4166""","=""123873.000""","=""3s2.3p5.(2P*<1/2>).4p""","=""2[1/2]""","=""1""","=""3s2.3p5.(2P*<1/2>).7s""","=""2[1/2]*""","=""0""",,"=""T1218n""","=""""",
Ar,1,"=""610.5635""","=""""","=""610.56348""","=""""","=""10""","=""1.21e+06""",C,"=""107131.7086""","=""123505.4896""","=""3s2.3p5.(2P*<1/2>).4p""","=""2[3/2]""","=""1""","=""3s2.3p5.(2P*<1/2>).5d""","=""2[5/2]*""","=""2""",,"=""T1218n""","=""L2634""",
Ar,2,"=""610.832""","=""0.002""","=""610.83261""","=""0.00006""","=""0?""","=""""",,"=""192556.9179""","=""208923.4846""","=""3s2.3p4.(3P).4d""","=""2D""","=""5/2""","=""3s2.3p4.(1D<2>).4f""","=""2[2]*""","=""3/2""",,"=""""","=""L14821""",
Ar,2,"=""610.915""","=""0.002""","=""610.91548""","=""0.00006""","=""2p""","=""""",,"=""192556.9179""","=""208921.2645""","=""3s2.3p4.(3P).4d""","=""2D""","=""5/2""","=""3s2.3p4.(1D<2>).4f""","=""2[2]*""","=""5/2""",,"=""""","=""L14821""",
Ar,2,"=""611.1742""","=""0.0008""","=""611.1744""","=""0.0003""","=""2""","=""""",,"=""192556.9179""","=""208914.333""","=""3s2.3p4.(3P).4d""","=""2D""","=""5/2""","=""3s2.3p4.(3P<2>).7p""","=""2[2]*""","=""5/2""",,"=""""","=""L14821""",
Ar,1,"=""""","=""""","=""611.34657""","=""""","=""""","=""4.7e+04""",D+,"=""106087.2598""","=""122440.0672""","=""3s2.3p5.(2P*<3/2>).4p""","=""2[3/2]""","=""1""","=""3s2.3p5.(2P*<3/2>).7s""","=""2[3/2]*""","=""2""",,"=""T1218n""","=""""",
Ar,2,"=""611.49232""","=""0.00001""","=""611.492319""","=""0.000015""","=""537""","=""2.00e+07""",B+,"=""154181.4942""","=""170530.4040""","=""3s2.3p4.(1D).3d""","=""2G""","=""9/2""","=""3s2.3p4.(1D).4p""","=""2F*""","=""7/2""",,"=""T1386n""","=""L11520""",
Ar,2,"=""611.8724""","=""0.0008""","=""611.872214""","=""0.000015""","=""4""","=""1.e+05""",E,"=""144709.9818""","=""161048.7411""","=""3s2.3p4.(3P).3d""","=""2P""","=""1/2""","=""3s2.3p4.(3P).4p""","=""4S*""","=""3/2""",,"=""T926""","=""L14821""",
Ar,1,"=""""","=""""","=""611.96565""","=""""","=""""","=""5.1e+04""",D+,"=""107131.7086""","=""123467.9733""","=""3s2.3p5.(2P*<1/2>).4p""","=""2[3/2]""","=""1""","=""3s2.3p5.(2P*<3/2>).6d""","=""2[1/2]*""","=""1""",,"=""T1218n""","=""""",
Ar,2,"=""612.00936""","=""0.00007""","=""612.009384""","=""0.000019""","=""6""","=""""",,"=""143371.4364""","=""159706.5337""","=""3s2.3p4.(3P).3d""","=""4F""","=""3/2""","=""3s2.3p4.(3P).4p""","=""2P*""","=""1/2""",,"=""""","=""L2634""",
Ar,1,"=""""","=""""","=""612.1879""","=""""","=""""","=""1.3e+04""",D,"=""107496.4166""","=""123826.750""","=""3s2.3p5.(2P*<1/2>).4p""","=""2[1/2]""","=""1""","=""3s2.3p5.(2P*<3/2>).6d""","=""2[5/2]*""","=""2""",,"=""T1164n""","=""""",
Ar,2,"=""612.33609""","=""0.00006""","=""612.336163""","=""0.000015""","=""20""","=""9.e+05""",C+,"=""154204.0240""","=""170530.4040""","=""3s2.3p4.(1D).3d""","=""2G""","=""7/2""","=""3s2.3p4.(1D).4p""","=""2F*""","=""7/2""",,"=""T926""","=""L11520""",
Ar,2,"=""612.4571""","=""0.0008""","=""612.45831""","=""0.00006""","=""3""","=""""",,"=""174409.8916""","=""190733.0156""","=""3s2.3p4.(1D).3d""","=""2P""","=""3/2""","=""3s2.3p4.(3P).5p""","=""4D*""","=""1/2""",,"=""""","=""L14821""",
Ar,1,"=""""","=""""","=""612.74159""","=""""","=""""","=""1.1e+05""",D+,"=""105617.2700""","=""121932.8477""","=""3s2.3p5.(2P*<3/2>).4p""","=""2[5/2]""","=""2""","=""3s2.3p5.(2P*<3/2>).5d""","=""2[1/2]*""","=""1""",,"=""T1218n""","=""""",
Ar,1,"=""""","=""""","=""612.8724""","=""""","=""""","=""8.6e+04""",D,"=""107496.4166""","=""123808.513""","=""3s2.3p5.(2P*<1/2>).4p""","=""2[1/2]""","=""1""","=""3s2.3p5.(2P*<3/2>).6d""","=""2[3/2]*""","=""2""",,"=""T1164n""","=""""",
Ar,5,"=""""","=""""","=""613.378""","=""0.003""","=""""","=""4.9e-05""",D,"=""0.000""","=""16298.66""","=""3s2.3p2""","=""3P""","=""0""","=""3s2.3p2""","=""1D""","=""2""",E2,"=""T761""","=""""",
Ar,2,"=""613.483""","=""0.002""","=""613.483796""","=""0.000015""","=""0h?""","=""""",,"=""186171.3330""","=""202467.1718""","=""3s2.3p4.(3P).4d""","=""4P""","=""1/2""","=""3s2.3p4.(3P).6p""","=""4D*""","=""3/2""",,"=""""","=""L14821""",
Ar,2,"=""613.86551""","=""0.00005""","=""613.865544""","=""0.000015""","=""28""","=""1.2e+06""",B,"=""143107.6801""","=""159393.3850""","=""3s2.3p4.(3P).3d""","=""4F""","=""5/2""","=""3s2.3p4.(3P).4p""","=""2D*""","=""3/2""",,"=""T926""","=""L11520""",
Ar,2,"=""614.2615""","=""0.0008""","=""614.261098""","=""0.000023""","=""2""","=""""",,"=""191974.5800""","=""208249.7978""","=""3s2.3p4.(1S).4p""","=""2P*""","=""3/2""","=""3s2.3p4.(3P).7s""","=""2P""","=""3/2""",,"=""""","=""L14821""",
Ar,1,"=""614.5441""","=""""","=""614.54412""","=""""","=""10""","=""7.6e+05""",C,"=""107289.7001""","=""123557.4227""","=""3s2.3p5.(2P*<1/2>).4p""","=""2[3/2]""","=""2""","=""3s2.3p5.(2P*<1/2>).5d""","=""2[5/2]*""","=""3""",,"=""T1218n""","=""L2634""",
Ar,2,"=""614.646""","=""0.002""","=""614.648409""","=""0.000015""","=""0""","=""""",,"=""191012.4246""","=""207277.3869""","=""3s2.3p4.(3P).5p""","=""2D*""","=""3/2""","=""3s2.3p4.(3P).7s""","=""4P""","=""3/2""",,"=""""","=""L14821""",
Ar,1,"=""""","=""""","=""615.52382""","=""""","=""""","=""5.1e+05""",D,"=""106237.5518""","=""122479.3820""","=""3s2.3p5.(2P*<3/2>).4p""","=""2[3/2]""","=""2""","=""3s2.3p5.(2P*<3/2>).7s""","=""2[3/2]*""","=""1""",,"=""T1218n""","=""""",
Ar,1,"=""""","=""""","=""616.51229""","=""""","=""""","=""9.89e+04""",C,"=""107289.7001""","=""123505.4896""","=""3s2.3p5.(2P*<1/2>).4p""","=""2[3/2]""","=""2""","=""3s2.3p5.(2P*<1/2>).5d""","=""2[5/2]*""","=""2""",,"=""T1218n""","=""""",
Ar,2,"=""616.67835""","=""0.00008""","=""616.67821""","=""0.00010""","=""4""","=""""",,"=""192712.058""","=""208923.4846""","=""3s2.3p4.(3P).4d""","=""2D""","=""3/2""","=""3s2.3p4.(1D<2>).4f""","=""2[2]*""","=""3/2""",,"=""""","=""L2634""",
Ar,2,"=""616.76273""","=""0.00008""","=""616.76267""","=""0.00010""","=""4""","=""""",,"=""192712.058""","=""208921.2645""","=""3s2.3p4.(3P).4d""","=""2D""","=""3/2""","=""3s2.3p4.(1D<2>).4f""","=""2[2]*""","=""5/2""",,"=""""","=""L2634""",
Ar,1,"=""617.0174""","=""""","=""617.01738""","=""""","=""7""","=""5.0e+05""",C,"=""106237.5518""","=""122440.0672""","=""3s2.3p5.(2P*<3/2>).4p""","=""2[3/2]""","=""2""","=""3s2.3p5.(2P*<3/2>).7s""","=""2[3/2]*""","=""2""",,"=""T1218n""","=""L2634""",
Ar,2,"=""617.22775""","=""0.00001""","=""617.227751""","=""0.000016""","=""407""","=""2.00e+07""",A,"=""154204.0240""","=""170401.0170""","=""3s2.3p4.(1D).3d""","=""2G""","=""7/2""","=""3s2.3p4.(1D).4p""","=""2F*""","=""5/2""",,"=""T926""","=""L11520""",
Ar,1,"=""617.3096""","=""""","=""617.3096""","=""""","=""10""","=""6.7e+05""",C,"=""106087.2598""","=""122282.104""","=""3s2.3p5.(2P*<3/2>).4p""","=""2[3/2]""","=""1""","=""3s2.3p5.(2P*<3/2>).5d""","=""2[5/2]*""","=""2""",,"=""T1218n""","=""L2634""",
Ar,2,"=""617.4378""","=""0.0008""","=""617.44040""","=""0.00007""","=""3""","=""""",,"=""174821.0098""","=""191012.4246""","=""3s2.3p4.(1D).3d""","=""2P""","=""1/2""","=""3s2.3p4.(3P).5p""","=""2D*""","=""3/2""",,"=""""","=""L14821""",
Ar,1,"=""""","=""""","=""617.94195""","=""""","=""""","=""6.6e+04""",D,"=""107289.7001""","=""123467.9733""","=""3s2.3p5.(2P*<1/2>).4p""","=""2[3/2]""","=""2""","=""3s2.3p5.(2P*<3/2>).6d""","=""2[1/2]*""","=""1""",,"=""T1218n""","=""""",
Ar,2,"=""618.3024""","=""0.0008""","=""618.30237""","=""0.00004""","=""2""","=""""",,"=""189934.6322""","=""206103.4749""","=""3s2.3p4.(3P).4d""","=""2P""","=""1/2""","=""3s2.3p4.(3P<1>).5f""","=""2[2]*""","=""3/2""",,"=""""","=""L14821""",
Ar,2,"=""618.71350""","=""0.00008""","=""618.71348""","=""0.00005""","=""9""","=""""",,"=""179931.8393""","=""196089.9385""","=""3s2.3p4.(1S).3d""","=""2D""","=""3/2""","=""3s2.3p4.(3P<1>).4f""","=""2[2]*""","=""5/2""",,"=""""","=""L2634""",
Ar,2,"=""619.2301""","=""0.0008""","=""619.22958""","=""0.00006""","=""2""","=""""",,"=""179931.8393""","=""196076.4715""","=""3s2.3p4.(1S).3d""","=""2D""","=""3/2""","=""3s2.3p4.(3P<1>).4f""","=""2[2]*""","=""3/2""",,"=""""","=""L14821""",
Ar,2,"=""620.11002""","=""0.00008""","=""620.10994""","=""0.00007""","=""9""","=""""",,"=""174821.0098""","=""190942.7220""","=""3s2.3p4.(1D).3d""","=""2P""","=""1/2""","=""3s2.3p4.(3P).5p""","=""2S*""","=""1/2""",,"=""""","=""L2634""",
Ar,2,"=""620.6463""","=""0.0008""","=""620.645824""","=""0.000016""","=""1""","=""""",,"=""191169.5946""","=""207277.3869""","=""3s2.3p4.(3P).5p""","=""4S*""","=""3/2""","=""3s2.3p4.(3P).7s""","=""4P""","=""3/2""",,"=""""","=""L14821""",
Ar,2,"=""620.8935""","=""0.0008""","=""620.89316""","=""0.00006""","=""2""","=""""",,"=""174409.8916""","=""190511.2674""","=""3s2.3p4.(1D).3d""","=""2P""","=""3/2""","=""3s2.3p4.(3P).5p""","=""2D*""","=""5/2""",,"=""""","=""L14821""",
Ar,2,"=""621.0420""","=""0.0008""","=""621.04183""","=""0.00006""","=""1""","=""""",,"=""174409.8916""","=""190507.4128""","=""3s2.3p4.(1D).3d""","=""2P""","=""3/2""","=""3s2.3p4.(3P).5p""","=""2P*""","=""3/2""",,"=""""","=""L14821""",
Ar,2,"=""""","=""""","=""621.224738""","=""0.000011""","=""""","=""2.1e+03""",E,"=""139258.3389""","=""155351.1206""","=""3s2.3p4.(3P).4s""","=""2P""","=""1/2""","=""3s2.3p4.(3P).4p""","=""4P*""","=""3/2""",,"=""T997n""","=""""",
Ar,1,"=""621.2503""","=""""","=""621.2503""","=""""","=""10""","=""3.9e+05""",D+,"=""106237.5518""","=""122329.672""","=""3s2.3p5.(2P*<3/2>).4p""","=""2[3/2]""","=""2""","=""3s2.3p5.(2P*<3/2>).5d""","=""2[5/2]*""","=""3""",,"=""T1218n""","=""L2634""",
Ar,1,"=""621.5938""","=""""","=""621.59387""","=""""","=""5""","=""5.7e+05""",D+,"=""107289.7001""","=""123372.9253""","=""3s2.3p5.(2P*<1/2>).4p""","=""2[3/2]""","=""2""","=""3s2.3p5.(2P*<1/2>).5d""","=""2[3/2]*""","=""2""",,"=""T1218n""","=""L2634""",
Ar,1,"=""""","=""""","=""623.0921""","=""""","=""""","=""1.2e+04""",D,"=""106237.5518""","=""122282.104""","=""3s2.3p5.(2P*<3/2>).4p""","=""2[3/2]""","=""2""","=""3s2.3p5.(2P*<3/2>).5d""","=""2[5/2]*""","=""2""",,"=""T1164n""","=""""",
Ar,2,"=""623.2892""","=""0.0008""","=""623.28888""","=""0.00003""","=""2""","=""""",,"=""190592.2306""","=""206631.7185""","=""3s2.3p4.(3P).4d""","=""2P""","=""3/2""","=""3s2.3p4.(3P<0>).5f""","=""2[3]*""","=""5/2""",,"=""""","=""L14821""",
Ar,2,"=""623.457""","=""0.002""","=""623.45229""","=""0.00003""","=""1p""","=""""",,"=""192556.9179""","=""208592.2016""","=""3s2.3p4.(3P).4d""","=""2D""","=""5/2""","=""3s2.3p4.(1D<2>).4f""","=""2[1]*""","=""3/2""",,"=""""","=""L14821""",
Ar,2,"=""623.97120""","=""0.00008""","=""623.971198""","=""0.000020""","=""8""","=""2.e+05""",D,"=""143371.4364""","=""159393.3850""","=""3s2.3p4.(3P).3d""","=""4F""","=""3/2""","=""3s2.3p4.(3P).4p""","=""2D*""","=""3/2""",,"=""T926""","=""L2634""",
Ar,2,"=""624.31199""","=""0.00001""","=""624.311983""","=""0.000016""","=""89""","=""3.0e+06""",B,"=""142717.0965""","=""158730.2995""","=""3s2.3p4.(3P).3d""","=""4F""","=""7/2""","=""3s2.3p4.(3P).4p""","=""2D*""","=""5/2""",,"=""T926""","=""L11520""",
Ar,1,"=""""","=""""","=""624.3390""","=""""","=""""","=""1.3e+05""",D,"=""107496.4166""","=""123508.927""","=""3s2.3p5.(2P*<1/2>).4p""","=""2[1/2]""","=""1""","=""3s2.3p5.(2P*<3/2>).6d""","=""2[1/2]*""","=""0""",,"=""T1218n""","=""""",
Ar,1,"=""""","=""""","=""624.47304""","=""""","=""""","=""2.0e+04""",D,"=""107496.4166""","=""123505.4896""","=""3s2.3p5.(2P*<1/2>).4p""","=""2[1/2]""","=""1""","=""3s2.3p5.(2P*<1/2>).5d""","=""2[5/2]*""","=""2""",,"=""T1218n""","=""""",
Ar,1,"=""""","=""""","=""624.84057""","=""""","=""""","=""6.8e+04""",D,"=""106087.2598""","=""122086.9164""","=""3s2.3p5.(2P*<3/2>).4p""","=""2[3/2]""","=""1""","=""3s2.3p5.(2P*<3/2>).5d""","=""2[3/2]*""","=""2""",,"=""T1218n""","=""""",
Ar,2,"=""624.9975""","=""0.0008""","=""624.99859""","=""0.00003""","=""1""","=""""",,"=""192333.4986""","=""208329.1101""","=""3s2.3p4.(1S).4p""","=""2P*""","=""1/2""","=""3s2.3p4.(3P).7s""","=""4P""","=""1/2""",,"=""""","=""L14821""",
Ar,2,"=""627.315""","=""0.002""","=""627.31452""","=""0.00006""","=""0h""","=""""",,"=""172829.6539""","=""188766.2129""","=""3s2.3p4.(1D).3d""","=""2D""","=""3/2""","=""3s2.3p4.(3P).5p""","=""4P*""","=""5/2""",,"=""""","=""L14821""",
Ar,2,"=""627.7425""","=""0.0008""","=""627.742657""","=""0.000016""","=""2""","=""""",,"=""191169.5946""","=""207095.2846""","=""3s2.3p4.(3P).5p""","=""4S*""","=""3/2""","=""3s2.3p4.(3P).7s""","=""4P""","=""5/2""",,"=""""","=""L14821""",
Ar,1,"=""""","=""""","=""627.86454""","=""""","=""""","=""2.0e+04""",D,"=""106237.5518""","=""122160.1502""","=""3s2.3p5.(2P*<3/2>).4p""","=""2[3/2]""","=""2""","=""3s2.3p5.(2P*<3/2>).5d""","=""2[7/2]*""","=""3""",,"=""T1218n""","=""""",
Ar,2,"=""628.112""","=""0.002""","=""628.113036""","=""0.000020""","=""0""","=""""",,"=""192333.4986""","=""208249.7978""","=""3s2.3p4.(1S).4p""","=""2P*""","=""1/2""","=""3s2.3p4.(3P).7s""","=""2P""","=""3/2""",,"=""""","=""L14821""",
Ar,2,"=""628.2823""","=""0.0008""","=""628.28252""","=""0.00007""","=""1""","=""""",,"=""174821.0098""","=""190733.0156""","=""3s2.3p4.(1D).3d""","=""2P""","=""1/2""","=""3s2.3p4.(3P).5p""","=""4D*""","=""1/2""",,"=""""","=""L14821""",
Ar,2,"=""629.450""","=""0.002""","=""629.44964""","=""0.00008""","=""0.5""","=""""",,"=""196315.5916""","=""212198.0935""","=""3s2.3p4.(3P<1>).4f""","=""2[3]*""","=""5/2""","=""3s2.3p4.(3P<0>).6g""","=""2[4]""","=""7/2""",,"=""""","=""L14821""",
Ar,2,"=""629.5446""","=""0.0008""","=""629.54312""","=""0.00008""","=""2""","=""""",,"=""192712.058""","=""208592.2016""","=""3s2.3p4.(3P).4d""","=""2D""","=""3/2""","=""3s2.3p4.(1D<2>).4f""","=""2[1]*""","=""3/2""",,"=""""","=""L14821""",
Ar,1,"=""629.6872""","=""""","=""629.68726""","=""""","=""7""","=""9.0e+05""",D+,"=""107496.4166""","=""123372.9253""","=""3s2.3p5.(2P*<1/2>).4p""","=""2[1/2]""","=""1""","=""3s2.3p5.(2P*<1/2>).5d""","=""2[3/2]*""","=""2""",,"=""T1218n""","=""L2634""",
Ar,1,"=""630.7657""","=""""","=""630.76569""","=""""","=""15""","=""6.0e+05""",D+,"=""106237.5518""","=""122086.9164""","=""3s2.3p5.(2P*<3/2>).4p""","=""2[3/2]""","=""2""","=""3s2.3p5.(2P*<3/2>).5d""","=""2[3/2]*""","=""2""",,"=""T1218n""","=""L2634""",
Ar,1,"=""""","=""""","=""630.91603""","=""""","=""""","=""7.6e+04""",D,"=""106087.2598""","=""121932.8477""","=""3s2.3p5.(2P*<3/2>).4p""","=""2[3/2]""","=""1""","=""3s2.3p5.(2P*<3/2>).5d""","=""2[1/2]*""","=""1""",,"=""T1218n""","=""""",
Ar,2,"=""631.540""","=""0.002""","=""631.54070""","=""0.00016""","=""1""","=""""",,"=""194800.2662""","=""210630.181""","=""3s2.3p4.(3P<2>).4f""","=""2[4]*""","=""9/2""","=""3s2.3p4.(3P<2>).6g""","=""2[3]""","=""7/2""",,"=""""","=""L14821""",
Ar,2,"=""632.3735""","=""0.0008""","=""632.37174""","=""0.00012""","=""3""","=""""",,"=""194800.2662""","=""210609.378""","=""3s2.3p4.(3P<2>).4f""","=""2[4]*""","=""9/2""","=""3s2.3p4.(3P<2>).6g""","=""2[4]""","=""9/2""",,"=""""","=""L14821""",
Ar,2,"=""632.416""","=""0.002""","=""632.41631""","=""0.00016""","=""1p*""","=""""",,"=""194822.1833""","=""210630.181""","=""3s2.3p4.(3P<2>).4f""","=""2[4]*""","=""7/2""","=""3s2.3p4.(3P<2>).6g""","=""2[3]""","=""7/2""",,"=""""","=""L14821""",
Ar,2,"=""632.416""","=""0.002""","=""632.41887""","=""0.00008""","=""1p*""","=""""",,"=""194822.1833""","=""210630.117""","=""3s2.3p4.(3P<2>).4f""","=""2[4]*""","=""7/2""","=""3s2.3p4.(3P<2>).6g""","=""2[3]""","=""5/2""",,"=""""","=""L14821""",
Ar,2,"=""632.44151""","=""0.00012""","=""632.44176""","=""0.00005""","=""12""","=""""",,"=""194800.2662""","=""210607.6278""","=""3s2.3p4.(3P<2>).4f""","=""2[4]*""","=""9/2""","=""3s2.3p4.(3P<2>).6g""","=""2[5]""","=""11/2""",,"=""""","=""L11520""",
Ar,2,"=""632.6117""","=""0.0008""","=""632.6117""","=""0.0008""","=""2*""","=""""",,"=""208803.3311""","=""224606.447""","=""3s2.3p4.(1D<2>).4f""","=""2[5]*""","=""11/2""","=""3s2.3p4.(1D<2>).6g""","=""2[6]""","=""13/2""",,"=""""","=""L14821""",
Ar,2,"=""632.6117""","=""0.0008""","=""632.6117""","=""0.0008""","=""2*""","=""""",,"=""208803.3348""","=""224606.450""","=""3s2.3p4.(1D<2>).4f""","=""2[5]*""","=""9/2""","=""3s2.3p4.(1D<2>).6g""","=""2[6]""","=""11/2""",,"=""""","=""L14821""",
Ar,2,"=""632.8474""","=""0.0008""","=""632.84661""","=""0.00016""","=""1""","=""""",,"=""194861.3529""","=""210658.602""","=""3s2.3p4.(3P<2>).4f""","=""2[3]*""","=""5/2""","=""3s2.3p4.(3P<2>).6g""","=""2[2]""","=""3/2""",,"=""""","=""L14821""",
Ar,2,"=""633.2499""","=""0.0008""","=""633.24966""","=""0.00012""","=""5""","=""""",,"=""194822.1833""","=""210609.378""","=""3s2.3p4.(3P<2>).4f""","=""2[4]*""","=""7/2""","=""3s2.3p4.(3P<2>).6g""","=""2[4]""","=""9/2""",,"=""""","=""L14821""",
Ar,2,"=""633.2832""","=""0.0008""","=""633.28495""","=""0.00006""","=""1""","=""""",,"=""174409.8916""","=""190196.2066""","=""3s2.3p4.(1D).3d""","=""2P""","=""3/2""","=""3s2.3p4.(3P).5p""","=""2P*""","=""1/2""",,"=""""","=""L14821""",
Ar,2,"=""633.3147""","=""0.0002""","=""633.31468""","=""0.00006""","=""6""","=""""",,"=""194822.1833""","=""210607.7571""","=""3s2.3p4.(3P<2>).4f""","=""2[4]*""","=""7/2""","=""3s2.3p4.(3P<2>).6g""","=""2[5]""","=""9/2""",,"=""""","=""L11520""",
Ar,2,"=""633.713""","=""0.002""","=""633.71341""","=""0.00006""","=""0""","=""""",,"=""194883.0921""","=""210658.7338""","=""3s2.3p4.(3P<2>).4f""","=""2[3]*""","=""7/2""","=""3s2.3p4.(3P<2>).6g""","=""2[2]""","=""5/2""",,"=""""","=""L14821""",
Ar,2,"=""633.9897""","=""0.0008""","=""633.98981""","=""0.00008""","=""3""","=""""",,"=""194861.3529""","=""210630.117""","=""3s2.3p4.(3P<2>).4f""","=""2[3]*""","=""5/2""","=""3s2.3p4.(3P<2>).6g""","=""2[3]""","=""5/2""",,"=""""","=""L14821""",
Ar,2,"=""634.82272""","=""0.00019""","=""634.82281""","=""0.00004""","=""7""","=""""",,"=""194861.3529""","=""210609.4258""","=""3s2.3p4.(3P<2>).4f""","=""2[3]*""","=""5/2""","=""3s2.3p4.(3P<2>).6g""","=""2[4]""","=""7/2""",,"=""""","=""L11520""",
Ar,2,"=""634.8601""","=""0.0008""","=""634.86248""","=""0.00016""","=""2""","=""""",,"=""194883.0921""","=""210630.181""","=""3s2.3p4.(3P<2>).4f""","=""2[3]*""","=""7/2""","=""3s2.3p4.(3P<2>).6g""","=""2[3]""","=""7/2""",,"=""""","=""L14821""",
Ar,2,"=""635.7025""","=""0.0003""","=""635.70229""","=""0.00012""","=""7""","=""""",,"=""194883.0921""","=""210609.378""","=""3s2.3p4.(3P<2>).4f""","=""2[3]*""","=""7/2""","=""3s2.3p4.(3P<2>).6g""","=""2[4]""","=""9/2""",,"=""""","=""L11520""",
Ar,2,"=""635.76776""","=""0.00008""","=""635.76782""","=""0.00006""","=""8""","=""""",,"=""194883.0921""","=""210607.7571""","=""3s2.3p4.(3P<2>).4f""","=""2[3]*""","=""7/2""","=""3s2.3p4.(3P<2>).6g""","=""2[5]""","=""9/2""",,"=""""","=""L2634""",
Ar,1,"=""""","=""""","=""636.48937""","=""""","=""""","=""5.6e+05""",D+,"=""106087.2598""","=""121794.0988""","=""3s2.3p5.(2P*<3/2>).4p""","=""2[3/2]""","=""1""","=""3s2.3p5.(2P*<3/2>).5d""","=""2[1/2]*""","=""0""",,"=""T1218n""","=""""",
Ar,2,"=""636.5440""","=""0.0008""","=""636.54546""","=""0.00004""","=""1""","=""""",,"=""179592.2248""","=""195297.6798""","=""3s2.3p4.(1S).3d""","=""2D""","=""5/2""","=""3s2.3p4.(3P<2>).4f""","=""2[1]*""","=""3/2""",,"=""""","=""L14821""",
Ar,2,"=""636.9128""","=""0.0008""","=""636.91233""","=""0.00006""","=""2""","=""""",,"=""174409.8916""","=""190106.3000""","=""3s2.3p4.(1D).3d""","=""2P""","=""3/2""","=""3s2.3p4.(3P).5p""","=""4D*""","=""3/2""",,"=""""","=""L14821""",
Ar,1,"=""636.9575""","=""""","=""636.95748""","=""""","=""7""","=""4.2e+05""",D+,"=""106237.5518""","=""121932.8477""","=""3s2.3p5.(2P*<3/2>).4p""","=""2[3/2]""","=""2""","=""3s2.3p5.(2P*<3/2>).5d""","=""2[1/2]*""","=""1""",,"=""T1218n""","=""L2634""",
Ar,2,"=""637.319""","=""0.002""","=""637.31859""","=""0.00007""","=""0""","=""""",,"=""174821.0098""","=""190507.4128""","=""3s2.3p4.(1D).3d""","=""2P""","=""1/2""","=""3s2.3p4.(3P).5p""","=""2P*""","=""3/2""",,"=""""","=""L14821""",
Ar,2,"=""637.5945""","=""0.0008""","=""637.59543""","=""0.00006""","=""3""","=""""",,"=""158730.2995""","=""174409.8916""","=""3s2.3p4.(3P).4p""","=""2D*""","=""5/2""","=""3s2.3p4.(1D).3d""","=""2P""","=""3/2""",,"=""""","=""L14821""",
Ar,2,"=""638.2696""","=""0.0008""","=""638.26931""","=""0.00003""","=""3""","=""""",,"=""190592.2306""","=""206255.2684""","=""3s2.3p4.(3P).4d""","=""2P""","=""3/2""","=""3s2.3p4.(3P<1>).5f""","=""2[3]*""","=""5/2""",,"=""""","=""L14821""",
Ar,2,"=""638.30967""","=""0.00008""","=""638.30994""","=""0.00017""","=""5""","=""""",,"=""194996.5613""","=""210658.602""","=""3s2.3p4.(3P<2>).4f""","=""2[2]*""","=""3/2""","=""3s2.3p4.(3P<2>).6g""","=""2[2]""","=""3/2""",,"=""""","=""L2634""",
Ar,1,"=""638.4717""","=""""","=""638.47167""","=""""","=""20""","=""4.21e+05""",C,"=""104102.0990""","=""119760.1725""","=""3s2.3p5.(2P*<3/2>).4p""","=""2[1/2]""","=""1""","=""3s2.3p5.(2P*<3/2>).6s""","=""2[3/2]*""","=""1""",,"=""T1218n""","=""L2634""",
Ar,2,"=""638.8341""","=""0.0003""","=""638.83417""","=""0.00009""","=""5""","=""""",,"=""196076.4715""","=""211725.660""","=""3s2.3p4.(3P<1>).4f""","=""2[2]*""","=""3/2""","=""3s2.3p4.(3P<1>).6g""","=""2[3]""","=""5/2""",,"=""""","=""L11520""",
Ar,2,"=""639.1117""","=""0.0008""","=""639.11273""","=""0.00008""","=""2""","=""""",,"=""196119.1021""","=""211761.470""","=""3s2.3p4.(3P<1>).4f""","=""2[4]*""","=""7/2""","=""3s2.3p4.(3P<1>).6g""","=""2[4]""","=""7/2""",,"=""""","=""L14821""",
Ar,2,"=""639.3802""","=""0.0006""","=""639.38006""","=""0.00006""","=""7bl""","=""""",,"=""196089.9385""","=""211725.7661""","=""3s2.3p4.(3P<1>).4f""","=""2[2]*""","=""5/2""","=""3s2.3p4.(3P<1>).6g""","=""2[3]""","=""7/2""",,"=""""","=""L11520""",
Ar,2,"=""639.4729""","=""0.0003""","=""639.47298""","=""0.00009""","=""7""","=""""",,"=""194996.5613""","=""210630.117""","=""3s2.3p4.(3P<2>).4f""","=""2[2]*""","=""3/2""","=""3s2.3p4.(3P<2>).6g""","=""2[3]""","=""5/2""",,"=""""","=""L11520""",
Ar,2,"=""639.66084""","=""0.00016""","=""639.66112""","=""0.00005""","=""11""","=""""",,"=""196103.4029""","=""211732.3605""","=""3s2.3p4.(3P<1>).4f""","=""2[4]*""","=""9/2""","=""3s2.3p4.(3P<1>).6g""","=""2[5]""","=""11/2""",,"=""""","=""L11520""",
Ar,2,"=""639.7184""","=""0.0008""","=""639.71951""","=""0.00008""","=""2""","=""""",,"=""195031.2028""","=""210658.7338""","=""3s2.3p4.(3P<2>).4f""","=""2[2]*""","=""5/2""","=""3s2.3p4.(3P<2>).6g""","=""2[2]""","=""5/2""",,"=""""","=""L14821""",
Ar,2,"=""639.92085""","=""0.00008""","=""639.920633""","=""0.000017""","=""18""","=""6.e+05""",C,"=""143107.6801""","=""158730.2995""","=""3s2.3p4.(3P).3d""","=""4F""","=""5/2""","=""3s2.3p4.(3P).4p""","=""2D*""","=""5/2""",,"=""T926""","=""L11520""",
Ar,2,"=""640.30123""","=""0.00015""","=""640.30137""","=""0.00004""","=""11""","=""""",,"=""196119.1021""","=""211732.4320""","=""3s2.3p4.(3P<1>).4f""","=""2[4]*""","=""7/2""","=""3s2.3p4.(3P<1>).6g""","=""2[5]""","=""9/2""",,"=""""","=""L11520""",
Ar,2,"=""640.8909""","=""0.0004""","=""640.89048""","=""0.00017""","=""7""","=""""",,"=""195031.2028""","=""210630.181""","=""3s2.3p4.(3P<2>).4f""","=""2[2]*""","=""5/2""","=""3s2.3p4.(3P<2>).6g""","=""2[3]""","=""7/2""",,"=""""","=""L11520""",
Ar,1,"=""641.6307""","=""""","=""641.63067""","=""""","=""70""","=""1.16e+06""",C,"=""104102.0990""","=""119683.0821""","=""3s2.3p5.(2P*<3/2>).4p""","=""2[1/2]""","=""1""","=""3s2.3p5.(2P*<3/2>).6s""","=""2[3/2]*""","=""2""",,"=""T1218n""","=""L2634""",
Ar,2,"=""641.7417""","=""0.0008""","=""641.74436""","=""0.00005""","=""1""","=""""",,"=""195031.2028""","=""210609.4258""","=""3s2.3p4.(3P<2>).4f""","=""2[2]*""","=""5/2""","=""3s2.3p4.(3P<2>).6g""","=""2[4]""","=""7/2""",,"=""""","=""L14821""",
Ar,2,"=""641.83696""","=""0.00019""","=""641.83726""","=""0.00007""","=""10""","=""""",,"=""196621.9658""","=""212197.9340""","=""3s2.3p4.(3P<0>).4f""","=""2[3]*""","=""7/2""","=""3s2.3p4.(3P<0>).6g""","=""2[4]""","=""9/2""",,"=""""","=""L11520""",
Ar,2,"=""642.2894""","=""0.0003""","=""642.28983""","=""0.00009""","=""7""","=""""",,"=""196633.1005""","=""212198.0935""","=""3s2.3p4.(3P<0>).4f""","=""2[3]*""","=""5/2""","=""3s2.3p4.(3P<0>).6g""","=""2[4]""","=""7/2""",,"=""""","=""L11520""",
Ar,2,"=""642.4144""","=""0.0008""","=""642.416486""","=""0.000017""","=""1""","=""""",,"=""187589.3383""","=""203151.2627""","=""3s2.3p4.(3P).4d""","=""2F""","=""5/2""","=""3s2.3p4.(1D).5p""","=""2F*""","=""5/2""",,"=""""","=""L14821""",
Ar,1,"=""""","=""""","=""643.15549""","=""""","=""""","=""5.1e+04""",D,"=""105617.2700""","=""121161.3135""","=""3s2.3p5.(2P*<3/2>).4p""","=""2[5/2]""","=""2""","=""3s2.3p5.(2P*<1/2>).6s""","=""2[1/2]*""","=""1""",,"=""T1218n""","=""""",
Ar,2,"=""643.1556""","=""0.0002""","=""643.155902""","=""0.000013""","=""6""","=""""",,"=""170530.4040""","=""186074.4375""","=""3s2.3p4.(1D).4p""","=""2F*""","=""7/2""","=""3s2.3p4.(3P).4d""","=""4F""","=""5/2""",,"=""""","=""L11520""",
Ar,2,"=""643.3683""","=""0.0008""","=""643.370035""","=""0.000017""","=""1""","=""""",,"=""186891.0393""","=""202429.8993""","=""3s2.3p4.(3P).4d""","=""4P""","=""5/2""","=""3s2.3p4.(3P).6p""","=""4D*""","=""7/2""",,"=""""","=""L14821""",
Ar,5,"=""643.510""","=""0.010""","=""643.512""","=""0.003""","=""*""","=""2.23e-01""",C,"=""763.236""","=""16298.66""","=""3s2.3p2""","=""3P""","=""1""","=""3s2.3p2""","=""1D""","=""2""",M1,"=""T335,T761""","=""L3453""",
Ar,5,"=""643.510""","=""0.010""","=""643.512""","=""0.003""","=""*""","=""3.5e-04""",D,"=""763.236""","=""16298.66""","=""3s2.3p2""","=""3P""","=""1""","=""3s2.3p2""","=""1D""","=""2""",E2,"=""T761""","=""L3453""",
Ar,2,"=""643.76013""","=""0.00011""","=""643.760043""","=""0.000017""","=""11""","=""2.e+05""",E,"=""144709.9818""","=""160239.4280""","=""3s2.3p4.(3P).3d""","=""2P""","=""1/2""","=""3s2.3p4.(3P).4p""","=""2P*""","=""3/2""",,"=""T926""","=""L11520""",
Ar,2,"=""644.18981""","=""0.00013""","=""644.19002""","=""0.00004""","=""12""","=""""",,"=""195123.6464""","=""210642.7273""","=""3s2.3p4.(3P<2>).4f""","=""2[5]*""","=""11/2""","=""3s2.3p4.(3P<2>).6g""","=""2[6]""","=""11/2""",,"=""""","=""L11520""",
Ar,2,"=""644.38591""","=""0.00016""","=""644.38630""","=""0.00004""","=""12""","=""""",,"=""195128.3735""","=""210642.7273""","=""3s2.3p4.(3P<2>).4f""","=""2[5]*""","=""9/2""","=""3s2.3p4.(3P<2>).6g""","=""2[6]""","=""11/2""",,"=""""","=""L11520""",
Ar,2,"=""645.6489""","=""0.0008""","=""645.65030""","=""0.00005""","=""3""","=""""",,"=""195123.6464""","=""210607.6278""","=""3s2.3p4.(3P<2>).4f""","=""2[5]*""","=""11/2""","=""3s2.3p4.(3P<2>).6g""","=""2[5]""","=""11/2""",,"=""""","=""L14821""",
Ar,2,"=""645.771""","=""0.002""","=""645.77246""","=""0.00004""","=""0*""","=""""",,"=""195128.3735""","=""210609.4258""","=""3s2.3p4.(3P<2>).4f""","=""2[5]*""","=""9/2""","=""3s2.3p4.(3P<2>).6g""","=""2[4]""","=""7/2""",,"=""""","=""L14821""",
Ar,2,"=""645.771""","=""0.002""","=""645.77445""","=""0.00013""","=""0*""","=""""",,"=""195128.3735""","=""210609.378""","=""3s2.3p4.(3P<2>).4f""","=""2[5]*""","=""9/2""","=""3s2.3p4.(3P<2>).6g""","=""2[4]""","=""9/2""",,"=""""","=""L14821""",
Ar,2,"=""645.8403""","=""0.0008""","=""645.84207""","=""0.00006""","=""2""","=""""",,"=""195128.3735""","=""210607.7571""","=""3s2.3p4.(3P<2>).4f""","=""2[5]*""","=""9/2""","=""3s2.3p4.(3P<2>).6g""","=""2[5]""","=""9/2""",,"=""""","=""L14821""",
Ar,1,"=""""","=""""","=""646.6552""","=""""","=""""","=""1.5e+05""",D,"=""107054.2720""","=""122514.192""","=""3s2.3p5.(2P*<3/2>).4p""","=""2[1/2]""","=""0""","=""3s2.3p5.(2P*<3/2>).5d""","=""2[3/2]*""","=""1""",,"=""T1218n""","=""""",
Ar,2,"=""646.8047""","=""0.0002""","=""646.80495""","=""0.00009""","=""8""","=""""",,"=""196305.1289""","=""211761.469""","=""3s2.3p4.(3P<1>).4f""","=""2[3]*""","=""7/2""","=""3s2.3p4.(3P<1>).6g""","=""2[4]""","=""9/2""",,"=""""","=""L11520""",
Ar,2,"=""647.2428""","=""0.0004""","=""647.24304""","=""0.00008""","=""6""","=""""",,"=""196315.5916""","=""211761.470""","=""3s2.3p4.(3P<1>).4f""","=""2[3]*""","=""5/2""","=""3s2.3p4.(3P<1>).6g""","=""2[4]""","=""7/2""",,"=""""","=""L11520""",
Ar,2,"=""647.5312""","=""0.0008""","=""647.53233""","=""0.00005""","=""4""","=""""",,"=""179592.2248""","=""195031.2028""","=""3s2.3p4.(1S).3d""","=""2D""","=""5/2""","=""3s2.3p4.(3P<2>).4f""","=""2[2]*""","=""5/2""",,"=""""","=""L14821""",
Ar,2,"=""648.0085""","=""0.0008""","=""648.00885""","=""0.00008""","=""2""","=""""",,"=""159393.3850""","=""174821.0098""","=""3s2.3p4.(3P).4p""","=""2D*""","=""3/2""","=""3s2.3p4.(1D).3d""","=""2P""","=""1/2""",,"=""""","=""L14821""",
Ar,1,"=""""","=""""","=""648.11450""","=""""","=""""","=""9.4e+04""",D,"=""107054.2720""","=""122479.3820""","=""3s2.3p5.(2P*<3/2>).4p""","=""2[1/2]""","=""0""","=""3s2.3p5.(2P*<3/2>).7s""","=""2[3/2]*""","=""1""",,"=""T1218n""","=""""",
Ar,2,"=""648.30825""","=""0.00001""","=""648.308254""","=""0.000017""","=""120""","=""1.06e+07""",C+,"=""145668.8845""","=""161089.3846""","=""3s2.3p4.(3P).3d""","=""2P""","=""3/2""","=""3s2.3p4.(3P).4p""","=""2S*""","=""1/2""",,"=""T926""","=""L11520""",
Ar,2,"=""648.7444""","=""0.0008""","=""648.74266""","=""0.00006""","=""1*""","=""""",,"=""196315.5916""","=""211725.7661""","=""3s2.3p4.(3P<1>).4f""","=""2[3]*""","=""5/2""","=""3s2.3p4.(3P<1>).6g""","=""2[3]""","=""7/2""",,"=""""","=""L14821""",
Ar,2,"=""648.7444""","=""0.0008""","=""648.74712""","=""0.00008""","=""1*""","=""""",,"=""196315.5916""","=""211725.660""","=""3s2.3p4.(3P<1>).4f""","=""2[3]*""","=""5/2""","=""3s2.3p4.(3P<1>).6g""","=""2[3]""","=""5/2""",,"=""""","=""L14821""",
Ar,2,"=""648.985""","=""0.002""","=""648.98852""","=""0.00005""","=""0""","=""""",,"=""179592.2248""","=""194996.5613""","=""3s2.3p4.(1S).3d""","=""2D""","=""5/2""","=""3s2.3p4.(3P<2>).4f""","=""2[2]*""","=""3/2""",,"=""""","=""L14821""",
Ar,1,"=""""","=""""","=""649.39688""","=""""","=""""","=""3.1e+04""",D,"=""105617.2700""","=""121011.9198""","=""3s2.3p5.(2P*<3/2>).4p""","=""2[5/2]""","=""2""","=""3s2.3p5.(2P*<1/2>).4d""","=""2[3/2]*""","=""1""",,"=""T1164n""","=""""",
Ar,2,"=""650.02151""","=""0.00008""","=""650.021515""","=""0.000017""","=""5""","=""3.e+05""",C+,"=""145668.8845""","=""161048.7411""","=""3s2.3p4.(3P).3d""","=""2P""","=""3/2""","=""3s2.3p4.(3P).4p""","=""4S*""","=""3/2""",,"=""T926""","=""L2634""",
Ar,2,"=""650.13608""","=""0.00008""","=""650.13587""","=""0.00017""","=""6""","=""""",,"=""195281.4505""","=""210658.602""","=""3s2.3p4.(3P<2>).4f""","=""2[1]*""","=""1/2""","=""3s2.3p4.(3P<2>).6g""","=""2[2]""","=""3/2""",,"=""""","=""L2634""",
Ar,2,"=""650.2157""","=""0.0008""","=""650.21852""","=""0.00008""","=""3""","=""""",,"=""174821.0098""","=""190196.2066""","=""3s2.3p4.(1D).3d""","=""2P""","=""1/2""","=""3s2.3p4.(3P).5p""","=""2P*""","=""1/2""",,"=""""","=""L14821""",
Ar,2,"=""650.6138""","=""0.0008""","=""650.61444""","=""0.00006""","=""3""","=""""",,"=""179931.8393""","=""195297.6798""","=""3s2.3p4.(1S).3d""","=""2D""","=""3/2""","=""3s2.3p4.(3P<2>).4f""","=""2[1]*""","=""3/2""",,"=""""","=""L14821""",
Ar,2,"=""650.8174""","=""0.0004""","=""650.81718""","=""0.00007""","=""6""","=""""",,"=""195297.6798""","=""210658.7338""","=""3s2.3p4.(3P<2>).4f""","=""2[1]*""","=""3/2""","=""3s2.3p4.(3P<2>).6g""","=""2[2]""","=""5/2""",,"=""""","=""L11520""",
Ar,2,"=""650.9089""","=""0.0008""","=""650.910014""","=""0.000021""","=""6""","=""1.e+04""",D,"=""143371.4364""","=""158730.2995""","=""3s2.3p4.(3P).3d""","=""4F""","=""3/2""","=""3s2.3p4.(3P).4p""","=""2D*""","=""5/2""",,"=""T926""","=""L14821""",
Ar,1,"=""""","=""""","=""651.38458""","=""""","=""""","=""5.4e+04""",D,"=""107131.7086""","=""122479.3820""","=""3s2.3p5.(2P*<1/2>).4p""","=""2[3/2]""","=""1""","=""3s2.3p5.(2P*<3/2>).7s""","=""2[3/2]*""","=""1""",,"=""T1164n""","=""""",
Ar,2,"=""653.2927""","=""0.0008""","=""653.29440""","=""0.00003""","=""2""","=""""",,"=""191974.5800""","=""207277.3869""","=""3s2.3p4.(1S).4p""","=""2P*""","=""3/2""","=""3s2.3p4.(3P).7s""","=""4P""","=""3/2""",,"=""""","=""L14821""",
Ar,2,"=""653.80451""","=""0.00008""","=""653.80452""","=""0.00004""","=""20""","=""""",,"=""179592.2248""","=""194883.0921""","=""3s2.3p4.(1S).3d""","=""2D""","=""5/2""","=""3s2.3p4.(3P<2>).4f""","=""2[3]*""","=""7/2""",,"=""""","=""L11520""",
Ar,1,"=""653.8112""","=""""","=""653.81117""","=""""","=""15""","=""1.1e+05""",D+,"=""105462.7596""","=""120753.4714""","=""3s2.3p5.(2P*<3/2>).4p""","=""2[5/2]""","=""3""","=""3s2.3p5.(2P*<1/2>).4d""","=""2[5/2]*""","=""3""",,"=""T1218n""","=""L2634""",
Ar,2,"=""654.0409""","=""0.0008""","=""654.04307""","=""0.00008""","=""2""","=""""",,"=""174821.0098""","=""190106.3000""","=""3s2.3p4.(1D).3d""","=""2P""","=""1/2""","=""3s2.3p4.(3P).5p""","=""4D*""","=""3/2""",,"=""""","=""L14821""",
Ar,2,"=""654.7350""","=""0.0008""","=""654.73537""","=""0.00004""","=""3""","=""""",,"=""179592.2248""","=""194861.3529""","=""3s2.3p4.(1S).3d""","=""2D""","=""5/2""","=""3s2.3p4.(3P<2>).4f""","=""2[3]*""","=""5/2""",,"=""""","=""L14821""",
Ar,2,"=""655.1498""","=""0.0008""","=""655.14996""","=""0.00005""","=""3""","=""""",,"=""189934.6322""","=""205194.0978""","=""3s2.3p4.(3P).4d""","=""2P""","=""1/2""","=""3s2.3p4.(3P<2>).5f""","=""2[1]*""","=""3/2""",,"=""""","=""L14821""",
Ar,2,"=""655.7724""","=""0.0008""","=""655.77347""","=""0.00006""","=""2""","=""""",,"=""174409.8916""","=""189654.8487""","=""3s2.3p4.(1D).3d""","=""2P""","=""3/2""","=""3s2.3p4.(3P).5p""","=""4D*""","=""5/2""",,"=""""","=""L14821""",
Ar,2,"=""656.4170""","=""0.0008""","=""656.41928""","=""0.00004""","=""3p""","=""""",,"=""179592.2248""","=""194822.1833""","=""3s2.3p4.(1S).3d""","=""2D""","=""5/2""","=""3s2.3p4.(3P<2>).4f""","=""2[4]*""","=""7/2""",,"=""""","=""L14821""",
Ar,1,"=""""","=""""","=""659.61134""","=""""","=""""","=""2.3e+04""",D,"=""105462.7596""","=""120619.0162""","=""3s2.3p5.(2P*<3/2>).4p""","=""2[5/2]""","=""3""","=""3s2.3p5.(2P*<1/2>).4d""","=""2[5/2]*""","=""2""",,"=""T1164n""","=""""",
Ar,1,"=""""","=""""","=""659.86776""","=""""","=""""","=""3.6e+04""",D,"=""107289.7001""","=""122440.0672""","=""3s2.3p5.(2P*<1/2>).4p""","=""2[3/2]""","=""2""","=""3s2.3p5.(2P*<3/2>).7s""","=""2[3/2]*""","=""2""",,"=""T1164n""","=""""",
Ar,1,"=""""","=""""","=""660.40114""","=""""","=""""","=""2.8e+05""",D+,"=""105462.7596""","=""120600.8905""","=""3s2.3p5.(2P*<3/2>).4p""","=""2[5/2]""","=""3""","=""3s2.3p5.(2P*<1/2>).4d""","=""2[3/2]*""","=""2""",,"=""T1218n""","=""""",
Ar,1,"=""660.4853""","=""""","=""660.48532""","=""""","=""15""","=""1.3e+04""",D,"=""105617.2700""","=""120753.4714""","=""3s2.3p5.(2P*<3/2>).4p""","=""2[5/2]""","=""2""","=""3s2.3p5.(2P*<1/2>).4d""","=""2[5/2]*""","=""3""",,"=""T1218n""","=""L2634""",
Ar,2,"=""660.826""","=""0.004""","=""660.82726""","=""0.00010""","=""1bl?""","=""""",,"=""196633.1005""","=""211761.470""","=""3s2.3p4.(3P<0>).4f""","=""2[3]*""","=""5/2""","=""3s2.3p4.(3P<1>).6g""","=""2[4]""","=""7/2""",,"=""""","=""L14821""",
Ar,2,"=""661.1196""","=""0.0008""","=""661.11965""","=""0.00004""","=""2""","=""""",,"=""189934.6322""","=""205056.3109""","=""3s2.3p4.(3P).4d""","=""2P""","=""1/2""","=""3s2.3p4.(3P<2>).5f""","=""2[2]*""","=""3/2""",,"=""""","=""L14821""",
Ar,2,"=""661.4349""","=""0.0004""","=""661.43470""","=""0.00008""","=""6""","=""""",,"=""159706.5337""","=""174821.0098""","=""3s2.3p4.(3P).4p""","=""2P*""","=""1/2""","=""3s2.3p4.(1D).3d""","=""2P""","=""1/2""",,"=""""","=""L11520""",
Ar,2,"=""662.0965""","=""0.0002""","=""662.09672""","=""0.00007""","=""8""","=""""",,"=""179931.8393""","=""195031.2028""","=""3s2.3p4.(1S).3d""","=""2D""","=""3/2""","=""3s2.3p4.(3P<2>).4f""","=""2[2]*""","=""5/2""",,"=""""","=""L11520""",
Ar,2,"=""662.315""","=""0.002""","=""662.313378""","=""0.000018""","=""0""","=""""",,"=""170530.4040""","=""185624.8282""","=""3s2.3p4.(1D).4p""","=""2F*""","=""7/2""","=""3s2.3p4.(3P).4d""","=""4F""","=""7/2""",,"=""""","=""L14821""",
Ar,1,"=""""","=""""","=""663.20841""","=""""","=""""","=""5.3e+04""",D,"=""106087.2598""","=""121161.3135""","=""3s2.3p5.(2P*<3/2>).4p""","=""2[3/2]""","=""1""","=""3s2.3p5.(2P*<1/2>).6s""","=""2[1/2]*""","=""1""",,"=""T1218n""","=""""",
Ar,2,"=""663.620""","=""0.002""","=""663.61923""","=""0.00006""","=""0h""","=""""",,"=""179931.8393""","=""194996.5613""","=""3s2.3p4.(1S).3d""","=""2D""","=""3/2""","=""3s2.3p4.(3P<2>).4f""","=""2[2]*""","=""3/2""",,"=""""","=""L14821""",
Ar,2,"=""663.82202""","=""0.00001""","=""663.822027""","=""0.000018""","=""151""","=""1.37e+07""",A,"=""143107.6801""","=""158167.7999""","=""3s2.3p4.(3P).3d""","=""4F""","=""5/2""","=""3s2.3p4.(3P).4p""","=""4D*""","=""3/2""",,"=""T926""","=""L11520""",
Ar,2,"=""663.97403""","=""0.00002""","=""663.97402""","=""0.00003""","=""93""","=""1.69e+07""",A,"=""143371.4364""","=""158428.1087""","=""3s2.3p4.(3P).3d""","=""4F""","=""3/2""","=""3s2.3p4.(3P).4p""","=""4D*""","=""1/2""",,"=""T926""","=""L11520""",
Ar,2,"=""664.36973""","=""0.00001""","=""664.369734""","=""0.000018""","=""269""","=""1.47e+07""",B,"=""142186.3153""","=""157234.0196""","=""3s2.3p4.(3P).3d""","=""4F""","=""9/2""","=""3s2.3p4.(3P).4p""","=""4D*""","=""7/2""",,"=""T926""","=""L11520""",
Ar,2,"=""665.3583""","=""0.0008""","=""665.36015""","=""0.00009""","=""1""","=""""",,"=""190196.2066""","=""205221.512""","=""3s2.3p4.(3P).5p""","=""2P*""","=""1/2""","=""3s2.3p4.(3P).5d""","=""2P""","=""3/2""",,"=""""","=""L14821""",
Ar,1,"=""""","=""""","=""665.6938""","=""""","=""""","=""3.1e+04""",D,"=""107496.4166""","=""122514.192""","=""3s2.3p5.(2P*<1/2>).4p""","=""2[1/2]""","=""1""","=""3s2.3p5.(2P*<3/2>).5d""","=""2[3/2]*""","=""1""",,"=""T1164n""","=""""",
Ar,2,"=""665.7499""","=""0.0016""","=""665.75001""","=""0.00007""","=""2bl""","=""""",,"=""159393.3850""","=""174409.8916""","=""3s2.3p4.(3P).4p""","=""2D*""","=""3/2""","=""3s2.3p4.(1D).3d""","=""2P""","=""3/2""",,"=""""","=""L14821""",
Ar,1,"=""666.0676""","=""""","=""666.0677""","=""""","=""5""","=""7.8e+05""",D,"=""106087.2598""","=""121096.605""","=""3s2.3p5.(2P*<3/2>).4p""","=""2[3/2]""","=""1""","=""3s2.3p5.(2P*<1/2>).6s""","=""2[1/2]*""","=""0""",,"=""T1218n""","=""L2634""",
Ar,1,"=""666.4051""","=""""","=""666.40506""","=""""","=""5""","=""1.5e+05""",D+,"=""105617.2700""","=""120619.0162""","=""3s2.3p5.(2P*<3/2>).4p""","=""2[5/2]""","=""2""","=""3s2.3p5.(2P*<1/2>).4d""","=""2[5/2]*""","=""2""",,"=""T1218n""","=""L2634""",
Ar,2,"=""666.63587""","=""0.00001""","=""666.635878""","=""0.000018""","=""117""","=""8.8e+06""",B,"=""144709.9818""","=""159706.5337""","=""3s2.3p4.(3P).3d""","=""2P""","=""1/2""","=""3s2.3p4.(3P).4p""","=""2P*""","=""1/2""",,"=""T926""","=""L11520""",
Ar,1,"=""667.7282""","=""""","=""667.72811""","=""""","=""100""","=""2.36e+05""",B,"=""93750.5978""","=""108722.6194""","=""3s2.3p5.(2P*<3/2>).4s""","=""2[3/2]*""","=""1""","=""3s2.3p5.(2P*<1/2>).4p""","=""2[1/2]""","=""0""",,"=""T5223""","=""L2634""",
Ar,2,"=""668.42924""","=""0.00001""","=""668.429254""","=""0.000018""","=""204""","=""1.07e+07""",B+,"=""142717.0965""","=""157673.4134""","=""3s2.3p4.(3P).3d""","=""4F""","=""7/2""","=""3s2.3p4.(3P).4p""","=""4D*""","=""5/2""",,"=""T926""","=""L11520""",
Ar,1,"=""""","=""""","=""668.47883""","=""""","=""""","=""3.9e+04""",D,"=""107131.7086""","=""122086.9164""","=""3s2.3p5.(2P*<1/2>).4p""","=""2[3/2]""","=""1""","=""3s2.3p5.(2P*<3/2>).5d""","=""2[3/2]*""","=""2""",,"=""T1218n""","=""""",
Ar,2,"=""669.571""","=""0.002""","=""669.5709""","=""0.0005""","=""0.5""","=""""",,"=""189654.8487""","=""204585.664""","=""3s2.3p4.(3P).5p""","=""4D*""","=""5/2""","=""3s2.3p4.(3P).5d""","=""2D""","=""5/2""",,"=""""","=""L14821""",
Ar,2,"=""669.6296""","=""0.0008""","=""669.62931""","=""0.00006""","=""4""","=""""",,"=""179931.8393""","=""194861.3529""","=""3s2.3p4.(1S).3d""","=""2D""","=""3/2""","=""3s2.3p4.(3P<2>).4f""","=""2[3]*""","=""5/2""",,"=""""","=""L14821""",
Ar,1,"=""""","=""""","=""669.84708""","=""""","=""""","=""2.5e+04""",D,"=""106087.2598""","=""121011.9198""","=""3s2.3p5.(2P*<3/2>).4p""","=""2[3/2]""","=""1""","=""3s2.3p5.(2P*<1/2>).4d""","=""2[3/2]*""","=""1""",,"=""T1218n""","=""""",
Ar,1,"=""""","=""""","=""669.88740""","=""""","=""""","=""1.6e+05""",D+,"=""106237.5518""","=""121161.3135""","=""3s2.3p5.(2P*<3/2>).4p""","=""2[3/2]""","=""2""","=""3s2.3p5.(2P*<1/2>).6s""","=""2[1/2]*""","=""1""",,"=""T1218n""","=""""",
Ar,1,"=""""","=""""","=""671.92185""","=""""","=""""","=""2.4e+05""",D,"=""107054.2720""","=""121932.8477""","=""3s2.3p5.(2P*<3/2>).4p""","=""2[1/2]""","=""0""","=""3s2.3p5.(2P*<3/2>).5d""","=""2[1/2]*""","=""1""",,"=""T1218n""","=""""",
Ar,1,"=""""","=""""","=""672.28901""","=""""","=""""","=""3.2e+04""",D,"=""107289.7001""","=""122160.1502""","=""3s2.3p5.(2P*<1/2>).4p""","=""2[3/2]""","=""2""","=""3s2.3p5.(2P*<3/2>).5d""","=""2[7/2]*""","=""3""",,"=""T1218n""","=""""",
Ar,1,"=""675.2834""","=""""","=""675.28335""","=""""","=""150""","=""1.93e+06""",C,"=""104102.0990""","=""118906.6110""","=""3s2.3p5.(2P*<3/2>).4p""","=""2[1/2]""","=""1""","=""3s2.3p5.(2P*<3/2>).4d""","=""2[3/2]*""","=""2""",,"=""T1218n""","=""L2634""",
Ar,1,"=""""","=""""","=""675.43724""","=""""","=""""","=""2.1e+05""",D,"=""107131.7086""","=""121932.8477""","=""3s2.3p5.(2P*<1/2>).4p""","=""2[3/2]""","=""1""","=""3s2.3p5.(2P*<3/2>).5d""","=""2[1/2]*""","=""1""",,"=""T1218n""","=""""",
Ar,1,"=""675.6163""","=""""","=""675.61630""","=""""","=""5""","=""3.6e+05""",D+,"=""107289.7001""","=""122086.9164""","=""3s2.3p5.(2P*<1/2>).4p""","=""2[3/2]""","=""2""","=""3s2.3p5.(2P*<3/2>).5d""","=""2[3/2]*""","=""2""",,"=""T1218n""","=""L2634""",
Ar,2,"=""675.65522""","=""0.00005""","=""675.65524""","=""0.00003""","=""32""","=""2.0e+06""",B,"=""143371.4364""","=""158167.7999""","=""3s2.3p4.(3P).3d""","=""4F""","=""3/2""","=""3s2.3p4.(3P).4p""","=""4D*""","=""3/2""",,"=""T926""","=""L11520""",
Ar,1,"=""676.6612""","=""""","=""676.66113""","=""""","=""15""","=""4.0e+05""",D+,"=""106237.5518""","=""121011.9198""","=""3s2.3p5.(2P*<3/2>).4p""","=""2[3/2]""","=""2""","=""3s2.3p5.(2P*<1/2>).4d""","=""2[3/2]*""","=""1""",,"=""T1218n""","=""L2634""",
Ar,1,"=""""","=""""","=""677.99259""","=""""","=""""","=""1.21e+05""",C,"=""108722.6194""","=""123467.9733""","=""3s2.3p5.(2P*<1/2>).4p""","=""2[1/2]""","=""0""","=""3s2.3p5.(2P*<3/2>).6d""","=""2[1/2]*""","=""1""",,"=""T1164n""","=""""",
Ar,2,"=""679.9288""","=""0.0008""","=""679.92910""","=""0.00007""","=""3""","=""""",,"=""159706.5337""","=""174409.8916""","=""3s2.3p4.(3P).4p""","=""2P*""","=""1/2""","=""3s2.3p4.(1D).3d""","=""2P""","=""3/2""",,"=""""","=""L14821""",
Ar,2,"=""680.85312""","=""0.00009""","=""680.853130""","=""0.000019""","=""15""","=""7.e+05""",C,"=""144709.9818""","=""159393.3850""","=""3s2.3p4.(3P).3d""","=""2P""","=""1/2""","=""3s2.3p4.(3P).4p""","=""2D*""","=""3/2""",,"=""T926""","=""L11520""",
Ar,1,"=""""","=""""","=""681.82888""","=""""","=""""","=""2.0e+05""",D,"=""107131.7086""","=""121794.0988""","=""3s2.3p5.(2P*<1/2>).4p""","=""2[3/2]""","=""1""","=""3s2.3p5.(2P*<3/2>).5d""","=""2[1/2]*""","=""0""",,"=""T1218n""","=""""",
Ar,2,"=""681.8371""","=""0.0008""","=""681.83842""","=""0.00004""","=""8""","=""""",,"=""157673.4134""","=""172335.5985""","=""3s2.3p4.(3P).4p""","=""4D*""","=""5/2""","=""3s2.3p4.(1D).3d""","=""2D""","=""5/2""",,"=""""","=""L14821""",
Ar,1,"=""""","=""""","=""682.72488""","=""""","=""""","=""2.4e+05""",D,"=""107289.7001""","=""121932.8477""","=""3s2.3p5.(2P*<1/2>).4p""","=""2[3/2]""","=""2""","=""3s2.3p5.(2P*<3/2>).5d""","=""2[1/2]*""","=""1""",,"=""T1218n""","=""""",
Ar,2,"=""683.291""","=""0.002""","=""683.28970""","=""0.00007""","=""0""","=""""",,"=""174409.8916""","=""189040.9351""","=""3s2.3p4.(1D).3d""","=""2P""","=""3/2""","=""3s2.3p4.(3P).5p""","=""4P*""","=""3/2""",,"=""""","=""L14821""",
Ar,2,"=""683.9584""","=""0.0008""","=""683.95883""","=""0.00008""","=""4""","=""""",,"=""174821.0098""","=""189437.7396""","=""3s2.3p4.(1D).3d""","=""2P""","=""1/2""","=""3s2.3p4.(3P).5p""","=""4P*""","=""1/2""",,"=""""","=""L14821""",
Ar,2,"=""684.6540""","=""0.0008""","=""684.65500""","=""0.00005""","=""1""","=""""",,"=""190592.2306""","=""205194.0978""","=""3s2.3p4.(3P).4d""","=""2P""","=""3/2""","=""3s2.3p4.(3P<2>).5f""","=""2[1]*""","=""3/2""",,"=""""","=""L14821""",
Ar,1,"=""""","=""""","=""685.18842""","=""""","=""""","=""6.7e+04""",D,"=""107496.4166""","=""122086.9164""","=""3s2.3p5.(2P*<1/2>).4p""","=""2[1/2]""","=""1""","=""3s2.3p5.(2P*<3/2>).5d""","=""2[3/2]*""","=""2""",,"=""T1218n""","=""""",
Ar,2,"=""685.606""","=""0.002""","=""685.60748""","=""0.00008""","=""0.5h""","=""""",,"=""160239.4280""","=""174821.0098""","=""3s2.3p4.(3P).4p""","=""2P*""","=""3/2""","=""3s2.3p4.(1D).3d""","=""2P""","=""1/2""",,"=""""","=""L14821""",
Ar,2,"=""686.12689""","=""0.00001""","=""686.126880""","=""0.000019""","=""112""","=""2.4e+06""",C,"=""145668.8845""","=""160239.4280""","=""3s2.3p4.(3P).3d""","=""2P""","=""3/2""","=""3s2.3p4.(3P).4p""","=""2P*""","=""3/2""",,"=""T1600n""","=""L11520""",
Ar,2,"=""686.35347""","=""0.00004""","=""686.353469""","=""0.000019""","=""35""","=""2.5e+06""",B,"=""143107.6801""","=""157673.4134""","=""3s2.3p4.(3P).3d""","=""4F""","=""5/2""","=""3s2.3p4.(3P).4p""","=""4D*""","=""5/2""",,"=""T926""","=""L11520""",
Ar,2,"=""686.925""","=""0.002""","=""686.92354""","=""0.00010""","=""0.5h?""","=""""",,"=""196076.4715""","=""210630.117""","=""3s2.3p4.(3P<1>).4f""","=""2[2]*""","=""3/2""","=""3s2.3p4.(3P<2>).6g""","=""2[3]""","=""5/2""",,"=""""","=""L14821""",
Ar,1,"=""687.1289""","=""""","=""687.12889""","=""""","=""150""","=""2.78e+06""",C,"=""104102.0990""","=""118651.3950""","=""3s2.3p5.(2P*<3/2>).4p""","=""2[1/2]""","=""1""","=""3s2.3p5.(2P*<3/2>).4d""","=""2[1/2]*""","=""1""",,"=""T1218n""","=""L2634""",
Ar,2,"=""687.555""","=""0.002""","=""687.55674""","=""0.00019""","=""0.5h""","=""""",,"=""196089.9385""","=""210630.181""","=""3s2.3p4.(3P<1>).4f""","=""2[2]*""","=""5/2""","=""3s2.3p4.(3P<2>).6g""","=""2[3]""","=""7/2""",,"=""""","=""L14821""",
Ar,1,"=""687.9582""","=""""","=""687.95825""","=""""","=""5""","=""1.8e+05""",D+,"=""106087.2598""","=""120619.0162""","=""3s2.3p5.(2P*<3/2>).4p""","=""2[3/2]""","=""1""","=""3s2.3p5.(2P*<1/2>).4d""","=""2[5/2]*""","=""2""",,"=""T1218n""","=""L2634""",
Ar,2,"=""688.66118""","=""0.00007""","=""688.661208""","=""0.000019""","=""26""","=""9.e+05""",B,"=""142717.0965""","=""157234.0196""","=""3s2.3p4.(3P).3d""","=""4F""","=""7/2""","=""3s2.3p4.(3P).4p""","=""4D*""","=""7/2""",,"=""T926""","=""L11520""",
Ar,1,"=""""","=""""","=""688.70882""","=""""","=""""","=""1.3e+05""",D+,"=""106237.5518""","=""120753.4714""","=""3s2.3p5.(2P*<3/2>).4p""","=""2[3/2]""","=""2""","=""3s2.3p5.(2P*<1/2>).4d""","=""2[5/2]*""","=""3""",,"=""T1218n""","=""""",
Ar,1,"=""688.8174""","=""""","=""688.81743""","=""""","=""10""","=""2.5e+05""",D+,"=""106087.2598""","=""120600.8905""","=""3s2.3p5.(2P*<3/2>).4p""","=""2[3/2]""","=""1""","=""3s2.3p5.(2P*<1/2>).4d""","=""2[3/2]*""","=""2""",,"=""T1218n""","=""L2634""",
Ar,2,"=""689.262""","=""0.002""","=""689.26412""","=""0.00006""","=""0h""","=""""",,"=""196103.4029""","=""210607.6278""","=""3s2.3p4.(3P<1>).4f""","=""2[4]*""","=""9/2""","=""3s2.3p4.(3P<2>).6g""","=""2[5]""","=""11/2""",,"=""""","=""L14821""",
Ar,2,"=""690.0880""","=""0.0008""","=""690.08830""","=""0.00004""","=""2""","=""""",,"=""190592.2306""","=""205079.1331""","=""3s2.3p4.(3P).4d""","=""2P""","=""3/2""","=""3s2.3p4.(3P<2>).5f""","=""2[2]*""","=""5/2""",,"=""""","=""L14821""",
Ar,2,"=""690.446""","=""0.002""","=""690.4476""","=""0.0006""","=""0.5""","=""""",,"=""190106.3000""","=""204585.664""","=""3s2.3p4.(3P).5p""","=""4D*""","=""3/2""","=""3s2.3p4.(3P).5d""","=""2D""","=""5/2""",,"=""""","=""L14821""",
Ar,2,"=""691.176""","=""0.002""","=""691.17717""","=""0.00004""","=""0""","=""""",,"=""190592.2306""","=""205056.3109""","=""3s2.3p4.(3P).4d""","=""2P""","=""3/2""","=""3s2.3p4.(3P<2>).5f""","=""2[2]*""","=""3/2""",,"=""""","=""L14821""",
Ar,11,"=""691.6878""","=""0.0012""","=""691.6879""","=""0.0014""","=""""","=""6.65e+01""",B,"=""0.00""","=""14453.40""","=""2s2.2p4""","=""3P""","=""2""","=""2s2.2p4""","=""3P""","=""1""",M1,"=""T335""","=""L11956""",
Ar,11,"=""""","=""""","=""691.6879""","=""0.0014""","=""""","=""3.9e-04""",D,"=""0.00""","=""14453.40""","=""2s2.2p4""","=""3P""","=""2""","=""2s2.2p4""","=""3P""","=""1""",E2,"=""T335,T969""","=""""",
Ar,1,"=""""","=""""","=""692.50094""","=""""","=""""","=""1.2e+05""",D+,"=""107496.4166""","=""121932.8477""","=""3s2.3p5.(2P*<1/2>).4p""","=""2[1/2]""","=""1""","=""3s2.3p5.(2P*<3/2>).5d""","=""2[1/2]*""","=""1""",,"=""T1218n""","=""""",
Ar,1,"=""693.7664""","=""""","=""693.7664""","=""""","=""50""","=""3.08e+06""",C,"=""104102.0990""","=""118512.197""","=""3s2.3p5.(2P*<3/2>).4p""","=""2[1/2]""","=""1""","=""3s2.3p5.(2P*<3/2>).4d""","=""2[1/2]*""","=""0""",,"=""T1218n""","=""L2634""",
Ar,1,"=""695.1478""","=""""","=""695.14774""","=""""","=""7""","=""2.2e+05""",D,"=""106237.5518""","=""120619.0162""","=""3s2.3p5.(2P*<3/2>).4p""","=""2[3/2]""","=""2""","=""3s2.3p5.(2P*<1/2>).4d""","=""2[5/2]*""","=""2""",,"=""T1218n""","=""L2634""",
Ar,1,"=""696.0250""","=""""","=""696.02498""","=""""","=""7""","=""2.4e+05""",D,"=""106237.5518""","=""120600.8905""","=""3s2.3p5.(2P*<3/2>).4p""","=""2[3/2]""","=""2""","=""3s2.3p5.(2P*<1/2>).4d""","=""2[3/2]*""","=""2""",,"=""T1218n""","=""L2634""",
Ar,1,"=""696.5431""","=""""","=""696.54300""","=""""","=""10000""","=""6.4e+06""",B+,"=""93143.7600""","=""107496.4166""","=""3s2.3p5.(2P*<3/2>).4s""","=""2[3/2]*""","=""2""","=""3s2.3p5.(2P*<1/2>).4p""","=""2[1/2]""","=""1""",,"=""T5223""","=""L2634""",
Ar,2,"=""698.5708""","=""0.0008""","=""698.57060""","=""0.00010""","=""1""","=""""",,"=""190106.3000""","=""204417.2985""","=""3s2.3p4.(3P).5p""","=""4D*""","=""3/2""","=""3s2.3p4.(3P).5d""","=""2D""","=""3/2""",,"=""""","=""L14821""",
Ar,2,"=""699.0122""","=""0.0008""","=""699.011248""","=""0.000025""","=""5""","=""2.e+05""",C+,"=""143371.4364""","=""157673.4134""","=""3s2.3p4.(3P).3d""","=""4F""","=""3/2""","=""3s2.3p4.(3P).4p""","=""4D*""","=""5/2""",,"=""T926""","=""L14821""",
Ar,1,"=""""","=""""","=""699.22122""","=""""","=""""","=""7.5e+05""",D+,"=""107496.4166""","=""121794.0988""","=""3s2.3p5.(2P*<1/2>).4p""","=""2[1/2]""","=""1""","=""3s2.3p5.(2P*<3/2>).5d""","=""2[1/2]*""","=""0""",,"=""T1218n""","=""""",
Ar,2,"=""700.144""","=""0.002""","=""700.14636""","=""0.00010""","=""0.5""","=""""",,"=""190942.7220""","=""205221.512""","=""3s2.3p4.(3P).5p""","=""2S*""","=""1/2""","=""3s2.3p4.(3P).5d""","=""2P""","=""3/2""",,"=""""","=""L14821""",
Ar,5,"=""700.587""","=""0.007""","=""700.583""","=""0.005""","=""*""","=""5.2e-01""",C,"=""2028.76""","=""16298.66""","=""3s2.3p2""","=""3P""","=""2""","=""3s2.3p2""","=""1D""","=""2""",M1,"=""T335,T761""","=""L16109""",
Ar,5,"=""700.587""","=""0.007""","=""700.583""","=""0.005""","=""*""","=""1.6e-03""",D,"=""2028.76""","=""16298.66""","=""3s2.3p2""","=""3P""","=""2""","=""3s2.3p2""","=""1D""","=""2""",E2,"=""T761""","=""L16109""",
Ar,1,"=""703.0251""","=""""","=""703.02507""","=""""","=""150""","=""2.67e+06""",C,"=""105462.7596""","=""119683.0821""","=""3s2.3p5.(2P*<3/2>).4p""","=""2[5/2]""","=""3""","=""3s2.3p5.(2P*<3/2>).6s""","=""2[3/2]*""","=""2""",,"=""T1218n""","=""L2634""",
Ar,2,"=""705.069""","=""0.002""","=""705.06759""","=""0.00004""","=""0.5""","=""""",,"=""189934.6322""","=""204113.7598""","=""3s2.3p4.(3P).4d""","=""2P""","=""1/2""","=""3s2.3p4.(1D).5p""","=""2D*""","=""3/2""",,"=""""","=""L14821""",
Ar,2,"=""705.4993""","=""0.0008""","=""705.49868""","=""0.00007""","=""3""","=""""",,"=""160239.4280""","=""174409.8916""","=""3s2.3p4.(3P).4p""","=""2P*""","=""3/2""","=""3s2.3p4.(1D).3d""","=""2P""","=""3/2""",,"=""""","=""L14821""",
Ar,1,"=""706.7218""","=""""","=""706.72175""","=""""","=""10000""","=""3.8e+06""",B,"=""93143.7600""","=""107289.7001""","=""3s2.3p5.(2P*<3/2>).4s""","=""2[3/2]*""","=""2""","=""3s2.3p5.(2P*<1/2>).4p""","=""2[3/2]""","=""2""",,"=""T5223""","=""L2634""",
Ar,1,"=""706.8736""","=""""","=""706.87354""","=""""","=""100""","=""2.0e+06""",D+,"=""105617.2700""","=""119760.1725""","=""3s2.3p5.(2P*<3/2>).4p""","=""2[5/2]""","=""2""","=""3s2.3p5.(2P*<3/2>).6s""","=""2[3/2]*""","=""1""",,"=""T1218n""","=""L2634""",
Ar,2,"=""707.7024""","=""0.0008""","=""707.702344""","=""0.000020""","=""5""","=""1.e+05""",C+,"=""143107.6801""","=""157234.0196""","=""3s2.3p4.(3P).3d""","=""4F""","=""5/2""","=""3s2.3p4.(3P).4p""","=""4D*""","=""7/2""",,"=""T926""","=""L14821""",
Ar,1,"=""""","=""""","=""708.67047""","=""""","=""""","=""1.5e+05""",D+,"=""107054.2720""","=""121161.3135""","=""3s2.3p5.(2P*<3/2>).4p""","=""2[1/2]""","=""0""","=""3s2.3p5.(2P*<1/2>).6s""","=""2[1/2]*""","=""1""",,"=""T1218n""","=""""",
Ar,2,"=""709.0560""","=""0.0008""","=""709.05684""","=""0.00008""","=""1""","=""""",,"=""158730.2995""","=""172829.6539""","=""3s2.3p4.(3P).4p""","=""2D*""","=""5/2""","=""3s2.3p4.(1D).3d""","=""2D""","=""3/2""",,"=""""","=""L14821""",
Ar,2,"=""710.1190""","=""0.0008""","=""710.1197""","=""0.0006""","=""1""","=""""",,"=""190507.4128""","=""204585.664""","=""3s2.3p4.(3P).5p""","=""2P*""","=""3/2""","=""3s2.3p4.(3P).5d""","=""2D""","=""5/2""",,"=""""","=""L14821""",
Ar,2,"=""710.311""","=""0.002""","=""710.3142""","=""0.0006""","=""0.5""","=""""",,"=""190511.2674""","=""204585.664""","=""3s2.3p4.(3P).5p""","=""2D*""","=""5/2""","=""3s2.3p4.(3P).5d""","=""2D""","=""5/2""",,"=""""","=""L14821""",
Ar,1,"=""710.7478""","=""""","=""710.74772""","=""""","=""25""","=""4.5e+05""",D+,"=""105617.2700""","=""119683.0821""","=""3s2.3p5.(2P*<3/2>).4p""","=""2[5/2]""","=""2""","=""3s2.3p5.(2P*<3/2>).6s""","=""2[3/2]*""","=""2""",,"=""T1218n""","=""L2634""",
Ar,2,"=""712.1737""","=""0.0003""","=""712.173658""","=""0.000021""","=""6""","=""5.e+05""",E,"=""145668.8845""","=""159706.5337""","=""3s2.3p4.(3P).3d""","=""2P""","=""3/2""","=""3s2.3p4.(3P).4p""","=""2P*""","=""1/2""",,"=""T926""","=""L11520""",
Ar,1,"=""712.5820""","=""""","=""712.58201""","=""""","=""25""","=""6.0e+05""",D+,"=""107131.7086""","=""121161.3135""","=""3s2.3p5.(2P*<1/2>).4p""","=""2[3/2]""","=""1""","=""3s2.3p5.(2P*<1/2>).6s""","=""2[1/2]*""","=""1""",,"=""T1218n""","=""L2634""",
Ar,3,"=""713.580""","=""0.004""","=""713.579""","=""0.004""","=""*""","=""3.21e-01""",C,"=""0.000""","=""14010.00""","=""3s2.3p4""","=""3P""","=""2""","=""3s2.3p4""","=""1D""","=""2""",M1,"=""T335,T761""","=""L3452""",
Ar,3,"=""713.580""","=""0.004""","=""713.579""","=""0.004""","=""*""","=""1.4e-03""",D,"=""0.000""","=""14010.00""","=""3s2.3p4""","=""3P""","=""2""","=""3s2.3p4""","=""1D""","=""2""",E2,"=""T761""","=""L3452""",
Ar,1,"=""714.7042""","=""""","=""714.70410""","=""""","=""1000""","=""6.3e+05""",B,"=""93143.7600""","=""107131.7086""","=""3s2.3p5.(2P*<3/2>).4s""","=""2[3/2]*""","=""2""","=""3s2.3p5.(2P*<1/2>).4p""","=""2[3/2]""","=""1""",,"=""T5223""","=""L2634""",
Ar,1,"=""715.8839""","=""""","=""715.8839""","=""""","=""15""","=""2.1e+06""",D+,"=""107131.7086""","=""121096.605""","=""3s2.3p5.(2P*<1/2>).4p""","=""2[3/2]""","=""1""","=""3s2.3p5.(2P*<1/2>).6s""","=""2[1/2]*""","=""0""",,"=""T1218n""","=""L2634""",
Ar,1,"=""""","=""""","=""716.25567""","=""""","=""""","=""5.8e+04""",D,"=""107054.2720""","=""121011.9198""","=""3s2.3p5.(2P*<3/2>).4p""","=""2[1/2]""","=""0""","=""3s2.3p5.(2P*<1/2>).4d""","=""2[3/2]*""","=""1""",,"=""T1218n""","=""""",
Ar,4,"=""717.062""","=""0.010""","=""717.070""","=""0.019""","=""*""","=""8.1e-01""",C,"=""21090.6""","=""35032.4""","=""3s2.3p3""","=""2D*""","=""3/2""","=""3s2.3p3""","=""2P*""","=""3/2""",M1,"=""T761""","=""L3452""",
Ar,4,"=""717.062""","=""0.010""","=""717.070""","=""0.019""","=""*""","=""9.8e-02""",C,"=""21090.6""","=""35032.4""","=""3s2.3p3""","=""2D*""","=""3/2""","=""3s2.3p3""","=""2P*""","=""3/2""",E2,"=""T761""","=""L3452""",
Ar,2,"=""718.2098""","=""0.0008""","=""718.21037""","=""0.00010""","=""2""","=""""",,"=""192712.058""","=""206631.7185""","=""3s2.3p4.(3P).4d""","=""2D""","=""3/2""","=""3s2.3p4.(3P<0>).5f""","=""2[3]*""","=""5/2""",,"=""""","=""L14821""",
Ar,2,"=""718.715""","=""0.002""","=""718.71507""","=""0.00010""","=""0""","=""""",,"=""190507.4128""","=""204417.2985""","=""3s2.3p4.(3P).5p""","=""2P*""","=""3/2""","=""3s2.3p4.(3P).5d""","=""2D""","=""3/2""",,"=""""","=""L14821""",
Ar,1,"=""720.6980""","=""""","=""720.69805""","=""""","=""70""","=""2.48e+06""",C,"=""107289.7001""","=""121161.3135""","=""3s2.3p5.(2P*<1/2>).4p""","=""2[3/2]""","=""2""","=""3s2.3p5.(2P*<1/2>).6s""","=""2[1/2]*""","=""1""",,"=""T1218n""","=""L2634""",
Ar,1,"=""""","=""""","=""722.994""","=""""","=""""","=""6.6e+04""",D,"=""105617.2700""","=""119444.83""","=""3s2.3p5.(2P*<3/2>).4p""","=""2[5/2]""","=""2""","=""3s2.3p5.(2P*<3/2>).4d""","=""2[5/2]*""","=""2""",,"=""T1218n""","=""""",
Ar,2,"=""723.35341""","=""0.00009""","=""723.35358""","=""0.00005""","=""23""","=""3.7e+06""",C+,"=""147228.0521""","=""161048.7411""","=""3s2.3p4.(3P).3d""","=""4P""","=""1/2""","=""3s2.3p4.(3P).4p""","=""4S*""","=""3/2""",,"=""T926""","=""L11520""",
Ar,4,"=""723.726""","=""0.030""","=""723.777""","=""0.019""","=""*""","=""4.44e-01""",C,"=""21219.8""","=""35032.4""","=""3s2.3p3""","=""2D*""","=""5/2""","=""3s2.3p3""","=""2P*""","=""3/2""",M1,"=""T761""","=""L3452""",
Ar,4,"=""723.726""","=""0.030""","=""723.777""","=""0.019""","=""*""","=""2.26e-01""",C,"=""21219.8""","=""35032.4""","=""3s2.3p3""","=""2D*""","=""5/2""","=""3s2.3p3""","=""2P*""","=""3/2""",E2,"=""T761""","=""L3452""",
Ar,2,"=""724.945""","=""0.002""","=""724.94770""","=""0.00005""","=""0.5""","=""""",,"=""194883.0921""","=""208673.3904""","=""3s2.3p4.(3P<2>).4f""","=""2[3]*""","=""7/2""","=""3s2.3p4.(3P).6d""","=""4F""","=""5/2""",,"=""""","=""L14821""",
Ar,4,"=""726.276""","=""0.030""","=""726.333""","=""0.019""","=""*""","=""4.88e-01""",C,"=""21090.6""","=""34854.6""","=""3s2.3p3""","=""2D*""","=""3/2""","=""3s2.3p3""","=""2P*""","=""1/2""",M1,"=""T761""","=""L3452""",
Ar,4,"=""726.276""","=""0.030""","=""726.333""","=""0.019""","=""*""","=""1.90e-01""",C,"=""21090.6""","=""34854.6""","=""3s2.3p3""","=""2D*""","=""3/2""","=""3s2.3p3""","=""2P*""","=""1/2""",E2,"=""T761""","=""L3452""",
Ar,1,"=""726.5172""","=""""","=""726.517""","=""""","=""15""","=""1.7e+05""",D,"=""106087.2598""","=""119847.77""","=""3s2.3p5.(2P*<3/2>).4p""","=""2[3/2]""","=""1""","=""3s2.3p5.(2P*<3/2>).4d""","=""2[3/2]*""","=""1""",,"=""T1218n""","=""L2634""",
Ar,1,"=""727.0664""","=""""","=""727.067""","=""""","=""7""","=""1.1e+05""",D,"=""105462.7596""","=""119212.87""","=""3s2.3p5.(2P*<3/2>).4p""","=""2[5/2]""","=""3""","=""3s2.3p5.(2P*<3/2>).4d""","=""2[7/2]*""","=""3""",,"=""T1218n""","=""L2634""",
Ar,1,"=""727.2936""","=""""","=""727.29354""","=""""","=""2000""","=""1.83e+06""",B+,"=""93750.5978""","=""107496.4166""","=""3s2.3p5.(2P*<3/2>).4s""","=""2[3/2]*""","=""1""","=""3s2.3p5.(2P*<1/2>).4p""","=""2[1/2]""","=""1""",,"=""T5223""","=""L2634""",
Ar,2,"=""728.0454""","=""0.0008""","=""728.04531""","=""0.00010""","=""2""","=""""",,"=""161089.3846""","=""174821.0098""","=""3s2.3p4.(3P).4p""","=""2S*""","=""1/2""","=""3s2.3p4.(1D).3d""","=""2P""","=""1/2""",,"=""""","=""L14821""",
Ar,2,"=""728.4232""","=""0.0003""","=""728.423257""","=""0.000022""","=""7""","=""""",,"=""145668.8845""","=""159393.3850""","=""3s2.3p4.(3P).3d""","=""2P""","=""3/2""","=""3s2.3p4.(3P).4p""","=""2D*""","=""3/2""",,"=""""","=""L11520""",
Ar,1,"=""""","=""""","=""728.54433""","=""""","=""""","=""1.2e+05""",D,"=""107289.7001""","=""121011.9198""","=""3s2.3p5.(2P*<1/2>).4p""","=""2[3/2]""","=""2""","=""3s2.3p5.(2P*<1/2>).4d""","=""2[3/2]*""","=""1""",,"=""T1218n""","=""""",
Ar,2,"=""729.815""","=""0.002""","=""729.81382""","=""0.00004""","=""0.5""","=""""",,"=""192556.9179""","=""206255.2684""","=""3s2.3p4.(3P).4d""","=""2D""","=""5/2""","=""3s2.3p4.(3P<1>).5f""","=""2[3]*""","=""5/2""",,"=""""","=""L14821""",
Ar,1,"=""731.1716""","=""""","=""731.17161""","=""""","=""35""","=""1.7e+06""",D+,"=""106087.2598""","=""119760.1725""","=""3s2.3p5.(2P*<3/2>).4p""","=""2[3/2]""","=""1""","=""3s2.3p5.(2P*<3/2>).6s""","=""2[3/2]*""","=""1""",,"=""T1218n""","=""L2634""",
Ar,1,"=""731.6005""","=""""","=""731.60052""","=""""","=""25""","=""9.6e+05""",D+,"=""107496.4166""","=""121161.3135""","=""3s2.3p5.(2P*<1/2>).4p""","=""2[1/2]""","=""1""","=""3s2.3p5.(2P*<1/2>).6s""","=""2[1/2]*""","=""1""",,"=""T1218n""","=""L2634""",
Ar,4,"=""""","=""""","=""733.215""","=""0.019""","=""""","=""1.22e-01""",C,"=""21219.8""","=""34854.6""","=""3s2.3p3""","=""2D*""","=""5/2""","=""3s2.3p3""","=""2P*""","=""1/2""",E2,"=""T761""","=""""",
Ar,2,"=""734.80495""","=""0.00016""","=""734.80530""","=""0.00005""","=""16""","=""""",,"=""158730.2995""","=""172335.5985""","=""3s2.3p4.(3P).4p""","=""2D*""","=""5/2""","=""3s2.3p4.(1D).3d""","=""2D""","=""5/2""",,"=""""","=""L11520""",
Ar,1,"=""735.0814""","=""""","=""735.0814""","=""""","=""5""","=""1.2e+06""",D+,"=""107496.4166""","=""121096.605""","=""3s2.3p5.(2P*<1/2>).4p""","=""2[1/2]""","=""1""","=""3s2.3p5.(2P*<1/2>).6s""","=""2[1/2]*""","=""0""",,"=""T1218n""","=""L2634""",
Ar,1,"=""""","=""""","=""735.31749""","=""""","=""""","=""2.1e+05""",E,"=""106087.2598""","=""119683.0821""","=""3s2.3p5.(2P*<3/2>).4p""","=""2[3/2]""","=""1""","=""3s2.3p5.(2P*<3/2>).6s""","=""2[3/2]*""","=""2""",,"=""T1203""","=""""",
Ar,1,"=""735.3293""","=""""","=""735.330""","=""""","=""70""","=""9.6e+05""",D+,"=""105617.2700""","=""119212.87""","=""3s2.3p5.(2P*<3/2>).4p""","=""2[5/2]""","=""2""","=""3s2.3p5.(2P*<3/2>).4d""","=""2[7/2]*""","=""3""",,"=""T1218n""","=""L2634""",
Ar,2,"=""735.5180""","=""0.0008""","=""735.51852""","=""0.00004""","=""2""","=""""",,"=""192556.9179""","=""206149.0242""","=""3s2.3p4.(3P).4d""","=""2D""","=""5/2""","=""3s2.3p4.(3P<1>).5f""","=""2[4]*""","=""7/2""",,"=""""","=""L14821""",
Ar,2,"=""735.8338""","=""0.0008""","=""735.83442""","=""0.00003""","=""2""","=""2.e+05""",C,"=""147503.1134""","=""161089.3846""","=""3s2.3p4.(3P).3d""","=""4P""","=""3/2""","=""3s2.3p4.(3P).4p""","=""2S*""","=""1/2""",,"=""T926""","=""L14821""",
Ar,1,"=""737.2118""","=""""","=""737.2117""","=""""","=""200""","=""1.9e+06""",D+,"=""105462.7596""","=""119023.648""","=""3s2.3p5.(2P*<3/2>).4p""","=""2[5/2]""","=""3""","=""3s2.3p5.(2P*<3/2>).4d""","=""2[7/2]*""","=""4""",,"=""T1218n""","=""L2634""",
Ar,2,"=""738.04229""","=""0.00005""","=""738.04229""","=""0.00003""","=""44""","=""5.6e+06""",C+,"=""147503.1134""","=""161048.7411""","=""3s2.3p4.(3P).3d""","=""4P""","=""3/2""","=""3s2.3p4.(3P).4p""","=""4S*""","=""3/2""",,"=""T926""","=""L11520""",
Ar,1,"=""738.3980""","=""""","=""738.39801""","=""""","=""10000""","=""8.5e+06""",B,"=""93750.5978""","=""107289.7001""","=""3s2.3p5.(2P*<3/2>).4s""","=""2[3/2]*""","=""1""","=""3s2.3p5.(2P*<1/2>).4p""","=""2[3/2]""","=""2""",,"=""T5223""","=""L2634""",
Ar,1,"=""739.2980""","=""""","=""739.29798""","=""""","=""20""","=""7.2e+05""",D+,"=""106237.5518""","=""119760.1725""","=""3s2.3p5.(2P*<3/2>).4p""","=""2[3/2]""","=""2""","=""3s2.3p5.(2P*<3/2>).6s""","=""2[3/2]*""","=""1""",,"=""T1218n""","=""L2634""",
Ar,1,"=""741.2337""","=""""","=""741.23366""","=""""","=""15""","=""3.9e+05""",D+,"=""107131.7086""","=""120619.0162""","=""3s2.3p5.(2P*<1/2>).4p""","=""2[3/2]""","=""1""","=""3s2.3p5.(2P*<1/2>).4d""","=""2[5/2]*""","=""2""",,"=""T1218n""","=""L2634""",
Ar,2,"=""741.9341""","=""0.0008""","=""741.93400""","=""0.00011""","=""1""","=""""",,"=""190942.7220""","=""204417.2985""","=""3s2.3p4.(3P).5p""","=""2S*""","=""1/2""","=""3s2.3p4.(3P).5d""","=""2D""","=""3/2""",,"=""""","=""L14821""",
Ar,1,"=""""","=""""","=""742.23116""","=""""","=""""","=""6.6e+04""",D,"=""107131.7086""","=""120600.8905""","=""3s2.3p5.(2P*<1/2>).4p""","=""2[3/2]""","=""1""","=""3s2.3p5.(2P*<1/2>).4d""","=""2[3/2]*""","=""2""",,"=""T1218n""","=""""",
Ar,1,"=""742.5294""","=""""","=""742.52943""","=""""","=""10""","=""3.1e+05""",D,"=""107289.7001""","=""120753.4714""","=""3s2.3p5.(2P*<1/2>).4p""","=""2[3/2]""","=""2""","=""3s2.3p5.(2P*<1/2>).4d""","=""2[5/2]*""","=""3""",,"=""T1218n""","=""L2634""",
Ar,2,"=""742.8574""","=""0.0008""","=""742.857900""","=""0.000022""","=""2""","=""""",,"=""144709.9818""","=""158167.7999""","=""3s2.3p4.(3P).3d""","=""2P""","=""1/2""","=""3s2.3p4.(3P).4p""","=""4D*""","=""3/2""",,"=""""","=""L14821""",
Ar,1,"=""743.5368""","=""""","=""743.53680""","=""""","=""25""","=""9.0e+05""",D+,"=""106237.5518""","=""119683.0821""","=""3s2.3p5.(2P*<3/2>).4p""","=""2[3/2]""","=""2""","=""3s2.3p5.(2P*<3/2>).6s""","=""2[3/2]*""","=""2""",,"=""T1218n""","=""L2634""",
Ar,1,"=""743.6297""","=""""","=""743.62965""","=""""","=""10""","=""2.7e+05""",D,"=""105462.7596""","=""118906.6110""","=""3s2.3p5.(2P*<3/2>).4p""","=""2[5/2]""","=""3""","=""3s2.3p5.(2P*<3/2>).4d""","=""2[3/2]*""","=""2""",,"=""T1218n""","=""L2634""",
Ar,2,"=""744.0491""","=""0.0008""","=""744.04931""","=""0.00008""","=""4""","=""""",,"=""159393.3850""","=""172829.6539""","=""3s2.3p4.(3P).4p""","=""2D*""","=""3/2""","=""3s2.3p4.(1D).3d""","=""2D""","=""3/2""",,"=""""","=""L14821""",
Ar,2,"=""745.5996""","=""0.0008""","=""745.60031""","=""0.00011""","=""2""","=""""",,"=""192712.058""","=""206120.3769""","=""3s2.3p4.(3P).4d""","=""2D""","=""3/2""","=""3s2.3p4.(3P<1>).5f""","=""2[2]*""","=""5/2""",,"=""""","=""L14821""",
Ar,1,"=""""","=""""","=""747.11636""","=""""","=""""","=""2.20e+04""",B,"=""93750.5978""","=""107131.7086""","=""3s2.3p5.(2P*<3/2>).4s""","=""2[3/2]*""","=""1""","=""3s2.3p5.(2P*<1/2>).4p""","=""2[3/2]""","=""1""",,"=""T5223""","=""""",
Ar,1,"=""""","=""""","=""748.433""","=""""","=""""","=""3.4e+05""",D+,"=""106087.2598""","=""119444.83""","=""3s2.3p5.(2P*<3/2>).4p""","=""2[3/2]""","=""1""","=""3s2.3p5.(2P*<3/2>).4d""","=""2[5/2]*""","=""2""",,"=""T1218n""","=""""",
Ar,1,"=""750.3869""","=""""","=""750.38680""","=""""","=""20000""","=""4.5e+07""",B,"=""95399.8276""","=""108722.6194""","=""3s2.3p5.(2P*<1/2>).4s""","=""2[1/2]*""","=""1""","=""3s2.3p5.(2P*<1/2>).4p""","=""2[1/2]""","=""0""",,"=""T5223""","=""L2634""",
Ar,2,"=""750.5153""","=""0.0008""","=""750.51551""","=""0.00008""","=""1""","=""""",,"=""161089.3846""","=""174409.8916""","=""3s2.3p4.(3P).4p""","=""2S*""","=""1/2""","=""3s2.3p4.(1D).3d""","=""2P""","=""3/2""",,"=""""","=""L14821""",
Ar,1,"=""""","=""""","=""751.04080""","=""""","=""""","=""4.5e+05""",D,"=""107289.7001""","=""120600.8905""","=""3s2.3p5.(2P*<1/2>).4p""","=""2[3/2]""","=""2""","=""3s2.3p5.(2P*<1/2>).4d""","=""2[3/2]*""","=""2""",,"=""T1164n""","=""""",
Ar,1,"=""751.4652""","=""""","=""751.46512""","=""""","=""15000""","=""4.0e+07""",B,"=""93750.5978""","=""107054.2720""","=""3s2.3p5.(2P*<3/2>).4s""","=""2[3/2]*""","=""1""","=""3s2.3p5.(2P*<3/2>).4p""","=""2[1/2]""","=""0""",,"=""T5223""","=""L2634""",
Ar,2,"=""758.93152""","=""0.00003""","=""758.93149""","=""0.00003""","=""72""","=""1.07e+07""",B,"=""147875.9477""","=""161048.7411""","=""3s2.3p4.(3P).3d""","=""4P""","=""5/2""","=""3s2.3p4.(3P).4p""","=""4S*""","=""3/2""",,"=""T926""","=""L11520""",
Ar,2,"=""761.803""","=""0.002""","=""761.80419""","=""0.00009""","=""1""","=""""",,"=""159706.5337""","=""172829.6539""","=""3s2.3p4.(3P).4p""","=""2P*""","=""1/2""","=""3s2.3p4.(1D).3d""","=""2D""","=""3/2""",,"=""""","=""L14821""",
Ar,1,"=""""","=""""","=""761.83441""","=""""","=""""","=""2.9e+05""",D,"=""107496.4166""","=""120619.0162""","=""3s2.3p5.(2P*<1/2>).4p""","=""2[1/2]""","=""1""","=""3s2.3p5.(2P*<1/2>).4d""","=""2[5/2]*""","=""2""",,"=""T1218n""","=""""",
Ar,1,"=""""","=""""","=""762.88816""","=""""","=""""","=""2.9e+05""",D,"=""107496.4166""","=""120600.8905""","=""3s2.3p5.(2P*<1/2>).4p""","=""2[1/2]""","=""1""","=""3s2.3p5.(2P*<1/2>).4d""","=""2[3/2]*""","=""2""",,"=""T1218n""","=""""",
Ar,1,"=""763.5106""","=""""","=""763.51054""","=""""","=""25000""","=""2.45e+07""",B,"=""93143.7600""","=""106237.5518""","=""3s2.3p5.(2P*<3/2>).4s""","=""2[3/2]*""","=""2""","=""3s2.3p5.(2P*<3/2>).4p""","=""2[3/2]""","=""2""",,"=""T5223""","=""L2634""",
Ar,2,"=""765.4031""","=""0.0008""","=""765.403148""","=""0.000024""","=""2""","=""""",,"=""145668.8845""","=""158730.2995""","=""3s2.3p4.(3P).3d""","=""2P""","=""3/2""","=""3s2.3p4.(3P).4p""","=""2D*""","=""5/2""",,"=""""","=""L14821""",
Ar,1,"=""""","=""""","=""767.00571""","=""""","=""""","=""2.8e+05""",D,"=""105617.2700""","=""118651.3950""","=""3s2.3p5.(2P*<3/2>).4p""","=""2[5/2]""","=""2""","=""3s2.3p5.(2P*<3/2>).4d""","=""2[1/2]*""","=""1""",,"=""T1218n""","=""""",
Ar,2,"=""768.0948""","=""0.0008""","=""768.094708""","=""0.000018""","=""2""","=""""",,"=""188766.2129""","=""201781.8583""","=""3s2.3p4.(3P).5p""","=""4P*""","=""5/2""","=""3s2.3p4.(3P).5d""","=""4P""","=""5/2""",,"=""""","=""L14821""",
Ar,2,"=""768.149""","=""0.002""","=""768.15053""","=""0.00004""","=""1""","=""""",,"=""195128.3735""","=""208143.0731""","=""3s2.3p4.(3P<2>).4f""","=""2[5]*""","=""9/2""","=""3s2.3p4.(3P).6d""","=""4F""","=""7/2""",,"=""""","=""L14821""",
Ar,2,"=""768.3458""","=""0.0008""","=""768.34675""","=""0.00005""","=""1""","=""""",,"=""147228.0521""","=""160239.4280""","=""3s2.3p4.(3P).3d""","=""4P""","=""1/2""","=""3s2.3p4.(3P).4p""","=""2P*""","=""3/2""",,"=""""","=""L14821""",
Ar,1,"=""""","=""""","=""770.482""","=""""","=""""","=""6.3e+04""",D,"=""106237.5518""","=""119212.87""","=""3s2.3p5.(2P*<3/2>).4p""","=""2[3/2]""","=""2""","=""3s2.3p5.(2P*<3/2>).4d""","=""2[7/2]*""","=""3""",,"=""T1218n""","=""""",
Ar,1,"=""772.3761""","=""""","=""772.37600""","=""""","=""15000""","=""5.2e+06""",B+,"=""93143.7600""","=""106087.2598""","=""3s2.3p5.(2P*<3/2>).4s""","=""2[3/2]*""","=""2""","=""3s2.3p5.(2P*<3/2>).4p""","=""2[3/2]""","=""1""",,"=""T5223""","=""L2634""",
Ar,1,"=""772.4207""","=""""","=""772.42067""","=""""","=""10000""","=""1.17e+07""",B+,"=""94553.6652""","=""107496.4166""","=""3s2.3p5.(2P*<1/2>).4s""","=""2[1/2]*""","=""0""","=""3s2.3p5.(2P*<1/2>).4p""","=""2[1/2]""","=""1""",,"=""T5223""","=""L2634""",
Ar,2,"=""774.242""","=""0.002""","=""774.241928""","=""0.000024""","=""1""","=""""",,"=""196103.4029""","=""209015.7090""","=""3s2.3p4.(3P<1>).4f""","=""2[4]*""","=""9/2""","=""3s2.3p4.(3P).6d""","=""2F""","=""7/2""",,"=""""","=""L14821""",
Ar,3,"=""775.106""","=""0.010""","=""775.111""","=""0.005""","=""*""","=""8.3e-02""",C,"=""1112.17""","=""14010.00""","=""3s2.3p4""","=""3P""","=""1""","=""3s2.3p4""","=""1D""","=""2""",M1,"=""T335,T761""","=""L3452""",
Ar,3,"=""775.106""","=""0.010""","=""775.111""","=""0.005""","=""*""","=""1.3e-04""",D,"=""1112.17""","=""14010.00""","=""3s2.3p4""","=""3P""","=""1""","=""3s2.3p4""","=""1D""","=""2""",E2,"=""T761""","=""L3452""",
Ar,2,"=""775.328""","=""0.002""","=""775.32731""","=""0.00003""","=""1""","=""""",,"=""194800.2662""","=""207694.4965""","=""3s2.3p4.(3P<2>).4f""","=""2[4]*""","=""9/2""","=""3s2.3p4.(3P).6d""","=""4D""","=""7/2""",,"=""""","=""L14821""",
Ar,2,"=""775.366""","=""0.002""","=""775.36773""","=""0.00006""","=""0""","=""""",,"=""196305.1289""","=""209198.6869""","=""3s2.3p4.(3P<1>).4f""","=""2[3]*""","=""7/2""","=""3s2.3p4.(3P).6d""","=""4P""","=""5/2""",,"=""""","=""L14821""",
Ar,2,"=""775.7003""","=""0.0008""","=""775.70131""","=""0.00012""","=""1""","=""""",,"=""192333.4986""","=""205221.512""","=""3s2.3p4.(1S).4p""","=""2P*""","=""1/2""","=""3s2.3p4.(3P).5d""","=""2P""","=""3/2""",,"=""""","=""L14821""",
Ar,2,"=""779.5410""","=""0.0008""","=""779.54187""","=""0.00003""","=""2""","=""""",,"=""183797.4473""","=""196621.9658""","=""3s2.3p4.(3P).4d""","=""4D""","=""5/2""","=""3s2.3p4.(3P<0>).4f""","=""2[3]*""","=""7/2""",,"=""""","=""L14821""",
Ar,1,"=""""","=""""","=""779.85609""","=""""","=""""","=""8.7e+04""",D+,"=""106087.2598""","=""118906.6110""","=""3s2.3p5.(2P*<3/2>).4p""","=""2[3/2]""","=""1""","=""3s2.3p5.(2P*<3/2>).4d""","=""2[3/2]*""","=""2""",,"=""T1218n""","=""""",
Ar,2,"=""780.2252""","=""0.0008""","=""780.22638""","=""0.00005""","=""1""","=""""",,"=""195123.6464""","=""207936.9137""","=""3s2.3p4.(3P<2>).4f""","=""2[5]*""","=""11/2""","=""3s2.3p4.(3P).6d""","=""4F""","=""9/2""",,"=""""","=""L14821""",
Ar,2,"=""783.777""","=""0.002""","=""783.77562""","=""0.00006""","=""0""","=""""",,"=""196621.9658""","=""209377.2099""","=""3s2.3p4.(3P<0>).4f""","=""2[3]*""","=""7/2""","=""3s2.3p4.(3P).6d""","=""2F""","=""5/2""",,"=""""","=""L14821""",
Ar,2,"=""783.925""","=""0.002""","=""783.92568""","=""0.00004""","=""0""","=""""",,"=""190592.2306""","=""203345.0332""","=""3s2.3p4.(3P).4d""","=""2P""","=""3/2""","=""3s2.3p4.(3P).6p""","=""2D*""","=""3/2""",,"=""""","=""L14821""",
Ar,2,"=""784.6555""","=""0.0008""","=""784.656599""","=""0.000019""","=""2""","=""""",,"=""189040.9351""","=""201781.8583""","=""3s2.3p4.(3P).5p""","=""4P*""","=""3/2""","=""3s2.3p4.(3P).5d""","=""4P""","=""5/2""",,"=""""","=""L14821""",
Ar,2,"=""784.9409""","=""0.0004""","=""784.94053""","=""0.00003""","=""9""","=""""",,"=""147503.1134""","=""160239.4280""","=""3s2.3p4.(3P).3d""","=""4P""","=""3/2""","=""3s2.3p4.(3P).4p""","=""2P*""","=""3/2""",,"=""""","=""L11520""",
Ar,1,"=""""","=""""","=""786.81945""","=""""","=""""","=""3.50e+05""",C,"=""107054.2720""","=""119760.1725""","=""3s2.3p5.(2P*<3/2>).4p""","=""2[1/2]""","=""0""","=""3s2.3p5.(2P*<3/2>).6s""","=""2[3/2]*""","=""1""",,"=""T1218n""","=""""",
Ar,1,"=""789.1075""","=""""","=""789.10751""","=""""","=""10""","=""9.5e+05""",C,"=""106237.5518""","=""118906.6110""","=""3s2.3p5.(2P*<3/2>).4p""","=""2[3/2]""","=""2""","=""3s2.3p5.(2P*<3/2>).4d""","=""2[3/2]*""","=""2""",,"=""T1218n""","=""L2634""",
Ar,2,"=""789.467""","=""0.002""","=""789.4675""","=""0.0019""","=""0.5""","=""""",,"=""202149.1571""","=""214812.44""","=""3s2.3p4.(3P).6p""","=""4P*""","=""5/2""","=""3s2.3p4.(3P).8d""","=""4D""","=""7/2""",,"=""""","=""L14821""",
Ar,2,"=""790.4770""","=""0.0008""","=""790.47847""","=""0.00006""","=""2""","=""""",,"=""183986.0137""","=""196633.1005""","=""3s2.3p4.(3P).4d""","=""4D""","=""3/2""","=""3s2.3p4.(3P<0>).4f""","=""2[3]*""","=""5/2""",,"=""""","=""L14821""",
Ar,2,"=""791.5813""","=""0.0008""","=""791.58127""","=""0.00004""","=""1""","=""""",,"=""183675.6614""","=""196305.1289""","=""3s2.3p4.(3P).4d""","=""4D""","=""7/2""","=""3s2.3p4.(3P<1>).4f""","=""2[3]*""","=""7/2""",,"=""""","=""L14821""",
Ar,1,"=""""","=""""","=""791.64418""","=""""","=""""","=""1.2e+05""",D+,"=""107131.7086""","=""119760.1725""","=""3s2.3p5.(2P*<1/2>).4p""","=""2[3/2]""","=""1""","=""3s2.3p5.(2P*<3/2>).6s""","=""2[3/2]*""","=""1""",,"=""T1218n""","=""""",
Ar,2,"=""792.735""","=""0.002""","=""792.7352""","=""0.0008""","=""2h,p""","=""""",,"=""191974.5800""","=""204585.664""","=""3s2.3p4.(1S).4p""","=""2P*""","=""3/2""","=""3s2.3p4.(3P).5d""","=""2D""","=""5/2""",,"=""""","=""L14821""",
Ar,2,"=""794.047""","=""0.004""","=""794.04851""","=""0.00009""","=""1bl,i""","=""""",,"=""160239.4280""","=""172829.6539""","=""3s2.3p4.(3P).4p""","=""2P*""","=""3/2""","=""3s2.3p4.(1D).3d""","=""2D""","=""3/2""",,"=""""","=""L14821""",
Ar,2,"=""794.351""","=""0.002""","=""794.35273""","=""0.00003""","=""0.5""","=""""",,"=""188766.2129""","=""201351.6169""","=""3s2.3p4.(3P).5p""","=""4P*""","=""5/2""","=""3s2.3p4.(3P).5d""","=""4F""","=""5/2""",,"=""""","=""L14821""",
Ar,1,"=""794.8176""","=""""","=""794.81759""","=""""","=""20000""","=""1.86e+07""",B,"=""94553.6652""","=""107131.7086""","=""3s2.3p5.(2P*<1/2>).4s""","=""2[1/2]*""","=""0""","=""3s2.3p5.(2P*<1/2>).4p""","=""2[3/2]""","=""1""",,"=""T5223""","=""L2634""",
Ar,1,"=""""","=""""","=""796.50647""","=""""","=""""","=""3.4e+04""",E,"=""107131.7086""","=""119683.0821""","=""3s2.3p5.(2P*<1/2>).4p""","=""2[3/2]""","=""1""","=""3s2.3p5.(2P*<3/2>).6s""","=""2[3/2]*""","=""2""",,"=""T1203""","=""""",
Ar,2,"=""798.361""","=""0.002""","=""798.36117""","=""0.00005""","=""1h""","=""""",,"=""192556.9179""","=""205079.1331""","=""3s2.3p4.(3P).4d""","=""2D""","=""5/2""","=""3s2.3p4.(3P<2>).5f""","=""2[2]*""","=""5/2""",,"=""""","=""L14821""",
Ar,2,"=""799.290""","=""0.002""","=""799.28885""","=""0.00004""","=""1""","=""""",,"=""183797.4473""","=""196305.1289""","=""3s2.3p4.(3P).4d""","=""4D""","=""5/2""","=""3s2.3p4.(3P<1>).4f""","=""2[3]*""","=""7/2""",,"=""""","=""L14821""",